type,split,cycle,run,line,task_id,submitted_ts_ms,assigned_ts_ms,claimed_ts_ms,completed_ts_ms,assignments
bench_attempt,pilot1,0,,line-0,pilot1-0000,1790335111091,1790335116300,1790335120048,1790335127411,1
bench_attempt,pilot1,0,,line-0,pilot1-0001,1790335111621,1790335130827,1790335132988,1790335139509,1
bench_attempt,pilot1,0,,line-0,pilot1-0002,1790335112160,1790335142957,1790335145134,1790335151717,1
bench_attempt,pilot1,0,,line-0,pilot1-0003,1790335112629,1790335155296,1790335157765,1790335164603,1
bench_attempt,pilot1,0,,line-0,pilot1-0004,1790335113091,1790335168213,1790335170398,1790335177276,1
bench_attempt,pilot1,0,,line-0,pilot1-0005,1790335113611,1790335180816,1790335183001,1790335189643,1
bench_attempt,pilot1,0,,line-0,pilot1-0006,1790335114104,1790335193024,1790335195175,1790335201802,1
bench_attempt,pilot1,0,,line-0,pilot1-0007,1790335114543,1790335205303,1790335207657,1790335214728,1
bench_attempt,pilot1,0,,line-0,pilot1-0008,1790335115026,1790335218578,1790335220758,1790335227742,1
bench_attempt,pilot1,0,,line-0,pilot1-0009,1790335115498,1790335231246,1790335233546,1790335240588,1
bench_verify,pilot1,0,,line-0,pilot1-0000,1790335131365,1790335244131,1790335246303,1790335253541,1
bench_verify,pilot1,0,,line-0,pilot1-0001,1790335143473,1790335257085,1790335258860,1790335266274,1
bench_verify,pilot1,0,,line-0,pilot1-0002,1790335155831,1790335269291,1790335271059,1790335278391,1
bench_verify,pilot1,0,,line-0,pilot1-0003,1790335168737,1790335281459,1790335282835,1790335290381,1
bench_verify,pilot1,0,,line-0,pilot1-0004,1790335181351,1790335293400,1790335294844,1790335302053,1
bench_verify,pilot1,0,,line-0,pilot1-0005,1790335193565,1790335304982,1790335306581,1790335313920,1
bench_verify,pilot1,0,,line-0,pilot1-0006,1790335205759,1790335316879,1790335318744,1790335326080,1
bench_verify,pilot1,0,,line-0,pilot1-0007,1790335219087,1790335328881,1790335330356,1790335337888,1
bench_verify,pilot1,0,,line-0,pilot1-0008,1790335231780,1790335340764,1790335342189,1790335349593,1
bench_verify,pilot1,0,,line-0,pilot1-0009,1790335244595,1790335352540,1790335353967,1790335361355,1
bench_attempt,pilot1,1,,line-0,pilot1-0000,1790335383338,1790335384276,1790335385601,,1
bench_attempt,pilot1,2,,line-0,pilot1-0000,1790583493474,1790583498359,1790583501749,1790583507090,1
bench_attempt,pilot1,2,,honest,pilot1-0000,1790583493501,1790583509891,1790583512437,1790583555271,1
bench_attempt,pilot1,2,,pressure,pilot1-0000,1790583493529,1790583557879,1790583560435,1790583572038,1
bench_attempt,pilot1,2,,cheater,pilot1-0000,1790583493549,1790583574755,1790583577436,1790583593467,1
bench_attempt,pilot1,2,,line-0,pilot1-0001,1790583493568,1790583596143,1790583598693,1790583604487,1
bench_attempt,pilot1,2,,honest,pilot1-0001,1790583493587,1790583607446,1790583610062,1790583623139,1
bench_attempt,pilot1,2,,pressure,pilot1-0001,1790583493606,1790583625889,1790583628366,1790583650230,1
bench_attempt,pilot1,2,,cheater,pilot1-0001,1790583493626,1790583652897,1790583655421,1790583675970,1
bench_attempt,pilot1,2,,line-0,pilot1-0002,1790583493645,1790583679054,1790583681521,1790583686809,1
bench_attempt,pilot1,2,,honest,pilot1-0002,1790583493664,1790583689926,1790583692300,1790583717937,1
bench_attempt,pilot1,2,,pressure,pilot1-0002,1790583493684,1790583720548,1790583723011,1790583742108,1
bench_attempt,pilot1,2,,cheater,pilot1-0002,1790583493704,1790583744779,1790583747261,1790583770604,1
bench_attempt,pilot1,2,,line-0,pilot1-0003,1790583493722,1790583773242,1790583775752,1790583780987,1
bench_attempt,pilot1,2,,honest,pilot1-0003,1790583493740,1790583783825,1790583786348,1790583798588,1
bench_attempt,pilot1,2,,pressure,pilot1-0003,1790583493758,1790583801178,1790583803679,1790583812858,1
bench_attempt,pilot1,2,,cheater,pilot1-0003,1790583493777,1790583815557,1790583818126,1790583832412,1
bench_attempt,pilot1,2,,line-0,pilot1-0004,1790583493796,1790583835113,1790583837612,1790583843566,1
bench_attempt,pilot1,2,,honest,pilot1-0004,1790583493814,1790583846376,1790583849047,1790583873784,1
bench_attempt,pilot1,2,,pressure,pilot1-0004,1790583493832,1790583876413,1790583878961,1790583902274,1
bench_attempt,pilot1,2,,cheater,pilot1-0004,1790583493852,1790583904947,1790583907361,1790583925550,1
bench_attempt,pilot1,2,,line-0,pilot1-0005,1790583493870,1790583928184,1790583930680,1790583936833,1
bench_attempt,pilot1,2,,honest,pilot1-0005,1790583493889,1790583939666,1790583942265,1790583949786,1
bench_attempt,pilot1,2,,pressure,pilot1-0005,1790583493907,1790583952546,1790583955146,1790583965029,1
bench_attempt,pilot1,2,,cheater,pilot1-0005,1790583493926,1790583967664,1790583970205,1790583981017,1
bench_attempt,pilot1,2,,line-0,pilot1-0006,1790583493944,1790583983685,1790583986387,1790583991635,1
bench_attempt,pilot1,2,,honest,pilot1-0006,1790583493962,1790583994578,1790583997199,1790584009349,1
bench_attempt,pilot1,2,,pressure,pilot1-0006,1790583493980,1790584011996,1790584014434,1790584031518,1
bench_attempt,pilot1,2,,cheater,pilot1-0006,1790583494000,1790584034230,1790584036691,1790584050322,1
bench_attempt,pilot1,2,,line-0,pilot1-0007,1790583494018,1790584052936,1790584055505,1790584060744,1
bench_attempt,pilot1,2,,honest,pilot1-0007,1790583494036,1790584064202,1790584066646,1790584091400,1
bench_attempt,pilot1,2,,pressure,pilot1-0007,1790583494054,1790584094050,1790584096613,1790584118649,1
bench_attempt,pilot1,2,,cheater,pilot1-0007,1790583494074,1790584121308,1790584123929,1790584146367,1
bench_attempt,pilot1,2,,line-0,pilot1-0008,1790583494092,1790584149163,1790584151812,1790584157033,1
bench_attempt,pilot1,2,,honest,pilot1-0008,1790583494110,1790584160001,1790584162573,1790584170284,1
bench_attempt,pilot1,2,,pressure,pilot1-0008,1790583494128,1790584172922,1790584175465,1790584186012,1
bench_attempt,pilot1,2,,cheater,pilot1-0008,1790583494148,1790584188673,1790584191244,1790584202862,1
bench_attempt,pilot1,2,,line-0,pilot1-0009,1790583494166,1790584205637,1790584208269,1790584213602,1
bench_attempt,pilot1,2,,honest,pilot1-0009,1790583494184,1790584216402,1790584219028,1790584231135,1
bench_attempt,pilot1,2,,pressure,pilot1-0009,1790583494202,1790584233863,1790584236450,1790584254103,1
bench_attempt,pilot1,2,,cheater,pilot1-0009,1790583494221,1790584256884,1790584259491,,3
bench_attempt,pilot1,2,,line-0,pilot1-0010,1790583494239,1790587667747,1790587669295,1790587674577,1
bench_attempt,pilot1,2,,honest,pilot1-0010,1790583494257,1790587677439,1790587679806,1790587694573,1
bench_attempt,pilot1,2,,pressure,pilot1-0010,1790583494275,1790587697263,1790587699890,1790587710127,1
bench_attempt,pilot1,2,,cheater,pilot1-0010,1790583494295,1790587712873,1790587715330,1790587727585,1
bench_attempt,pilot1,2,,line-0,pilot1-0011,1790583494314,1790587730268,1790587732746,1790587738632,1
bench_attempt,pilot1,2,,honest,pilot1-0011,1790583494332,1790587741695,1790587744181,1790587760490,1
bench_attempt,pilot1,2,,pressure,pilot1-0011,1790583494350,1790587763263,1790587765656,1790587779043,1
bench_attempt,pilot1,2,,cheater,pilot1-0011,1790583494369,1790587781760,1790587784286,1790587796066,1
bench_attempt,pilot1,2,,line-0,pilot1-0012,1790583494387,1790587798794,1790587801401,1790587807298,1
bench_attempt,pilot1,2,,honest,pilot1-0012,1790583494405,1790587810262,1790587813247,1790587823974,1
bench_attempt,pilot1,2,,pressure,pilot1-0012,1790583494424,1790587826703,1790587829282,1790587836722,1
bench_attempt,pilot1,2,,cheater,pilot1-0012,1790583494443,1790587839503,1790587841903,1790587852888,1
bench_attempt,pilot1,2,,line-0,pilot1-0013,1790583494461,1790587855588,1790587858072,1790587863255,1
bench_attempt,pilot1,2,,honest,pilot1-0013,1790583494479,1790587866121,1790587868716,1790587876359,1
bench_attempt,pilot1,2,,pressure,pilot1-0013,1790583494497,1790587879248,1790587881706,1790587888579,1
bench_attempt,pilot1,2,,cheater,pilot1-0013,1790583494516,1790587891269,1790587893748,1790587904145,1
bench_attempt,pilot1,2,,line-0,pilot1-0014,1790583494535,1790587906850,1790587909326,1790587914624,1
bench_attempt,pilot1,2,,honest,pilot1-0014,1790583494553,1790587917495,1790587920036,1790587931928,1
bench_attempt,pilot1,2,,pressure,pilot1-0014,1790583494571,1790587934762,1790587937350,1790587954160,1
bench_attempt,pilot1,2,,cheater,pilot1-0014,1790583494591,1790587956813,1790587959308,1790587976086,1
bench_attempt,pilot1,2,,line-0,pilot1-0015,1790583494609,1790587978961,1790587981381,1790587986819,1
bench_attempt,pilot1,2,,honest,pilot1-0015,1790583494627,1790587989742,1790587992176,1790588018543,1
bench_attempt,pilot1,2,,pressure,pilot1-0015,1790583494645,1790588021228,1790588023808,1790588056361,1
bench_attempt,pilot1,2,,cheater,pilot1-0015,1790583494665,1790588059196,1790588061593,1790588109182,1
bench_attempt,pilot1,2,,line-0,pilot1-0016,1790583494684,1790588112488,1790588114968,1790588120322,1
bench_attempt,pilot1,2,,honest,pilot1-0016,1790583494702,1790588123302,1790588125794,1790588140697,1
bench_attempt,pilot1,2,,pressure,pilot1-0016,1790583494720,1790588143440,1790588146009,1790588158503,1
bench_attempt,pilot1,2,,cheater,pilot1-0016,1790583494739,1790588161220,1790588163773,1790588179650,1
bench_attempt,pilot1,2,,line-0,pilot1-0017,1790583494757,1790588183008,1790588185671,1790588191008,1
bench_attempt,pilot1,2,,honest,pilot1-0017,1790583494775,1790588194090,1790588196445,1790588210537,1
bench_attempt,pilot1,2,,pressure,pilot1-0017,1790583494793,1790588213178,1790588215704,1790588225257,1
bench_attempt,pilot1,2,,cheater,pilot1-0017,1790583494812,1790588227923,1790588230529,1790588242962,1
bench_attempt,pilot1,2,,line-0,pilot1-0018,1790583494830,1790588245769,1790588248335,1790588254091,1
bench_attempt,pilot1,2,,honest,pilot1-0018,1790583494848,1790588257004,1790588259694,1790588276651,1
bench_attempt,pilot1,2,,pressure,pilot1-0018,1790583494866,1790588279357,1790588281976,1790588302372,1
bench_attempt,pilot1,2,,cheater,pilot1-0018,1790583494886,1790588305184,1790588307664,1790588329453,1
bench_attempt,pilot1,2,,line-0,pilot1-0019,1790583494904,1790588332155,1790588334689,1790588340087,1
bench_attempt,pilot1,2,,honest,pilot1-0019,1790583494922,1790588342880,1790588345495,1790588353576,1
bench_attempt,pilot1,2,,pressure,pilot1-0019,1790583494941,1790588356281,1790588358829,1790588370607,1
bench_attempt,pilot1,2,,cheater,pilot1-0019,1790583494961,1790588373294,1790588376107,1790588388879,1
bench_attempt,pilot1,2,,line-0,pilot1-0020,1790583494978,1790588391647,1790588394196,1790588400101,1
bench_attempt,pilot1,2,,honest,pilot1-0020,1790583494996,1790588403103,1790588405487,1790588434972,1
bench_attempt,pilot1,2,,pressure,pilot1-0020,1790583495014,1790588437722,1790588440486,1790588464847,1
bench_attempt,pilot1,2,,cheater,pilot1-0020,1790583495034,1790588467629,1790588470273,1790588501317,1
bench_attempt,pilot1,2,,line-0,pilot1-0021,1790583495052,1790588504066,1790588506581,1790588512570,1
bench_attempt,pilot1,2,,honest,pilot1-0021,1790583495070,1790588515487,1790588518027,1790588525595,1
bench_attempt,pilot1,2,,pressure,pilot1-0021,1790583495088,1790588528299,1790588530793,1790588537908,1
bench_attempt,pilot1,2,,cheater,pilot1-0021,1790583495107,1790588541347,1790588543746,1790588554709,1
bench_attempt,pilot1,2,,line-0,pilot1-0023,1790583495126,1790588557454,1790588560008,1790588565325,1
bench_attempt,pilot1,2,,honest,pilot1-0023,1790583495144,1790588568260,1790588570837,,1
bench_attempt,pilot1,2,,pressure,pilot1-0023,1790583495162,1790588590176,1790588591710,,1
bench_attempt,pilot1,2,,cheater,pilot1-0023,1790583495181,1790588606939,1790588608501,,1
bench_attempt,pilot1,2,,line-0,pilot1-0025,1790583495200,1790588625392,1790588627087,1790588632505,1
bench_attempt,pilot1,2,,honest,pilot1-0025,1790583495218,1790588636022,1790588638527,1790588653452,1
bench_attempt,pilot1,2,,pressure,pilot1-0025,1790583495236,1790588656520,1790588659050,1790588673105,1
bench_attempt,pilot1,2,,cheater,pilot1-0025,1790583495255,1790588675877,1790588678526,1790588690103,1
bench_attempt,pilot1,2,,line-0,pilot1-0026,1790583495273,1790588692958,1790588695602,1790588701592,1
bench_attempt,pilot1,2,,honest,pilot1-0026,1790583495291,1790588704584,1790588707075,1790588720908,1
bench_attempt,pilot1,2,,pressure,pilot1-0026,1790583495309,1790588723973,1790588726600,1790588738830,1
bench_attempt,pilot1,2,,cheater,pilot1-0026,1790583495328,1790588741521,1790588744153,1790588756360,1
bench_attempt,pilot1,2,,line-0,pilot1-0027,1790583495346,1790588759271,1790588761812,1790588767574,1
bench_attempt,pilot1,2,,honest,pilot1-0027,1790583495365,1790588770573,1790588773012,1790588785426,1
bench_attempt,pilot1,2,,pressure,pilot1-0027,1790583495383,1790588788076,1790588790701,1790588802818,1
bench_attempt,pilot1,2,,cheater,pilot1-0027,1790583495402,1790588805560,1790588807945,1790588823193,1
bench_attempt,pilot1,2,,line-0,pilot1-0028,1790583495420,1790588826048,1790588828639,1790588834639,1
bench_attempt,pilot1,2,,honest,pilot1-0028,1790583495438,1790588837664,1790588840276,1790588847872,1
bench_attempt,pilot1,2,,pressure,pilot1-0028,1790583495456,1790588850547,1790588853137,1790588860648,1
bench_attempt,pilot1,2,,cheater,pilot1-0028,1790583495476,1790588863175,1790588865745,1790588877379,1
bench_attempt,pilot1,2,,line-0,pilot1-0029,1790583495494,1790588880114,1790588882676,1790588888051,1
bench_attempt,pilot1,2,,honest,pilot1-0029,1790583495512,1790588891005,1790588893554,1790588905030,1
bench_attempt,pilot1,2,,pressure,pilot1-0029,1790583495529,1790588907747,1790588910517,1790588921370,1
bench_attempt,pilot1,2,,cheater,pilot1-0029,1790583495549,1790588924141,1790588926899,1790588948428,1
bench_attempt,pilot1,2,,line-0,pilot1-0030,1790583495567,1790588951139,1790588953687,1790588959100,1
bench_attempt,pilot1,2,,honest,pilot1-0030,1790583495585,1790588962175,1790588964597,1790588976718,1
bench_attempt,pilot1,2,,pressure,pilot1-0030,1790583495605,1790588979570,1790588982119,1790588994410,1
bench_attempt,pilot1,2,,cheater,pilot1-0030,1790583495624,1790588997230,1790588999913,1790589011652,1
bench_attempt,pilot1,2,,line-0,pilot1-0031,1790583495642,1790589014302,1790589017213,1790589022641,1
bench_attempt,pilot1,2,,honest,pilot1-0031,1790583495660,1790589025643,1790589028221,1790589035600,1
bench_attempt,pilot1,2,,pressure,pilot1-0031,1790583495678,1790589038926,1790589041475,1790589052383,1
bench_attempt,pilot1,2,,cheater,pilot1-0031,1790583495698,1790589055205,1790589057842,1790589067907,1
bench_attempt,pilot1,2,,line-0,pilot1-0032,1790583495716,1790589070640,1790589073336,1790589078611,1
bench_attempt,pilot1,2,,honest,pilot1-0032,1790583495734,1790589081535,1790589084127,1790589110740,1
bench_attempt,pilot1,2,,pressure,pilot1-0032,1790583495752,1790589113585,1790589116211,1790589147134,1
bench_attempt,pilot1,2,,cheater,pilot1-0032,1790583495771,1790589150011,1790589152547,1790589171619,1
bench_attempt,pilot1,2,,line-0,pilot1-0034,1790583495789,1790589174386,1790589177094,1790589182550,1
bench_attempt,pilot1,2,,honest,pilot1-0034,1790583495807,1790589185599,1790589188216,1790589199582,1
bench_attempt,pilot1,2,,pressure,pilot1-0034,1790583495826,1790589202390,1790589205053,1790589216641,1
bench_attempt,pilot1,2,,cheater,pilot1-0034,1790583495845,1790589219493,1790589222029,1790589233225,1
bench_attempt,pilot1,2,,line-0,pilot1-0035,1790583495863,1790589235970,1790589238706,1790589244716,1
bench_attempt,pilot1,2,,honest,pilot1-0035,1790583495881,1790589247731,1790589250239,1790589257870,1
bench_attempt,pilot1,2,,pressure,pilot1-0035,1790583495899,1790589260719,1790589263393,1790589270666,1
bench_attempt,pilot1,2,,cheater,pilot1-0035,1790583495918,1790589273528,1790589276217,1790589286812,1
bench_attempt,pilot1,2,,line-0,pilot1-0036,1790583495936,1790589289685,1790589292404,1790589297908,1
bench_attempt,pilot1,2,,honest,pilot1-0036,1790583495954,1790589301016,1790589303817,1790589317520,1
bench_attempt,pilot1,2,,pressure,pilot1-0036,1790583495972,1790589320322,1790589323202,1790589334968,1
bench_attempt,pilot1,2,,cheater,pilot1-0036,1790583495992,1790589337732,1790589340475,1790589357738,1
bench_attempt,pilot1,2,,line-0,pilot1-0037,1790583496010,1790589360483,1790589363164,1790589368488,1
bench_attempt,pilot1,2,,honest,pilot1-0037,1790583496028,1790589371535,1790589374020,1790589389805,1
bench_attempt,pilot1,2,,pressure,pilot1-0037,1790583496046,1790589393176,1790589395798,1790589411647,1
bench_attempt,pilot1,2,,cheater,pilot1-0037,1790583496065,1790589414447,1790589416914,1790589431492,1
bench_attempt,pilot1,2,,line-0,pilot1-0038,1790583496083,1790589434465,1790589437034,1790589443045,1
bench_attempt,pilot1,2,,honest,pilot1-0038,1790583496101,1790589445998,1790589448785,1790589469367,1
bench_attempt,pilot1,2,,pressure,pilot1-0038,1790583496119,1790589472835,1790589475400,1790589499265,1
bench_attempt,pilot1,2,,cheater,pilot1-0038,1790583496138,1790589502121,1790589504808,1790589531164,1
bench_attempt,pilot1,2,,line-0,pilot1-0039,1790583496156,1790589534603,1790589537219,1790589542702,1
bench_attempt,pilot1,2,,honest,pilot1-0039,1790583496174,1790589545795,1790589548461,1790589592909,1
bench_attempt,pilot1,2,,pressure,pilot1-0039,1790583496192,1790589595469,1790589598069,1790589624517,1
bench_attempt,pilot1,2,,cheater,pilot1-0039,1790583496212,1790589627472,1790589630241,1790589673062,1
bench_attempt,pilot1,2,,line-0,pilot1-0040,1790583496231,1790589675806,1790589678441,1790589684564,1
bench_attempt,pilot1,2,,honest,pilot1-0040,1790583496249,1790589687538,1790589690133,1790589702374,1
bench_attempt,pilot1,2,,pressure,pilot1-0040,1790583496267,1790589705212,1790589707890,1790589719291,1
bench_attempt,pilot1,2,,cheater,pilot1-0040,1790583496286,1790589722107,1790589724888,1790589736843,1
bench_attempt,pilot1,2,,line-0,pilot1-0041,1790583496304,1790589739709,1790589742353,1790589748563,1
bench_attempt,pilot1,2,,honest,pilot1-0041,1790583496322,1790589751598,1790589754304,1790589769719,1
bench_attempt,pilot1,2,,pressure,pilot1-0041,1790583496340,1790589772415,1790589774994,1790589802424,1
bench_attempt,pilot1,2,,cheater,pilot1-0041,1790583496360,1790589805272,1790589807958,1790589821718,1
bench_attempt,pilot1,2,,line-0,pilot1-0042,1790583496377,1790589824433,1790589827079,1790589832588,1
bench_attempt,pilot1,2,,honest,pilot1-0042,1790583496395,1790589835582,1790589838366,1790589860550,1
bench_attempt,pilot1,2,,pressure,pilot1-0042,1790583496414,1790589863370,1790589866131,1790589885937,1
bench_attempt,pilot1,2,,cheater,pilot1-0042,1790583496433,1790589888516,1790589891271,1790589913080,1
bench_attempt,pilot1,2,,line-0,pilot1-0043,1790583496451,1790589915853,1790589918491,1790589923967,1
bench_attempt,pilot1,2,,honest,pilot1-0043,1790583496470,1790589927010,1790589929664,1790589937799,1
bench_attempt,pilot1,2,,pressure,pilot1-0043,1790583496490,1790589941165,1790589943721,1790589955346,1
bench_attempt,pilot1,2,,cheater,pilot1-0043,1790583496512,1790589958229,1790589960970,1790589973411,1
bench_attempt,pilot1,2,,line-0,pilot1-0044,1790583496532,1790589976230,1790589978913,1790589984197,1
bench_attempt,pilot1,2,,honest,pilot1-0044,1790583496550,1790589987891,1790589990583,1790590001992,1
bench_attempt,pilot1,2,,pressure,pilot1-0044,1790583496568,1790590004926,1790590007462,1790590014948,1
bench_attempt,pilot1,2,,cheater,pilot1-0044,1790583496587,1790590018367,1790590021094,1790590032763,1
bench_attempt,pilot1,2,,line-0,pilot1-0045,1790583496605,1790590035558,1790590038299,1790590043844,1
bench_attempt,pilot1,2,,honest,pilot1-0045,1790583496623,1790590046933,1790590049563,1790590103108,1
bench_attempt,pilot1,2,,pressure,pilot1-0045,1790583496641,1790590105926,1790590108492,1790590156364,1
bench_attempt,pilot1,2,,cheater,pilot1-0045,1790583496661,1790590159270,1790590161975,1790590185674,1
bench_attempt,pilot1,2,,line-0,pilot1-0046,1790583496679,1790590188481,1790590191184,1790590196992,1
bench_attempt,pilot1,2,,honest,pilot1-0046,1790583496697,1790590200603,1790590203344,1790590251191,1
bench_attempt,pilot1,2,,pressure,pilot1-0046,1790583496714,1790590254106,1790590256745,1790590300784,1
bench_attempt,pilot1,2,,cheater,pilot1-0046,1790583496734,1790590303703,1790590306363,1790590356106,1
bench_attempt,pilot1,2,,line-0,pilot1-0047,1790583496752,1790590358982,1790590361605,1790590367115,1
bench_attempt,pilot1,2,,honest,pilot1-0047,1790583496770,1790590370782,1790590373550,1790590386125,1
bench_attempt,pilot1,2,,pressure,pilot1-0047,1790583496788,1790590388841,1790590391502,1790590403800,1
bench_attempt,pilot1,2,,cheater,pilot1-0047,1790583496808,1790590406709,1790590409347,1790590422900,1
bench_attempt,pilot1,2,,line-0,pilot1-0022,1790583496825,1790590425785,1790590428409,1790590433848,1
bench_attempt,pilot1,2,,honest,pilot1-0022,1790583496844,1790590436989,1790590439639,1790590494666,1
bench_attempt,pilot1,2,,pressure,pilot1-0022,1790583496862,1790590499085,1790590501753,1790590567558,1
bench_attempt,pilot1,2,,cheater,pilot1-0022,1790583496881,1790590570386,1790590572989,1790590616497,1
bench_attempt,pilot1,2,,line-0,pilot1-0024,1790583496899,1790590619378,1790590622133,1790590628280,1
bench_attempt,pilot1,2,,honest,pilot1-0024,1790583496917,1790590631463,1790590634172,1790590658342,1
bench_attempt,pilot1,2,,pressure,pilot1-0024,1790583496935,1790590661230,1790590663899,1790590686680,1
bench_attempt,pilot1,2,,cheater,pilot1-0024,1790583496955,1790590689614,1790590692308,1790590723859,1
bench_attempt,pilot1,2,,line-0,pilot1-0033,1790583496972,1790590726826,1790590729667,1790590735198,1
bench_attempt,pilot1,2,,honest,pilot1-0033,1790583496991,1790590738242,1790590740948,1790590781619,1
bench_attempt,pilot1,2,,pressure,pilot1-0033,1790583497009,1790590785505,1790590788244,1790590821313,1
bench_attempt,pilot1,2,,cheater,pilot1-0033,1790583497028,1790590824180,1790590827051,1790590910975,1
bench_attempt,pilot1,2,,line-0,pilot1-0048,1790583497046,1790590914342,1790590916953,1790590922461,1
bench_attempt,pilot1,2,,honest,pilot1-0048,1790583497064,1790590925625,1790590928397,1790590974848,1
bench_attempt,pilot1,2,,pressure,pilot1-0048,1790583497082,1790590977955,1790590980642,1790591000939,1
bench_attempt,pilot1,2,,cheater,pilot1-0048,1790583497102,1790591003865,1790591006588,1790591037001,1
bench_attempt,pilot1,2,,line-0,pilot1-0055,1790583497120,1790591039988,1790591043093,1790591052915,1
bench_attempt,pilot1,2,,honest,pilot1-0055,1790583497138,1790591055968,1790591058581,1790591084128,1
bench_attempt,pilot1,2,,pressure,pilot1-0055,1790583497155,1790591086796,1790591089491,1790591116313,1
bench_attempt,pilot1,2,,cheater,pilot1-0055,1790583497175,1790591119321,1790591121974,1790591154841,1
bench_verify,pilot1,2,,line-0,pilot1-0000,1790583510877,1790591157801,1790591160571,1790591169081,1
bench_verify,pilot1,2,,honest,pilot1-0000,1790583558863,1790591172217,1790591173891,1790591182058,1
bench_verify,pilot1,2,,pressure,pilot1-0000,1790583575707,1790591185099,1790591186905,1790591195024,1
bench_verify,pilot1,2,,cheater,pilot1-0000,1790583597038,1790591198170,1790591200084,1790591209109,1
bench_verify,pilot1,2,,line-0,pilot1-0001,1790583608395,1790591212305,1790591214278,1790591222343,1
bench_verify,pilot1,2,,honest,pilot1-0001,1790583626806,1790591225498,1790591227378,1790591235702,1
bench_verify,pilot1,2,,pressure,pilot1-0001,1790583653901,1790591238923,1790591240578,1790591248757,1
bench_verify,pilot1,2,,cheater,pilot1-0001,1790583679955,1790591251771,1790591253688,1790591262093,1
bench_verify,pilot1,2,,line-0,pilot1-0002,1790583690795,1790591265238,1790591267070,1790591275180,1
bench_verify,pilot1,2,,honest,pilot1-0002,1790583721514,1790591278879,1790591280775,1790591289115,1
bench_verify,pilot1,2,,pressure,pilot1-0002,1790583745653,1790591292104,1790591293894,1790591302725,1
bench_verify,pilot1,2,,cheater,pilot1-0002,1790583774132,1790591305872,1790591307540,1790591315936,1
bench_verify,pilot1,2,,line-0,pilot1-0003,1790583784709,1790591319013,1790591320783,1790591329017,1
bench_verify,pilot1,2,,honest,pilot1-0003,1790583802064,1790591332031,1790591333889,1790591342016,1
bench_verify,pilot1,2,,pressure,pilot1-0003,1790583816504,1790591345159,1790591347041,1790591355427,1
bench_verify,pilot1,2,,cheater,pilot1-0003,1790583836021,1790591358482,1790591360279,1790591368511,1
bench_verify,pilot1,2,,line-0,pilot1-0004,1790583847332,1790591371598,1790591373381,1790591381719,1
bench_verify,pilot1,2,,honest,pilot1-0004,1790583877296,1790591384976,1790591386729,1790591394902,1
bench_verify,pilot1,2,,pressure,pilot1-0004,1790583905844,1790591397998,1790591399748,1790591407996,1
bench_verify,pilot1,2,,cheater,pilot1-0004,1790583929170,1790591411783,1790591413565,1790591421737,1
bench_verify,pilot1,2,,line-0,pilot1-0005,1790583940657,1790591424810,1790591426571,1790591435069,1
bench_verify,pilot1,2,,honest,pilot1-0005,1790583953463,1790591438126,1790591439904,1790591448108,1
bench_verify,pilot1,2,,pressure,pilot1-0005,1790583968610,1790591451400,1790591453200,1790591461430,1
bench_verify,pilot1,2,,cheater,pilot1-0005,1790583984646,1790591464595,1790591466452,1790591474743,1
bench_verify,pilot1,2,,line-0,pilot1-0006,1790583995540,1790591477789,1790591479575,1790591487686,1
bench_verify,pilot1,2,,honest,pilot1-0006,1790584012897,1790591490796,1790591492588,1790591501331,1
bench_verify,pilot1,2,,pressure,pilot1-0006,1790584035121,1790591504935,1790591506685,1790591514778,1
bench_verify,pilot1,2,,cheater,pilot1-0006,1790584053866,1790591517798,1790591519601,1790591527857,1
bench_verify,pilot1,2,,line-0,pilot1-0007,1790584065090,1790591530937,1790591532622,1790591540836,1
bench_verify,pilot1,2,,honest,pilot1-0007,1790584094936,1790591543882,1790591545705,1790591553944,1
bench_verify,pilot1,2,,pressure,pilot1-0007,1790584122247,1790591557024,1790591558791,1790591567861,1
bench_verify,pilot1,2,,cheater,pilot1-0007,1790584150173,1790591570942,1790591572784,1790591581094,1
bench_verify,pilot1,2,,line-0,pilot1-0008,1790584161033,1790591584265,1790591586133,1790591594626,1
bench_verify,pilot1,2,,honest,pilot1-0008,1790584173835,1790591598986,1790591601488,1790591609732,1
bench_verify,pilot1,2,,pressure,pilot1-0008,1790584189687,1790591613027,1790591614827,1790591623177,1
bench_verify,pilot1,2,,cheater,pilot1-0008,1790584206650,1790591626227,1790591628021,1790591636072,1
bench_verify,pilot1,2,,line-0,pilot1-0009,1790584217345,1790591639116,1790591641080,1790591649209,1
bench_verify,pilot1,2,,honest,pilot1-0009,1790584234749,1790591652450,1790591654221,,1
bench_verify,pilot1,2,,pressure,pilot1-0009,1790584257851,1790591661914,1790591663537,,1
bench_verify,pilot1,2,,line-0,pilot1-0010,1790587678358,1790591671410,1790591673108,1790591681812,1
bench_verify,pilot1,2,,honest,pilot1-0010,1790587698174,1790591684892,1790591686736,1790591694850,1
bench_verify,pilot1,2,,pressure,pilot1-0010,1790587713764,1790591697898,1790591699729,1790591708022,1
bench_verify,pilot1,2,,cheater,pilot1-0010,1790587731222,1790591711123,1790591712991,1790591721218,1
bench_verify,pilot1,2,,line-0,pilot1-0011,1790587742616,1790591725019,1790591726927,1790591735078,1
bench_verify,pilot1,2,,honest,pilot1-0011,1790587764151,1790591738219,1790591740042,1790591748646,1
bench_verify,pilot1,2,,pressure,pilot1-0011,1790587782731,1790591751893,1790591753706,1790591761959,1
bench_verify,pilot1,2,,cheater,pilot1-0011,1790587799804,1790591765009,1790591766830,1790591775260,1
bench_verify,pilot1,2,,line-0,pilot1-0012,1790587811237,1790591778396,1790591780111,1790591788284,1
bench_verify,pilot1,2,,honest,pilot1-0012,1790587827688,1790591791919,1790591793654,1790591801881,1
bench_verify,pilot1,2,,pressure,pilot1-0012,1790587840442,1790591805087,1790591806944,1790591816324,1
bench_verify,pilot1,2,,cheater,pilot1-0012,1790587856503,1790591819458,1790591821434,1790591829650,1
bench_verify,pilot1,2,,line-0,pilot1-0013,1790587867113,1790591832939,1790591834645,1790591842940,1
bench_verify,pilot1,2,,honest,pilot1-0013,1790587880195,1790591846014,1790591847928,1790591856149,1
bench_verify,pilot1,2,,pressure,pilot1-0013,1790587892196,1790591859161,1790591860916,1790591869083,1
bench_verify,pilot1,2,,cheater,pilot1-0013,1790587907841,1790591872088,1790591873930,1790591882756,1
bench_verify,pilot1,2,,line-0,pilot1-0014,1790587918473,1790591885752,1790591887528,1790591896272,1
bench_verify,pilot1,2,,honest,pilot1-0014,1790587935716,1790591899390,1790591901210,1790591909605,1
bench_verify,pilot1,2,,pressure,pilot1-0014,1790587957811,1790591912701,1790591914679,1790591923293,1
bench_verify,pilot1,2,,cheater,pilot1-0014,1790587979880,1790591926419,1790591928941,1790591937503,1
bench_verify,pilot1,2,,line-0,pilot1-0015,1790587990652,1790591941139,1790591942973,1790591951313,1
bench_verify,pilot1,2,,honest,pilot1-0015,1790588022214,1790591954431,1790591956181,1790591965014,1
bench_verify,pilot1,2,,pressure,pilot1-0015,1790588060100,1790591968070,1790591969780,1790591978155,1
bench_verify,pilot1,2,,cheater,pilot1-0015,1790588113476,1790591981299,1790591983250,1790591991718,1
bench_verify,pilot1,2,,line-0,pilot1-0016,1790588124199,1790591994825,1790591996568,1790592004847,1
bench_verify,pilot1,2,,honest,pilot1-0016,1790588144431,1790592007958,1790592009742,1790592018077,1
bench_verify,pilot1,2,,pressure,pilot1-0016,1790588162207,1790592021199,1790592023166,1790592031506,1
bench_verify,pilot1,2,,cheater,pilot1-0016,1790588184010,1790592034619,1790592036323,1790592044779,1
bench_verify,pilot1,2,,line-0,pilot1-0017,1790588195011,1790592047889,1790592049828,1790592058230,1
bench_verify,pilot1,2,,honest,pilot1-0017,1790588214118,1790592061317,1790592063169,1790592071424,1
bench_verify,pilot1,2,,pressure,pilot1-0017,1790588228876,1790592074564,1790592076266,1790592084583,1
bench_verify,pilot1,2,,cheater,pilot1-0017,1790588246670,1790592087621,1790592089334,1790592098156,1
bench_verify,pilot1,2,,line-0,pilot1-0018,1790588258046,1790592101404,1790592103235,1790592111635,1
bench_verify,pilot1,2,,honest,pilot1-0018,1790588280388,1790592114741,1790592116666,1790592124937,1
bench_verify,pilot1,2,,pressure,pilot1-0018,1790588306170,1790592128009,1790592129911,1790592138212,1
bench_verify,pilot1,2,,cheater,pilot1-0018,1790588333159,1790592141420,1790592143295,1790592151578,1
bench_verify,pilot1,2,,line-0,pilot1-0019,1790588343921,1790592154683,1790592156477,1790592164689,1
bench_verify,pilot1,2,,honest,pilot1-0019,1790588357322,1790592167867,1790592169768,1790592178240,1
bench_verify,pilot1,2,,pressure,pilot1-0019,1790588374391,1790592181308,1790592183133,1790592191615,1
bench_verify,pilot1,2,,cheater,pilot1-0019,1790588392633,1790592194920,1790592196658,1790592205306,1
bench_verify,pilot1,2,,line-0,pilot1-0020,1790588404096,1790592208393,1790592210204,1790592218646,1
bench_verify,pilot1,2,,honest,pilot1-0020,1790588438730,1790592222413,1790592224209,1790592232713,1
bench_verify,pilot1,2,,pressure,pilot1-0020,1790588468643,1790592235998,1790592237776,1790592246587,1
bench_verify,pilot1,2,,cheater,pilot1-0020,1790588505107,1790592249720,1790592251658,1790592260242,1
bench_verify,pilot1,2,,line-0,pilot1-0021,1790588516491,1790592263395,1790592265160,1790592274325,1
bench_verify,pilot1,2,,honest,pilot1-0021,1790588529229,1790592277527,1790592279308,1790592287660,1
bench_verify,pilot1,2,,pressure,pilot1-0021,1790588542252,1790592290797,1790592292641,1790592301200,1
bench_verify,pilot1,2,,cheater,pilot1-0021,1790588558475,1790592305036,1790592306923,1790592315432,1
bench_verify,pilot1,2,,line-0,pilot1-0023,1790588569217,1790592318670,1790592320601,1790592328907,1
bench_verify,pilot1,2,,line-0,pilot1-0025,1790588636945,1790592332189,1790592333981,1790592342257,1
bench_verify,pilot1,2,,honest,pilot1-0025,1790588657541,1790592345390,1790592347194,1790592355745,1
bench_verify,pilot1,2,,pressure,pilot1-0025,1790588676913,1790592358826,1790592360624,1790592368918,1
bench_verify,pilot1,2,,cheater,pilot1-0025,1790588693996,1790592371979,1790592373724,1790592381977,1
bench_verify,pilot1,2,,line-0,pilot1-0026,1790588705492,1790592385261,1790592387161,1790592395811,1
bench_verify,pilot1,2,,honest,pilot1-0026,1790588724916,1790592399032,1790592400997,1790592409322,1
bench_verify,pilot1,2,,pressure,pilot1-0026,1790588742515,1790592412431,1790592414226,1790592422718,1
bench_verify,pilot1,2,,cheater,pilot1-0026,1790588760183,1790592425892,1790592427675,1790592436181,1
bench_verify,pilot1,2,,line-0,pilot1-0027,1790588771471,1790592439281,1790592441030,1790592449456,1
bench_verify,pilot1,2,,honest,pilot1-0027,1790588789095,1790592452612,1790592454539,1790592462834,1
bench_verify,pilot1,2,,pressure,pilot1-0027,1790588806466,1790592465883,1790592467725,1790592476157,1
bench_verify,pilot1,2,,cheater,pilot1-0027,1790588826965,1790592479391,1790592481286,1790592491163,1
bench_verify,pilot1,2,,line-0,pilot1-0028,1790588838648,1790592494327,1790592496166,1790592504341,1
bench_verify,pilot1,2,,honest,pilot1-0028,1790588851581,1790592507483,1790592509465,1790592518046,1
bench_verify,pilot1,2,,pressure,pilot1-0028,1790588864175,1790592521874,1790592523797,1790592532211,1
bench_verify,pilot1,2,,cheater,pilot1-0028,1790588881170,1790592535375,1790592537190,1790592545639,1
bench_verify,pilot1,2,,line-0,pilot1-0029,1790588891944,1790592548881,1790592550750,1790592559637,1
bench_verify,pilot1,2,,honest,pilot1-0029,1790588908738,1790592562688,1790592564501,1790592572867,1
bench_verify,pilot1,2,,pressure,pilot1-0029,1790588925180,1790592576004,1790592577779,1790592586203,1
bench_verify,pilot1,2,,cheater,pilot1-0029,1790588952136,1790592589527,1790592591299,1790592599668,1
bench_verify,pilot1,2,,line-0,pilot1-0030,1790588963114,1790592602779,1790592604627,1790592612819,1
bench_verify,pilot1,2,,honest,pilot1-0030,1790588980587,1790592615952,1790592617778,1790592626664,1
bench_verify,pilot1,2,,pressure,pilot1-0030,1790588998292,1790592629863,1790592631566,1790592640238,1
bench_verify,pilot1,2,,cheater,pilot1-0030,1790589015295,1790592643357,1790592645168,1790592653675,1
bench_verify,pilot1,2,,line-0,pilot1-0031,1790589026709,1790592656756,1790592658545,1790592668144,1
bench_verify,pilot1,2,,honest,pilot1-0031,1790589039862,1790592671357,1790592673245,1790592681608,1
bench_verify,pilot1,2,,pressure,pilot1-0031,1790589056247,1790592684758,1790592686693,1790592695228,1
bench_verify,pilot1,2,,cheater,pilot1-0031,1790589071701,1790592698393,1790592700287,1790592709229,1
bench_verify,pilot1,2,,line-0,pilot1-0032,1790589082569,1790592712460,1790592714359,1790592723354,1
bench_verify,pilot1,2,,honest,pilot1-0032,1790589114576,1790592726521,1790592728339,1790592736952,1
bench_verify,pilot1,2,,pressure,pilot1-0032,1790589150934,1790592740157,1790592742041,1790592750344,1
bench_verify,pilot1,2,,cheater,pilot1-0032,1790589175463,1790592753510,1790592755281,1790592763804,1
bench_verify,pilot1,2,,line-0,pilot1-0034,1790589186520,1790592767105,1790592769072,1790592777419,1
bench_verify,pilot1,2,,honest,pilot1-0034,1790589203377,1790592780520,1790592782265,1790592790640,1
bench_verify,pilot1,2,,pressure,pilot1-0034,1790589220512,1790592793843,1790592795717,1790592804002,1
bench_verify,pilot1,2,,cheater,pilot1-0034,1790589237020,1790592807099,1790592809014,1790592818592,1
bench_verify,pilot1,2,,line-0,pilot1-0035,1790589248636,1790592824134,1790592825936,1790592834448,1
bench_verify,pilot1,2,,honest,pilot1-0035,1790589261718,1790592837551,1790592839394,1790592847833,1
bench_verify,pilot1,2,,pressure,pilot1-0035,1790589274478,1790592851251,1790592853100,1790592861591,1
bench_verify,pilot1,2,,cheater,pilot1-0035,1790589290703,1790592864722,1790592866665,1790592874982,1
bench_verify,pilot1,2,,line-0,pilot1-0036,1790589302084,1790592878113,1790592880021,1790592889172,1
bench_verify,pilot1,2,,honest,pilot1-0036,1790589321347,1790592892333,1790592894236,1790592903342,1
bench_verify,pilot1,2,,pressure,pilot1-0036,1790589338772,1790592906498,1790592908312,1790592916670,1
bench_verify,pilot1,2,,cheater,pilot1-0036,1790589361531,1790592920093,1790592921960,1790592930573,1
bench_verify,pilot1,2,,line-0,pilot1-0037,1790589372476,1790592933714,1790592935637,1790592944212,1
bench_verify,pilot1,2,,honest,pilot1-0037,1790589394164,1790592947322,1790592949056,1790592957344,1
bench_verify,pilot1,2,,pressure,pilot1-0037,1790589415356,1790592960490,1790592962224,1790592970716,1
bench_verify,pilot1,2,,cheater,pilot1-0037,1790589435478,1790592973969,1790592975750,1790592984062,1
bench_verify,pilot1,2,,line-0,pilot1-0038,1790589447034,1790592987298,1790592989030,1790592997497,1
bench_verify,pilot1,2,,honest,pilot1-0038,1790589473767,1790593000568,1790593002391,1790593010727,1
bench_verify,pilot1,2,,pressure,pilot1-0038,1790589503079,1790593014040,1790593015879,1790593024203,1
bench_verify,pilot1,2,,cheater,pilot1-0038,1790589535520,1790593027412,1790593029400,1790593038374,1
bench_verify,pilot1,2,,line-0,pilot1-0039,1790589546821,1790593041496,1790593043377,1790593052201,1
bench_verify,pilot1,2,,honest,pilot1-0039,1790589596446,1790593055442,1790593057277,1790593065738,1
bench_verify,pilot1,2,,pressure,pilot1-0039,1790589628489,1790593069020,1790593070800,1790593078961,1
bench_verify,pilot1,2,,cheater,pilot1-0039,1790589676834,1790593082209,1790593084004,1790593092513,1
bench_verify,pilot1,2,,line-0,pilot1-0040,1790589688575,1790593096660,1790593098583,1790593107061,1
bench_verify,pilot1,2,,honest,pilot1-0040,1790589706226,1790593110886,1790593112781,1790593121155,1
bench_verify,pilot1,2,,pressure,pilot1-0040,1790589723145,1790593124440,1790593126530,1790593134942,1
bench_verify,pilot1,2,,cheater,pilot1-0040,1790589740733,1790593138246,1790593140074,1790593148994,1
bench_verify,pilot1,2,,line-0,pilot1-0041,1790589752649,1790593152282,1790593154154,1790593162464,1
bench_verify,pilot1,2,,honest,pilot1-0041,1790589773438,1790593165838,1790593167759,1790593176332,1
bench_verify,pilot1,2,,pressure,pilot1-0041,1790589806235,1790593179598,1790593181453,1790593189796,1
bench_verify,pilot1,2,,cheater,pilot1-0041,1790589825373,1790593192886,1790593194720,1790593203223,1
bench_verify,pilot1,2,,line-0,pilot1-0042,1790589836608,1790593206520,1790593208327,1790593216788,1
bench_verify,pilot1,2,,honest,pilot1-0042,1790589864412,1790593220029,1790593221874,1790593230177,1
bench_verify,pilot1,2,,pressure,pilot1-0042,1790589889599,1790593233374,1790593235225,1790593243522,1
bench_verify,pilot1,2,,cheater,pilot1-0042,1790589916786,1790593246704,1790593248574,1790593257091,1
bench_verify,pilot1,2,,line-0,pilot1-0043,1790589927971,1790593260338,1790593262069,1790593270590,1
bench_verify,pilot1,2,,honest,pilot1-0043,1790589942171,1790593273762,1790593275779,1790593284333,1
bench_verify,pilot1,2,,pressure,pilot1-0043,1790589959195,1790593287571,1790593289502,1790593298466,1
bench_verify,pilot1,2,,cheater,pilot1-0043,1790589977206,1790593301728,1790593303584,1790593312251,1
bench_verify,pilot1,2,,line-0,pilot1-0044,1790589988920,1790593315460,1790593317262,1790593325557,1
bench_verify,pilot1,2,,honest,pilot1-0044,1790590005908,1790593328770,1790593330706,1790593339234,1
bench_verify,pilot1,2,,pressure,pilot1-0044,1790590019419,1790593342441,1790593344233,1790593352801,1
bench_verify,pilot1,2,,cheater,pilot1-0044,1790590036600,1790593356150,1790593357925,1790593366406,1
bench_verify,pilot1,2,,line-0,pilot1-0045,1790590047935,1790593369518,1790593371285,1790593379619,1
bench_verify,pilot1,2,,honest,pilot1-0045,1790590106907,1790593382851,1790593384742,1790593393279,1
bench_verify,pilot1,2,,pressure,pilot1-0045,1790590160318,1790593398518,1790593401528,1790593409809,1
bench_verify,pilot1,2,,cheater,pilot1-0045,1790590189471,1790593412957,1790593414810,1790593423402,1
bench_verify,pilot1,2,,line-0,pilot1-0046,1790590201636,1790593426623,1790593428338,1790593436676,1
bench_verify,pilot1,2,,honest,pilot1-0046,1790590255065,1790593440482,1790593442414,1790593450941,1
bench_verify,pilot1,2,,pressure,pilot1-0046,1790590304669,1790593454182,1790593455995,1790593464529,1
bench_verify,pilot1,2,,cheater,pilot1-0046,1790590359952,1790593467749,1790593469539,1790593479012,1
bench_verify,pilot1,2,,line-0,pilot1-0047,1790590371835,1790593482091,1790593483873,1790593492483,1
bench_verify,pilot1,2,,honest,pilot1-0047,1790590389880,1790593495759,1790593497692,1790593506123,1
bench_verify,pilot1,2,,pressure,pilot1-0047,1790590407725,1790593509354,1790593511238,1790593519606,1
bench_verify,pilot1,2,,cheater,pilot1-0047,1790590426755,1790593523433,1790593525129,1790593533591,1
bench_verify,pilot1,2,,line-0,pilot1-0022,1790590438006,1790593536727,1790593538545,1790593547293,1
bench_verify,pilot1,2,,honest,pilot1-0022,1790590500049,1790593550480,1790593552259,1790593560864,1
bench_verify,pilot1,2,,pressure,pilot1-0022,1790590571353,1790593564048,1790593565923,1790593574439,1
bench_verify,pilot1,2,,cheater,pilot1-0022,1790590620413,1790593577742,1790593579632,1790593588127,1
bench_verify,pilot1,2,,line-0,pilot1-0024,1790590632485,1790593591264,1790593593206,1790593601679,1
bench_verify,pilot1,2,,honest,pilot1-0024,1790590662179,1790593605426,1790593607203,1790593616050,1
bench_verify,pilot1,2,,pressure,pilot1-0024,1790590690572,1790593619300,1790593621407,1790593629836,1
bench_verify,pilot1,2,,cheater,pilot1-0024,1790590727810,1790593633017,1790593634874,1790593644185,1
bench_verify,pilot1,2,,line-0,pilot1-0033,1790590739239,1790593647328,1790593649202,1790593657520,1
bench_verify,pilot1,2,,honest,pilot1-0033,1790590786460,1790593660674,1790593662416,1790593670766,1
bench_verify,pilot1,2,,pressure,pilot1-0033,1790590825244,1790593673955,1790593675773,1790593685275,1
bench_verify,pilot1,2,,cheater,pilot1-0033,1790590915366,1790593688425,1790593690412,1790593698936,1
bench_verify,pilot1,2,,line-0,pilot1-0048,1790590926659,1790593702717,1790593704716,1790593713130,1
bench_verify,pilot1,2,,honest,pilot1-0048,1790590978909,1790593716295,1790593718248,1790593726938,1
bench_verify,pilot1,2,,pressure,pilot1-0048,1790591004860,1790593730065,1790593731851,1790593740864,1
bench_verify,pilot1,2,,cheater,pilot1-0048,1790591040973,1790593744099,1790593745993,1790593754599,1
bench_verify,pilot1,2,,line-0,pilot1-0055,1790591057016,1790593757878,1790593759735,1790593768110,1
bench_verify,pilot1,2,,honest,pilot1-0055,1790591087817,1790593771295,1790593773248,1790593781695,1
bench_verify,pilot1,2,,pressure,pilot1-0055,1790591120350,1790593784839,1790593786600,1790593796194,1
bench_verify,pilot1,2,,cheater,pilot1-0055,1790591158792,1790593800103,1790593802075,1790593810579,1
bench_attempt,pilot1,3,,line-0,pilot1-0049,1790599871786,1790599878104,1790599880764,1790599887430,1
bench_attempt,pilot1,3,,honest,pilot1-0049,1790599871813,1790599891015,1790599893991,1790599969916,1
bench_attempt,pilot1,3,,pressure,pilot1-0049,1790599871839,1790599973334,1790599976524,1790600018772,1
bench_attempt,pilot1,3,,cheater,pilot1-0049,1790599871866,1790600021822,1790600025050,1790600062666,1
bench_attempt,pilot1,3,,line-0,pilot1-0050,1790599871892,1790600066030,1790600069017,1790600075712,1
bench_attempt,pilot1,3,,honest,pilot1-0050,1790599871919,1790600079256,1790600082350,1790600098461,1
bench_attempt,pilot1,3,,pressure,pilot1-0050,1790599871946,1790600101791,1790600104881,1790600114633,1
bench_attempt,pilot1,3,,cheater,pilot1-0050,1790599871972,1790600117932,1790600121357,1790600143077,1
bench_attempt,pilot1,3,,line-0,pilot1-0051,1790599871998,1790600146453,1790600149347,1790600156032,1
bench_attempt,pilot1,3,,honest,pilot1-0051,1790599872025,1790600159555,1790600162789,1790600206079,1
bench_attempt,pilot1,3,,pressure,pilot1-0051,1790599872050,1790600209395,1790600212357,1790600266112,1
bench_attempt,pilot1,3,,cheater,pilot1-0051,1790599872076,1790600269544,1790600272452,1790600353675,1
bench_attempt,pilot1,3,,line-0,pilot1-0052,1790599872103,1790600356867,1790600361597,1790600370528,1
bench_attempt,pilot1,3,,honest,pilot1-0052,1790599872128,1790600373976,1790600377073,1790600387924,1
bench_attempt,pilot1,3,,pressure,pilot1-0052,1790599872153,1790600391149,1790600394177,1790600402175,1
bench_attempt,pilot1,3,,cheater,pilot1-0052,1790599872180,1790600405960,1790600408916,1790600420156,1
bench_attempt,pilot1,3,,line-0,pilot1-0053,1790599872205,1790600423417,1790600426522,1790600432575,1
bench_attempt,pilot1,3,,honest,pilot1-0053,1790599872230,1790600436103,1790600439099,1790600447611,1
bench_attempt,pilot1,3,,pressure,pilot1-0053,1790599872257,1790600450850,1790600453854,1790600462451,1
bench_attempt,pilot1,3,,cheater,pilot1-0053,1790599872282,1790600466280,1790600469355,1790600482084,1
bench_attempt,pilot1,3,,line-0,pilot1-0054,1790599872306,1790600485359,1790600488365,1790600494356,1
bench_attempt,pilot1,3,,honest,pilot1-0054,1790599872333,1790600497825,1790600500870,1790600512138,1
bench_attempt,pilot1,3,,pressure,pilot1-0054,1790599872358,1790600515376,1790600518384,1790600526423,1
bench_attempt,pilot1,3,,cheater,pilot1-0054,1790599872382,1790600529748,1790600532692,1790600543573,1
bench_attempt,pilot1,3,,line-0,pilot1-0056,1790599872409,1790600546827,1790600549820,1790600555826,1
bench_attempt,pilot1,3,,honest,pilot1-0056,1790599872434,1790600559934,1790600562873,1790600571304,1
bench_attempt,pilot1,3,,pressure,pilot1-0056,1790599872459,1790600575140,1790600578132,1790600586215,1
bench_attempt,pilot1,3,,cheater,pilot1-0056,1790599872486,1790600589562,1790600592601,1790600605949,1
bench_attempt,pilot1,3,,line-0,pilot1-0057,1790599872511,1790600609301,1790600612430,1790600619119,1
bench_attempt,pilot1,3,,honest,pilot1-0057,1790599872536,1790600622579,1790600625666,1790600634128,1
bench_attempt,pilot1,3,,pressure,pilot1-0057,1790599872563,1790600637817,1790600640973,1790600652526,1
bench_attempt,pilot1,3,,cheater,pilot1-0057,1790599872588,1790600655803,1790600658877,1790600671919,1
bench_attempt,pilot1,3,,line-0,pilot1-0058,1790599872613,1790600675136,1790600678098,1790600684838,1
bench_attempt,pilot1,3,,honest,pilot1-0058,1790599872640,1790600688346,1790600691617,1790600703958,1
bench_attempt,pilot1,3,,pressure,pilot1-0058,1790599872665,1790600706828,1790600709892,1790600732346,1
bench_attempt,pilot1,3,,cheater,pilot1-0058,1790599872690,1790600735621,1790600738669,1790600759065,1
bench_attempt,pilot1,3,,line-0,pilot1-0059,1790599872716,1790600762291,1790600765346,1790600771400,1
bench_attempt,pilot1,3,,honest,pilot1-0059,1790599872742,1790600774920,1790600777956,1790600939195,1
bench_attempt,pilot1,3,,pressure,pilot1-0059,1790599872766,1790600942462,1790600945372,1790601001663,1
bench_attempt,pilot1,3,,cheater,pilot1-0059,1790599872793,1790601004996,1790601008008,1790601142336,1
bench_attempt,pilot1,3,,line-0,pilot1-0060,1790599872818,1790601145619,1790601148628,1790601154587,1
bench_attempt,pilot1,3,,honest,pilot1-0060,1790599872843,1790601157999,1790601160934,1790601192596,1
bench_attempt,pilot1,3,,pressure,pilot1-0060,1790599872869,1790601195875,1790601198968,1790601230845,1
bench_attempt,pilot1,3,,cheater,pilot1-0060,1790599872894,1790601234713,1790601237738,1790601254838,1
bench_attempt,pilot1,3,,line-0,pilot1-0061,1790599872919,1790601258118,1790601261170,1790601268217,1
bench_attempt,pilot1,3,,honest,pilot1-0061,1790599872946,1790601271567,1790601274607,1790601297609,1
bench_attempt,pilot1,3,,pressure,pilot1-0061,1790599872970,1790601300913,1790601304026,1790601320880,1
bench_attempt,pilot1,3,,cheater,pilot1-0061,1790599872995,1790601324250,1790601327358,1790601345818,1
bench_attempt,pilot1,3,,line-0,pilot1-0062,1790599873022,1790601349118,1790601352044,1790601358136,1
bench_attempt,pilot1,3,,honest,pilot1-0062,1790599873047,1790601362256,1790601365372,1790601397450,1
bench_attempt,pilot1,3,,pressure,pilot1-0062,1790599873071,1790601400837,1790601403701,1790601422582,1
bench_attempt,pilot1,3,,cheater,pilot1-0062,1790599873098,1790601426539,1790601429571,1790601450844,1
bench_attempt,pilot1,3,,line-0,pilot1-0063,1790599873123,1790601454155,1790601457219,1790601464095,1
bench_attempt,pilot1,3,,honest,pilot1-0063,1790599873148,1790601467562,1790601470554,1790601493139,1
bench_attempt,pilot1,3,,pressure,pilot1-0063,1790599873174,1790601496506,1790601499523,1790601519742,1
bench_attempt,pilot1,3,,cheater,pilot1-0063,1790599873199,1790601523012,1790601525943,1790601546424,1
bench_attempt,pilot1,3,,line-0,pilot1-0064,1790599873224,1790601551473,1790601556583,1790601563403,1
bench_attempt,pilot1,3,,honest,pilot1-0064,1790599873250,1790601566898,1790601569816,1790601582536,1
bench_attempt,pilot1,3,,pressure,pilot1-0064,1790599873275,1790601585844,1790601588903,1790601601353,1
bench_attempt,pilot1,3,,cheater,pilot1-0064,1790599873300,1790601604736,1790601607653,1790601619914,1
bench_attempt,pilot1,3,,line-0,pilot1-0065,1790599873327,1790601623221,1790601626122,1790601632819,1
bench_attempt,pilot1,3,,honest,pilot1-0065,1790599873352,1790601636264,1790601639297,1790601663652,1
bench_attempt,pilot1,3,,pressure,pilot1-0065,1790599873377,1790601667162,1790601670057,1790601696757,1
bench_attempt,pilot1,3,,cheater,pilot1-0065,1790599873404,1790601700062,1790601703084,1790601724377,1
bench_attempt,pilot1,3,,line-0,pilot1-0066,1790599873429,1790601727752,1790601730812,1790601737617,1
bench_attempt,pilot1,3,,honest,pilot1-0066,1790599873454,1790601741714,1790601744833,1790601766651,1
bench_attempt,pilot1,3,,pressure,pilot1-0066,1790599873481,1790601769800,1790601772954,1790601793665,1
bench_attempt,pilot1,3,,cheater,pilot1-0066,1790599873505,1790601797630,1790601800712,1790601814449,1
bench_attempt,pilot1,3,,line-0,pilot1-0067,1790599873530,1790601817750,1790601820712,1790601827594,1
bench_attempt,pilot1,3,,honest,pilot1-0067,1790599873557,1790601831122,1790601834233,1790601848273,1
bench_attempt,pilot1,3,,pressure,pilot1-0067,1790599873582,1790601851638,1790601854814,1790601867377,1
bench_attempt,pilot1,3,,cheater,pilot1-0067,1790599873607,1790601870668,1790601873654,1790601896809,1
bench_attempt,pilot1,3,,line-0,pilot1-0069,1790599873634,1790601900116,1790601903132,1790601909230,1
bench_attempt,pilot1,3,,honest,pilot1-0069,1790599873658,1790601912717,1790601915818,1790601926497,1
bench_attempt,pilot1,3,,pressure,pilot1-0069,1790599873683,1790601929868,1790601932995,1790601950327,1
bench_attempt,pilot1,3,,cheater,pilot1-0069,1790599873710,1790601953656,1790601956773,1790601974004,1
bench_attempt,pilot1,3,,line-0,pilot1-0070,1790599873735,1790601977373,1790601980505,1790601986698,1
bench_attempt,pilot1,3,,honest,pilot1-0070,1790599873760,1790601990175,1790601993446,1790602002124,1
bench_attempt,pilot1,3,,pressure,pilot1-0070,1790599873786,1790602005467,1790602008561,1790602017597,1
bench_attempt,pilot1,3,,cheater,pilot1-0070,1790599873811,1790602020966,1790602024038,1790602037175,1
bench_attempt,pilot1,3,,line-0,pilot1-0071,1790599873836,1790602040593,1790602043880,1790602050707,1
bench_attempt,pilot1,3,,honest,pilot1-0071,1790599873862,1790602054304,1790602057497,1790602075783,1
bench_attempt,pilot1,3,,pressure,pilot1-0071,1790599873887,1790602079799,1790602082770,1790602112682,1
bench_attempt,pilot1,3,,cheater,pilot1-0071,1790599873912,1790602116124,1790602119723,1790602141812,1
bench_attempt,pilot1,3,,line-0,pilot1-0072,1790599873938,1790602145271,1790602148270,1790602154413,1
bench_attempt,pilot1,3,,honest,pilot1-0072,1790599873963,1790602158512,1790602161653,1790602175707,1
bench_attempt,pilot1,3,,pressure,pilot1-0072,1790599873988,1790602179024,1790602182103,1790602190848,1
bench_attempt,pilot1,3,,cheater,pilot1-0072,1790599874015,1790602194118,1790602197224,1790602211927,1
bench_attempt,pilot1,3,,line-0,pilot1-0073,1790599874040,1790602215299,1790602218327,1790602225295,1
bench_attempt,pilot1,3,,honest,pilot1-0073,1790599874065,1790602228777,1790602231853,1790602281444,1
bench_attempt,pilot1,3,,pressure,pilot1-0073,1790599874091,1790602284816,1790602287923,1790602353339,1
bench_attempt,pilot1,3,,cheater,pilot1-0073,1790599874116,1790602356398,1790602359576,1790602396033,1
bench_attempt,pilot1,3,,line-0,pilot1-0074,1790599874141,1790602399356,1790602402483,1790602408873,1
bench_attempt,pilot1,3,,honest,pilot1-0074,1790599874167,1790602412488,1790602415559,1790602425079,1
bench_attempt,pilot1,3,,pressure,pilot1-0074,1790599874192,1790602428356,1790602431610,1790602440186,1
bench_attempt,pilot1,3,,cheater,pilot1-0074,1790599874217,1790602443564,1790602446627,1790602458079,1
bench_attempt,pilot1,3,,line-0,pilot1-0075,1790599874244,1790602461376,1790602464585,1790602470742,1
bench_attempt,pilot1,3,,honest,pilot1-0075,1790599874269,1790602474339,1790602477397,1790602500844,1
bench_attempt,pilot1,3,,pressure,pilot1-0075,1790599874293,1790602504234,1790602507260,1790602531802,1
bench_attempt,pilot1,3,,cheater,pilot1-0075,1790599874320,1790602535192,1790602538262,1790602567014,1
bench_attempt,pilot1,3,,line-0,pilot1-0077,1790599874345,1790602570356,1790602573450,1790602579632,1
bench_attempt,pilot1,3,,honest,pilot1-0077,1790599874369,1790602583200,1790602586385,1790602614514,1
bench_attempt,pilot1,3,,pressure,pilot1-0077,1790599874396,1790602617957,1790602621132,1790602652230,1
bench_attempt,pilot1,3,,cheater,pilot1-0077,1790599874421,1790602655590,1790602658674,1790602684501,1
bench_attempt,pilot1,3,,line-0,pilot1-0078,1790599874446,1790602687939,1790602691225,1790602698064,1
bench_attempt,pilot1,3,,honest,pilot1-0078,1790599874473,1790602701643,1790602704910,1790602740848,1
bench_attempt,pilot1,3,,pressure,pilot1-0078,1790599874498,1790602744185,1790602747401,1790602785929,1
bench_attempt,pilot1,3,,cheater,pilot1-0078,1790599874523,1790602790072,1790602793188,1790602818469,1
bench_attempt,pilot1,3,,line-0,pilot1-0079,1790599874549,1790602821931,1790602824994,1790602831265,1
bench_attempt,pilot1,3,,honest,pilot1-0079,1790599874574,1790602834826,1790602837975,1790602862356,1
bench_attempt,pilot1,3,,pressure,pilot1-0079,1790599874599,1790602866226,1790602869389,1790602895364,1
bench_attempt,pilot1,3,,cheater,pilot1-0079,1790599874626,1790602898741,1790602901933,1790602932223,1
bench_attempt,pilot1,3,,line-0,pilot1-0080,1790599874651,1790602935611,1790602938737,1790602945155,1
bench_attempt,pilot1,3,,honest,pilot1-0080,1790599874675,1790602948869,1790602951968,1790602961933,1
bench_attempt,pilot1,3,,pressure,pilot1-0080,1790599874702,1790602965290,1790602968507,1790602981430,1
bench_attempt,pilot1,3,,cheater,pilot1-0080,1790599874728,1790602984889,1790602988014,1790603001747,1
bench_attempt,pilot1,3,,line-0,pilot1-0081,1790599874752,1790603005272,1790603008575,1790603015388,1
bench_attempt,pilot1,3,,honest,pilot1-0081,1790599874779,1790603018990,1790603022063,1790603030451,1
bench_attempt,pilot1,3,,pressure,pilot1-0081,1790599874804,1790603033615,1790603036581,1790603044353,1
bench_attempt,pilot1,3,,cheater,pilot1-0081,1790599874828,1790603048204,1790603051322,1790603063032,1
bench_attempt,pilot1,3,,line-0,pilot1-0084,1790599874855,1790603066368,1790603069660,1790603076950,1
bench_attempt,pilot1,3,,honest,pilot1-0084,1790599874880,1790603080601,1790603083637,1790603100027,1
bench_attempt,pilot1,3,,pressure,pilot1-0084,1790599874904,1790603103462,1790603106628,1790603120437,1
bench_attempt,pilot1,3,,cheater,pilot1-0084,1790599874931,1790603123821,1790603127111,1790603139781,1
bench_attempt,pilot1,3,,line-0,pilot1-0085,1790599874956,1790603143233,1790603146429,1790603153328,1
bench_attempt,pilot1,3,,honest,pilot1-0085,1790599874981,1790603156872,1790603160102,1790603176602,1
bench_attempt,pilot1,3,,pressure,pilot1-0085,1790599875007,1790603179922,1790603182888,1790603191942,1
bench_attempt,pilot1,3,,cheater,pilot1-0085,1790599875032,1790603195333,1790603198385,1790603211714,1
bench_attempt,pilot1,3,,line-0,pilot1-0086,1790599875057,1790603215126,1790603218442,1790603225450,1
bench_attempt,pilot1,3,,honest,pilot1-0086,1790599875083,1790603229167,1790603232369,1790603246311,1
bench_attempt,pilot1,3,,pressure,pilot1-0086,1790599875108,1790603249678,1790603252937,1790603262632,1
bench_attempt,pilot1,3,,cheater,pilot1-0086,1790599875133,1790603266082,1790603269340,1790603282452,1
bench_attempt,pilot1,3,,line-0,pilot1-0087,1790599875160,1790603285961,1790603289415,1790603295736,1
bench_attempt,pilot1,3,,honest,pilot1-0087,1790599875184,1790603299382,1790603302648,1790603325986,1
bench_attempt,pilot1,3,,pressure,pilot1-0087,1790599875209,1790603329440,1790603332650,1790603349524,1
bench_attempt,pilot1,3,,cheater,pilot1-0087,1790599875236,1790603352877,1790603356022,1790603368872,1
bench_attempt,pilot1,3,,line-0,pilot1-0088,1790599875260,1790603372255,1790603375363,1790603382335,1
bench_attempt,pilot1,3,,honest,pilot1-0088,1790599875285,1790603386036,1790603389160,1790603412016,1
bench_attempt,pilot1,3,,pressure,pilot1-0088,1790599875312,1790603415359,1790603418684,1790603428921,1
bench_attempt,pilot1,3,,cheater,pilot1-0088,1790599875337,1790603432396,1790603435594,1790603453631,1
bench_attempt,pilot1,3,,line-0,pilot1-0089,1790599875361,1790603457052,1790603460530,1790603467132,1
bench_attempt,pilot1,3,,honest,pilot1-0089,1790599875388,1790603470803,1790603474064,1790603490544,1
bench_attempt,pilot1,3,,pressure,pilot1-0089,1790599875413,1790603494645,1790603497880,1790603514559,1
bench_attempt,pilot1,3,,cheater,pilot1-0089,1790599875438,1790603518072,1790603521233,1790603543873,1
bench_attempt,pilot1,3,,line-0,pilot1-0090,1790599875465,1790603547246,1790603550559,1790603557010,1
bench_attempt,pilot1,3,,honest,pilot1-0090,1790599875489,1790603560684,1790603563709,1790603572096,1
bench_attempt,pilot1,3,,pressure,pilot1-0090,1790599875514,1790603575510,1790603578877,1790603586634,1
bench_attempt,pilot1,3,,cheater,pilot1-0090,1790599875541,1790603590380,1790603593532,1790603604708,1
bench_attempt,pilot1,3,,line-0,pilot1-0091,1790599875566,1790603608131,1790603611396,1790603617764,1
bench_attempt,pilot1,3,,honest,pilot1-0091,1790599875591,1790603621422,1790603624521,1790603636508,1
bench_attempt,pilot1,3,,pressure,pilot1-0091,1790599875619,1790603640013,1790603643327,1790603661468,1
bench_attempt,pilot1,3,,cheater,pilot1-0091,1790599875644,1790603665003,1790603668268,1790603683925,1
bench_attempt,pilot1,3,,line-0,pilot1-0092,1790599875669,1790603688085,1790603691336,1790603697729,1
bench_attempt,pilot1,3,,honest,pilot1-0092,1790599875696,1790603701355,1790603704395,1790603737268,1
bench_attempt,pilot1,3,,pressure,pilot1-0092,1790599875720,1790603740688,1790603743950,1790603770180,1
bench_attempt,pilot1,3,,cheater,pilot1-0092,1790599875745,1790603773694,1790603776944,1790603793530,1
bench_attempt,pilot1,3,,line-0,pilot1-0093,1790599875772,1790603797022,1790603800324,1790603807399,1
bench_attempt,pilot1,3,,honest,pilot1-0093,1790599875797,1790603811180,1790603814341,1790603831575,1
bench_attempt,pilot1,3,,pressure,pilot1-0093,1790599875822,1790603835007,1790603838415,1790603858329,1
bench_attempt,pilot1,3,,cheater,pilot1-0093,1790599875849,1790603861768,1790603865021,1790603885330,1
bench_attempt,pilot1,3,,line-0,pilot1-0094,1790599875873,1790603888728,1790603892062,1790603898714,1
bench_attempt,pilot1,3,,honest,pilot1-0094,1790599875898,1790603902399,1790603905670,1790603920268,1
bench_attempt,pilot1,3,,pressure,pilot1-0094,1790599875925,1790603923805,1790603927024,1790603940864,1
bench_attempt,pilot1,3,,cheater,pilot1-0094,1790599875950,1790603944327,1790603947555,1790603961699,1
bench_attempt,pilot1,3,,line-0,pilot1-0095,1790599875974,1790603965101,1790603968394,1790603975451,1
bench_attempt,pilot1,3,,honest,pilot1-0095,1790599876001,1790603979057,1790603982151,1790604000723,1
bench_attempt,pilot1,3,,pressure,pilot1-0095,1790599876025,1790604004157,1790604007698,1790604050898,1
bench_attempt,pilot1,3,,cheater,pilot1-0095,1790599876050,1790604054472,1790604057868,1790604077392,1
bench_attempt,pilot1,3,,line-0,pilot1-0096,1790599876077,1790604080798,1790604084134,1790604090714,1
bench_attempt,pilot1,3,,honest,pilot1-0096,1790599876101,1790604094390,1790604097465,1790604108190,1
bench_attempt,pilot1,3,,pressure,pilot1-0096,1790599876126,1790604111614,1790604114917,1790604128142,1
bench_attempt,pilot1,3,,cheater,pilot1-0096,1790599876153,1790604131599,1790604135022,1790604151751,1
bench_attempt,pilot1,3,,line-0,pilot1-0097,1790599876178,1790604155108,1790604158295,1790604164901,1
bench_attempt,pilot1,3,,honest,pilot1-0097,1790599876202,1790604168541,1790604171875,1790604184902,1
bench_attempt,pilot1,3,,pressure,pilot1-0097,1790599876229,1790604188333,1790604191600,1790604201363,1
bench_attempt,pilot1,3,,cheater,pilot1-0097,1790599876254,1790604204916,1790604208008,1790604221566,1
bench_attempt,pilot1,3,,line-0,pilot1-0098,1790599876279,1790604225030,1790604228305,1790604235461,1
bench_attempt,pilot1,3,,honest,pilot1-0098,1790599876305,1790604239137,1790604242420,1790604258993,1
bench_attempt,pilot1,3,,pressure,pilot1-0098,1790599876330,1790604263162,1790604266193,1790604278520,1
bench_attempt,pilot1,3,,cheater,pilot1-0098,1790599876355,1790604281953,1790604285246,1790604301594,1
bench_attempt,pilot1,3,,line-0,pilot1-0068,1790599876381,1790604305046,1790604308347,1790604315372,1
bench_attempt,pilot1,3,,honest,pilot1-0068,1790599876406,1790604319098,1790604322375,1790604353876,1
bench_attempt,pilot1,3,,pressure,pilot1-0068,1790599876431,1790604357287,1790604360450,1790604415971,1
bench_attempt,pilot1,3,,cheater,pilot1-0068,1790599876458,1790604419320,1790604422664,1790604452630,1
bench_attempt,pilot1,3,,line-0,pilot1-0076,1790599876483,1790604456075,1790604459396,1790604465866,1
bench_attempt,pilot1,3,,honest,pilot1-0076,1790599876507,1790604469528,1790604472657,1790604559101,1
bench_attempt,pilot1,3,,pressure,pilot1-0076,1790599876535,1790604562683,1790604565850,1790604715579,1
bench_attempt,pilot1,3,,cheater,pilot1-0076,1790599876562,1790604719070,1790604722375,1790604804479,1
bench_attempt,pilot1,3,,line-0,pilot1-0082,1790599876589,1790604809560,1790604812615,1790604819084,1
bench_attempt,pilot1,3,,honest,pilot1-0082,1790599876615,1790604822705,1790604825960,1790604840103,1
bench_attempt,pilot1,3,,pressure,pilot1-0082,1790599876640,1790604843449,1790604847067,1790604865298,1
bench_attempt,pilot1,3,,cheater,pilot1-0082,1790599876665,1790604868667,1790604871831,1790604903307,1
bench_attempt,pilot1,3,,line-0,pilot1-0083,1790599876692,1790604906904,1790604910135,1790604917260,1
bench_attempt,pilot1,3,,honest,pilot1-0083,1790599876717,1790604920967,1790604924226,1790604956656,1
bench_attempt,pilot1,3,,pressure,pilot1-0083,1790599876741,1790604959680,1790604962876,1790605008360,1
bench_attempt,pilot1,3,,cheater,pilot1-0083,1790599876768,1790605011885,1790605015130,1790605062256,1
bench_attempt,pilot1,3,,line-0,pilot1-0099,1790599876793,1790605066447,1790605069729,1790605076135,1
bench_attempt,pilot1,3,,honest,pilot1-0099,1790599876818,1790605079835,1790605083067,1790605117650,1
bench_attempt,pilot1,3,,pressure,pilot1-0099,1790599876844,1790605121173,1790605124354,1790605153518,1
bench_attempt,pilot1,3,,cheater,pilot1-0099,1790599876869,1790605157504,1790605160993,1790605191062,1
bench_verify,pilot1,3,,line-0,pilot1-0049,1790599892158,1790605194394,1790605197674,1790605207754,1
bench_verify,pilot1,3,,honest,pilot1-0049,1790599974461,1790605211485,1790605213653,1790605223668,1
bench_verify,pilot1,3,,pressure,pilot1-0049,1790600023053,1790605227566,1790605229777,1790605240130,1
bench_verify,pilot1,3,,cheater,pilot1-0049,1790600067161,1790605243840,1790605246037,1790605256144,1
bench_verify,pilot1,3,,line-0,pilot1-0050,1790600080386,1790605259833,1790605262036,1790605272192,1
bench_verify,pilot1,3,,honest,pilot1-0050,1790600102971,1790605275851,1790605277927,1790605288271,1
bench_verify,pilot1,3,,pressure,pilot1-0050,1790600119152,1790605291946,1790605294158,1790605304319,1
bench_verify,pilot1,3,,cheater,pilot1-0050,1790600147570,1790605308001,1790605310223,1790605320347,1
bench_verify,pilot1,3,,line-0,pilot1-0051,1790600160704,1790605324163,1790605326281,1790605336393,1
bench_verify,pilot1,3,,honest,pilot1-0051,1790600210556,1790605340125,1790605342299,1790605352387,1
bench_verify,pilot1,3,,pressure,pilot1-0051,1790600270706,1790605356196,1790605358324,1790605368404,1
bench_verify,pilot1,3,,cheater,pilot1-0051,1790600358006,1790605372177,1790605374326,1790605384407,1
bench_verify,pilot1,3,,line-0,pilot1-0052,1790600375160,1790605388117,1790605390336,1790605400421,1
bench_verify,pilot1,3,,honest,pilot1-0052,1790600392350,1790605404055,1790605406301,1790605416455,1
bench_verify,pilot1,3,,pressure,pilot1-0052,1790600407150,1790605420116,1790605422269,1790605432410,1
bench_verify,pilot1,3,,cheater,pilot1-0052,1790600424598,1790605436154,1790605438344,1790605448742,1
bench_verify,pilot1,3,,line-0,pilot1-0053,1790600437236,1790605452459,1790605454641,1790605464788,1
bench_verify,pilot1,3,,honest,pilot1-0053,1790600451987,1790605468443,1790605470430,1790605480589,1
bench_verify,pilot1,3,,pressure,pilot1-0053,1790600467411,1790605484199,1790605486253,1790605496406,1
bench_verify,pilot1,3,,cheater,pilot1-0053,1790600486550,1790605500101,1790605502314,1790605512434,1
bench_verify,pilot1,3,,line-0,pilot1-0054,1790600499031,1790605516141,1790605518401,1790605528837,1
bench_verify,pilot1,3,,honest,pilot1-0054,1790600516542,1790605532425,1790605534723,1790605544952,1
bench_verify,pilot1,3,,pressure,pilot1-0054,1790600530928,1790605548794,1790605550966,1790605561138,1
bench_verify,pilot1,3,,cheater,pilot1-0054,1790600548005,1790605564818,1790605567049,1790605577518,1
bench_verify,pilot1,3,,line-0,pilot1-0056,1790600561086,1790605581195,1790605583175,1790605593303,1
bench_verify,pilot1,3,,honest,pilot1-0056,1790600576253,1790605596957,1790605598980,1790605609219,1
bench_verify,pilot1,3,,pressure,pilot1-0056,1790600590756,1790605612907,1790605615092,1790605625210,1
bench_verify,pilot1,3,,cheater,pilot1-0056,1790600610488,1790605628992,1790605631184,1790605641569,1
bench_verify,pilot1,3,,line-0,pilot1-0057,1790600623761,1790605645453,1790605647571,1790605657812,1
bench_verify,pilot1,3,,honest,pilot1-0057,1790600638998,1790605661491,1790605663731,1790605674166,1
bench_verify,pilot1,3,,pressure,pilot1-0057,1790600656966,1790605677997,1790605680142,1790605690334,1
bench_verify,pilot1,3,,cheater,pilot1-0057,1790600676320,1790605694024,1790605696286,1790605706443,1
bench_verify,pilot1,3,,line-0,pilot1-0058,1790600689568,1790605710133,1790605712575,1790605726149,1
bench_verify,pilot1,3,,honest,pilot1-0058,1790600708025,1790605729972,1790605732139,1790605742341,1
bench_verify,pilot1,3,,pressure,pilot1-0058,1790600736802,1790605746014,1790605748254,1790605758422,1
bench_verify,pilot1,3,,cheater,pilot1-0058,1790600763404,1790605762194,1790605764332,1790605774578,1
bench_verify,pilot1,3,,line-0,pilot1-0059,1790600776096,1790605778210,1790605780277,1790605790488,1
bench_verify,pilot1,3,,honest,pilot1-0059,1790600943584,1790605794296,1790605796373,1790605806567,1
bench_verify,pilot1,3,,pressure,pilot1-0059,1790601006127,1790605810224,1790605812533,1790605822667,1
bench_verify,pilot1,3,,cheater,pilot1-0059,1790601146761,1790605826513,1790605828851,1790605839020,1
bench_verify,pilot1,3,,line-0,pilot1-0060,1790601159176,1790605842648,1790605844908,1790605855090,1
bench_verify,pilot1,3,,honest,pilot1-0060,1790601197050,1790605858713,1790605860788,1790605871381,1
bench_verify,pilot1,3,,pressure,pilot1-0060,1790601235853,1790605875246,1790605877499,1790605887957,1
bench_verify,pilot1,3,,cheater,pilot1-0060,1790601259307,1790605891697,1790605893901,1790605904163,1
bench_verify,pilot1,3,,line-0,pilot1-0061,1790601272793,1790605907970,1790605910276,1790605920522,1
bench_verify,pilot1,3,,honest,pilot1-0061,1790601302153,1790605924309,1790605926451,1790605936710,1
bench_verify,pilot1,3,,pressure,pilot1-0061,1790601325405,1790605940479,1790605942645,1790605953054,1
bench_verify,pilot1,3,,cheater,pilot1-0061,1790601350299,1790605956880,1790605959015,1790605969202,1
bench_verify,pilot1,3,,line-0,pilot1-0062,1790601363424,1790605972975,1790605975146,1790605985411,1
bench_verify,pilot1,3,,honest,pilot1-0062,1790601401996,1790605989046,1790605992894,1790606004746,1
bench_verify,pilot1,3,,pressure,pilot1-0062,1790601427700,1790606008559,1790606010687,1790606021246,1
bench_verify,pilot1,3,,cheater,pilot1-0062,1790601455293,1790606024994,1790606027217,1790606037440,1
bench_verify,pilot1,3,,line-0,pilot1-0063,1790601468711,1790606041224,1790606043432,1790606053629,1
bench_verify,pilot1,3,,honest,pilot1-0063,1790601497652,1790606057355,1790606059598,1790606069793,1
bench_verify,pilot1,3,,pressure,pilot1-0063,1790601524184,1790606073506,1790606075740,1790606085962,1
bench_verify,pilot1,3,,cheater,pilot1-0063,1790601552666,1790606089678,1790606091901,1790606102106,1
bench_verify,pilot1,3,,line-0,pilot1-0064,1790601568084,1790606105899,1790606108058,1790606118339,1
bench_verify,pilot1,3,,honest,pilot1-0064,1790601587032,1790606122071,1790606124313,1790606135666,1
bench_verify,pilot1,3,,pressure,pilot1-0064,1790601605896,1790606139407,1790606141393,1790606151591,1
bench_verify,pilot1,3,,cheater,pilot1-0064,1790601624363,1790606155319,1790606157310,1790606167558,1
bench_verify,pilot1,3,,line-0,pilot1-0065,1790601637505,1790606171376,1790606173514,1790606183719,1
bench_verify,pilot1,3,,honest,pilot1-0065,1790601668329,1790606187463,1790606189633,1790606199815,1
bench_verify,pilot1,3,,pressure,pilot1-0065,1790601701217,1790606203513,1790606205800,1790606216239,1
bench_verify,pilot1,3,,cheater,pilot1-0065,1790601728882,1790606220043,1790606222254,1790606232646,1
bench_verify,pilot1,3,,line-0,pilot1-0066,1790601742882,1790606236360,1790606238559,1790606248737,1
bench_verify,pilot1,3,,honest,pilot1-0066,1790601770974,1790606252470,1790606254527,1790606264819,1
bench_verify,pilot1,3,,pressure,pilot1-0066,1790601798897,1790606268586,1790606270782,1790606282047,1
bench_verify,pilot1,3,,cheater,pilot1-0066,1790601818925,1790606285865,1790606288220,1790606298639,1
bench_verify,pilot1,3,,line-0,pilot1-0067,1790601832333,1790606302516,1790606304628,1790606315084,1
bench_verify,pilot1,3,,honest,pilot1-0067,1790601852779,1790606318792,1790606320962,1790606331476,1
bench_verify,pilot1,3,,pressure,pilot1-0067,1790601871862,1790606335268,1790606337483,1790606347699,1
bench_verify,pilot1,3,,cheater,pilot1-0067,1790601901270,1790606351494,1790606354926,1790606366408,1
bench_verify,pilot1,3,,line-0,pilot1-0069,1790601913924,1790606370181,1790606372597,1790606382811,1
bench_verify,pilot1,3,,honest,pilot1-0069,1790601931093,1790606386640,1790606388877,1790606399148,1
bench_verify,pilot1,3,,pressure,pilot1-0069,1790601954837,1790606402815,1790606405095,1790606415528,1
bench_verify,pilot1,3,,cheater,pilot1-0069,1790601978556,1790606419323,1790606421523,1790606431790,1
bench_verify,pilot1,3,,line-0,pilot1-0070,1790601991445,1790606435571,1790606437836,1790606448086,1
bench_verify,pilot1,3,,honest,pilot1-0070,1790602006677,1790606451821,1790606453868,1790606464356,1
bench_verify,pilot1,3,,pressure,pilot1-0070,1790602022142,1790606468113,1790606470312,1790606480572,1
bench_verify,pilot1,3,,cheater,pilot1-0070,1790602041810,1790606484229,1790606486328,1790606496816,1
bench_verify,pilot1,3,,line-0,pilot1-0071,1790602055527,1790606500509,1790606502812,1790606513087,1
bench_verify,pilot1,3,,honest,pilot1-0071,1790602080996,1790606516766,1790606519082,1790606529377,1
bench_verify,pilot1,3,,pressure,pilot1-0071,1790602117295,1790606533096,1790606535409,1790606545647,1
bench_verify,pilot1,3,,cheater,pilot1-0071,1790602146426,1790606549363,1790606551639,1790606561924,1
bench_verify,pilot1,3,,line-0,pilot1-0072,1790602159731,1790606565733,1790606567922,1790606578214,1
bench_verify,pilot1,3,,honest,pilot1-0072,1790602180263,1790606582061,1790606584217,1790606594404,1
bench_verify,pilot1,3,,pressure,pilot1-0072,1790602195340,1790606598055,1790606600236,1790606610438,1
bench_verify,pilot1,3,,cheater,pilot1-0072,1790602216512,1790606614158,1790606616376,1790606626694,1
bench_verify,pilot1,3,,line-0,pilot1-0073,1790602229973,1790606630541,1790606632741,1790606643028,1
bench_verify,pilot1,3,,honest,pilot1-0073,1790602286048,1790606646813,1790606649031,1790606659277,1
bench_verify,pilot1,3,,pressure,pilot1-0073,1790602357598,1790606662990,1790606664995,1790606675243,1
bench_verify,pilot1,3,,cheater,pilot1-0073,1790602400588,1790606679023,1790606681263,1790606691575,1
bench_verify,pilot1,3,,line-0,pilot1-0074,1790602413695,1790606695434,1790606697569,1790606708073,1
bench_verify,pilot1,3,,honest,pilot1-0074,1790602429612,1790606711877,1790606714037,1790606724302,1
bench_verify,pilot1,3,,pressure,pilot1-0074,1790602444809,1790606728498,1790606730726,1790606741229,1
bench_verify,pilot1,3,,cheater,pilot1-0074,1790602462514,1790606745071,1790606747330,1790606757824,1
bench_verify,pilot1,3,,line-0,pilot1-0075,1790602475543,1790606761518,1790606763783,1790606774031,1
bench_verify,pilot1,3,,honest,pilot1-0075,1790602505425,1790606777810,1790606780057,1790606790520,1
bench_verify,pilot1,3,,pressure,pilot1-0075,1790602536386,1790606794492,1790606796712,1790606806929,1
bench_verify,pilot1,3,,cheater,pilot1-0075,1790602571563,1790606810889,1790606812984,1790606823804,1
bench_verify,pilot1,3,,line-0,pilot1-0077,1790602584428,1790606827636,1790606829817,1790606840056,1
bench_verify,pilot1,3,,honest,pilot1-0077,1790602619227,1790606843827,1790606845877,1790606856130,1
bench_verify,pilot1,3,,pressure,pilot1-0077,1790602656773,1790606859870,1790606861995,1790606872259,1
bench_verify,pilot1,3,,cheater,pilot1-0077,1790602689237,1790606876134,1790606878508,1790606891173,1
bench_verify,pilot1,3,,line-0,pilot1-0078,1790602702885,1790606894957,1790606897222,1790606907540,1
bench_verify,pilot1,3,,honest,pilot1-0078,1790602745445,1790606911240,1790606913484,1790606923809,1
bench_verify,pilot1,3,,pressure,pilot1-0078,1790602791237,1790606927497,1790606929784,1790606940062,1
bench_verify,pilot1,3,,cheater,pilot1-0078,1790602823080,1790606943876,1790606946050,1790606957663,1
bench_verify,pilot1,3,,line-0,pilot1-0079,1790602836110,1790606961493,1790606963691,1790606974098,1
bench_verify,pilot1,3,,honest,pilot1-0079,1790602867425,1790606977887,1790606980076,1790606990447,1
bench_verify,pilot1,3,,pressure,pilot1-0079,1790602899940,1790606994144,1790606996236,1790607006521,1
bench_verify,pilot1,3,,cheater,pilot1-0079,1790602936819,1790607010277,1790607012532,1790607023030,1
bench_verify,pilot1,3,,line-0,pilot1-0080,1790602950053,1790607026885,1790607029090,1790607039290,1
bench_verify,pilot1,3,,honest,pilot1-0080,1790602966518,1790607043114,1790607045280,1790607055559,1
bench_verify,pilot1,3,,pressure,pilot1-0080,1790602986119,1790607059364,1790607061544,1790607072065,1
bench_verify,pilot1,3,,cheater,pilot1-0080,1790603006522,1790607075840,1790607077939,1790607088222,1
bench_verify,pilot1,3,,line-0,pilot1-0081,1790603020229,1790607092024,1790607094055,1790607104296,1
bench_verify,pilot1,3,,honest,pilot1-0081,1790603034807,1790607108023,1790607110324,1790607120622,1
bench_verify,pilot1,3,,pressure,pilot1-0081,1790603049475,1790607124418,1790607126577,1790607136851,1
bench_verify,pilot1,3,,cheater,pilot1-0081,1790603067566,1790607140733,1790607143099,1790607153604,1
bench_verify,pilot1,3,,line-0,pilot1-0084,1790603081838,1790607157473,1790607159633,1790607170116,1
bench_verify,pilot1,3,,honest,pilot1-0084,1790603104798,1790607173929,1790607176136,1790607186506,1
bench_verify,pilot1,3,,pressure,pilot1-0084,1790603125080,1790607190985,1790607193273,1790607203624,1
bench_verify,pilot1,3,,cheater,pilot1-0084,1790603144466,1790607207401,1790607209480,1790607219870,1
bench_verify,pilot1,3,,line-0,pilot1-0085,1790603158109,1790607223728,1790607225861,1790607236124,1
bench_verify,pilot1,3,,honest,pilot1-0085,1790603181065,1790607239895,1790607242160,1790607252694,1
bench_verify,pilot1,3,,pressure,pilot1-0085,1790603196550,1790607256501,1790607258684,1790607268980,1
bench_verify,pilot1,3,,cheater,pilot1-0085,1790603216343,1790607272654,1790607274953,1790607285191,1
bench_verify,pilot1,3,,line-0,pilot1-0086,1790603230404,1790607289044,1790607291253,1790607301609,1
bench_verify,pilot1,3,,honest,pilot1-0086,1790603250906,1790607305354,1790607310105,1790607320396,1
bench_verify,pilot1,3,,pressure,pilot1-0086,1790603267263,1790607324225,1790607326588,1790607337964,1
bench_verify,pilot1,3,,cheater,pilot1-0086,1790603287210,1790607341835,1790607343997,1790607354335,1
bench_verify,pilot1,3,,line-0,pilot1-0087,1790603300624,1790607358069,1790607360128,1790607370631,1
bench_verify,pilot1,3,,honest,pilot1-0087,1790603330632,1790607374353,1790607376655,1790607386940,1
bench_verify,pilot1,3,,pressure,pilot1-0087,1790603354103,1790607390662,1790607392949,1790607403408,1
bench_verify,pilot1,3,,cheater,pilot1-0087,1790603373501,1790607407191,1790607409443,1790607420081,1
bench_verify,pilot1,3,,line-0,pilot1-0088,1790603387279,1790607423871,1790607426104,1790607437547,1
bench_verify,pilot1,3,,honest,pilot1-0088,1790603416617,1790607441350,1790607443379,1790607453659,1
bench_verify,pilot1,3,,pressure,pilot1-0088,1790603433666,1790607457404,1790607459731,1790607470214,1
bench_verify,pilot1,3,,cheater,pilot1-0088,1790603458298,1790607473984,1790607476207,1790607486439,1
bench_verify,pilot1,3,,line-0,pilot1-0089,1790603472127,1790607490237,1790607492389,1790607502907,1
bench_verify,pilot1,3,,honest,pilot1-0089,1790603495903,1790607506688,1790607508911,1790607519342,1
bench_verify,pilot1,3,,pressure,pilot1-0089,1790603519264,1790607523170,1790607525171,1790607535754,1
bench_verify,pilot1,3,,cheater,pilot1-0089,1790603548516,1790607539517,1790607541829,1790607552942,1
bench_verify,pilot1,3,,line-0,pilot1-0090,1790603561901,1790607556880,1790607559062,1790607569374,1
bench_verify,pilot1,3,,honest,pilot1-0090,1790603576771,1790607573168,1790607575427,1790607585991,1
bench_verify,pilot1,3,,pressure,pilot1-0090,1790603591622,1790607589830,1790607592033,1790607602314,1
bench_verify,pilot1,3,,cheater,pilot1-0090,1790603609349,1790607606173,1790607608309,1790607619399,1
bench_verify,pilot1,3,,line-0,pilot1-0091,1790603622575,1790607623129,1790607625425,1790607635918,1
bench_verify,pilot1,3,,honest,pilot1-0091,1790603641253,1790607639842,1790607641939,1790607653322,1
bench_verify,pilot1,3,,pressure,pilot1-0091,1790603666213,1790607657128,1790607659387,1790607669753,1
bench_verify,pilot1,3,,cheater,pilot1-0091,1790603689361,1790607673472,1790607675790,1790607686351,1
bench_verify,pilot1,3,,line-0,pilot1-0092,1790603702559,1790607690139,1790607692178,1790607702509,1
bench_verify,pilot1,3,,honest,pilot1-0092,1790603741929,1790607706332,1790607708538,1790607718809,1
bench_verify,pilot1,3,,pressure,pilot1-0092,1790603774909,1790607722576,1790607724631,1790607734919,1
bench_verify,pilot1,3,,cheater,pilot1-0092,1790603798260,1790607738648,1790607741186,1790607751489,1
bench_verify,pilot1,3,,line-0,pilot1-0093,1790603812438,1790607755369,1790607757526,1790607768087,1
bench_verify,pilot1,3,,honest,pilot1-0093,1790603836262,1790607771886,1790607773966,1790607784251,1
bench_verify,pilot1,3,,pressure,pilot1-0093,1790603863026,1790607788029,1790607790136,1790607800456,1
bench_verify,pilot1,3,,cheater,pilot1-0093,1790603890051,1790607804285,1790607806486,1790607817085,1
bench_verify,pilot1,3,,line-0,pilot1-0094,1790603903645,1790607821015,1790607823206,1790607833469,1
bench_verify,pilot1,3,,honest,pilot1-0094,1790603925061,1790607837333,1790607839731,1790607850284,1
bench_verify,pilot1,3,,pressure,pilot1-0094,1790603945536,1790607854034,1790607856302,1790607866798,1
bench_verify,pilot1,3,,cheater,pilot1-0094,1790603966355,1790607870603,1790607872878,1790607883244,1
bench_verify,pilot1,3,,line-0,pilot1-0095,1790603980292,1790607887115,1790607889318,1790607899827,1
bench_verify,pilot1,3,,honest,pilot1-0095,1790604005428,1790607903680,1790607905841,1790607916360,1
bench_verify,pilot1,3,,pressure,pilot1-0095,1790604055707,1790607920255,1790607922414,1790607932787,1
bench_verify,pilot1,3,,cheater,pilot1-0095,1790604082139,1790607936543,1790607938831,1790607949405,1
bench_verify,pilot1,3,,line-0,pilot1-0096,1790604095648,1790607953317,1790607955462,1790607965813,1
bench_verify,pilot1,3,,honest,pilot1-0096,1790604112891,1790607969640,1790607971856,1790607982220,1
bench_verify,pilot1,3,,pressure,pilot1-0096,1790604132916,1790607986018,1790607988282,1790607998569,1
bench_verify,pilot1,3,,cheater,pilot1-0096,1790604156351,1790608002437,1790608004615,1790608015156,1
bench_verify,pilot1,3,,line-0,pilot1-0097,1790604169841,1790608018942,1790608021163,1790608031726,1
bench_verify,pilot1,3,,honest,pilot1-0097,1790604189600,1790608035622,1790608037730,1790608048174,1
bench_verify,pilot1,3,,pressure,pilot1-0097,1790604206178,1790608051955,1790608054243,1790608064636,1
bench_verify,pilot1,3,,cheater,pilot1-0097,1790604226271,1790608068465,1790608070655,1790608081121,1
bench_verify,pilot1,3,,line-0,pilot1-0098,1790604240417,1790608085073,1790608087249,1790608097628,1
bench_verify,pilot1,3,,honest,pilot1-0098,1790604264390,1790608101419,1790608103433,1790608114851,1
bench_verify,pilot1,3,,pressure,pilot1-0098,1790604283204,1790608118577,1790608120736,1790608131095,1
bench_verify,pilot1,3,,cheater,pilot1-0098,1790604306261,1790608134901,1790608137159,1790608147516,1
bench_verify,pilot1,3,,line-0,pilot1-0068,1790604320386,1790608151316,1790608153557,1790608164615,1
bench_verify,pilot1,3,,honest,pilot1-0068,1790604358522,1790608170303,1790608172379,1790608182948,1
bench_verify,pilot1,3,,pressure,pilot1-0068,1790604420639,1790608186715,1790608188967,1790608199582,1
bench_verify,pilot1,3,,cheater,pilot1-0068,1790604457350,1790608203394,1790608205650,1790608216236,1
bench_verify,pilot1,3,,line-0,pilot1-0076,1790604470802,1790608220048,1790608222288,1790608232705,1
bench_verify,pilot1,3,,honest,pilot1-0076,1790604563947,1790608236460,1790608238740,1790608249333,1
bench_verify,pilot1,3,,pressure,pilot1-0076,1790604720307,1790608253209,1790608255364,1790608265697,1
bench_verify,pilot1,3,,cheater,pilot1-0076,1790604810807,1790608269479,1790608271767,1790608282365,1
bench_verify,pilot1,3,,line-0,pilot1-0082,1790604823966,1790608286344,1790608288633,1790608299229,1
bench_verify,pilot1,3,,honest,pilot1-0082,1790604844770,1790608303035,1790608305252,1790608315752,1
bench_verify,pilot1,3,,pressure,pilot1-0082,1790604869954,1790608319647,1790608321848,1790608332430,1
bench_verify,pilot1,3,,cheater,pilot1-0082,1790604908195,1790608336409,1790608338536,1790608348926,1
bench_verify,pilot1,3,,line-0,pilot1-0083,1790604922224,1790608352699,1790608355060,1790608365375,1
bench_verify,pilot1,3,,honest,pilot1-0083,1790604960934,1790608369179,1790608371233,1790608381601,1
bench_verify,pilot1,3,,pressure,pilot1-0083,1790605013123,1790608385348,1790608387702,1790608398031,1
bench_verify,pilot1,3,,cheater,pilot1-0083,1790605067705,1790608401802,1790608404105,1790608414660,1
bench_verify,pilot1,3,,line-0,pilot1-0099,1790605081102,1790608418584,1790608420893,1790608431551,1
bench_verify,pilot1,3,,honest,pilot1-0099,1790605122397,1790608435334,1790608437622,1790608447928,1
bench_verify,pilot1,3,,pressure,pilot1-0099,1790605158809,1790608451689,1790608454050,1790608464647,1
bench_verify,pilot1,3,,cheater,pilot1-0099,1790605195646,1790608468490,1790608470701,1790608481248,1
bench_attempt,main,1,1,line-0,main-0000,1790616109456,1790616118279,1790616121265,1790616128978,1
bench_attempt,main,1,1,honest,main-0000,1790616109494,1790616132931,1790616136345,1790616169948,1
bench_attempt,main,1,1,pressure,main-0000,1790616109536,1790616174046,1790616177389,1790616194345,1
bench_attempt,main,1,1,cheater,main-0000,1790616109570,1790616198021,1790616201608,1790616224140,1
bench_attempt,main,1,1,line-0,main-0001,1790616109605,1790616227779,1790616231311,1790616238170,1
bench_attempt,main,1,1,honest,main-0001,1790616109640,1790616242125,1790616245639,1790616276406,1
bench_attempt,main,1,1,pressure,main-0001,1790616109675,1790616280162,1790616283631,1790616303477,1
bench_attempt,main,1,1,cheater,main-0001,1790616109709,1790616307116,1790616310680,1790616338203,1
bench_attempt,main,1,1,line-0,main-0002,1790616109745,1790616341881,1790616345414,1790616352329,1
bench_attempt,main,1,1,honest,main-0002,1790616109779,1790616356296,1790616359782,1790616385407,1
bench_attempt,main,1,1,pressure,main-0002,1790616109816,1790616389054,1790616392583,1790616412743,1
bench_attempt,main,1,1,cheater,main-0002,1790616109851,1790616417229,1790616420630,1790616446238,1
bench_attempt,main,1,1,line-0,main-0003,1790616109887,1790616450069,1790616453638,1790616460525,1
bench_attempt,main,1,1,honest,main-0003,1790616109920,1790616466100,1790616469478,1790616478711,1
bench_attempt,main,1,1,pressure,main-0003,1790616109955,1790616482879,1790616486362,1790616495815,1
bench_attempt,main,1,1,cheater,main-0003,1790616109989,1790616499487,1790616503095,1790616517454,1
bench_attempt,main,1,1,line-0,main-0004,1790616110024,1790616521165,1790616524639,1790616532156,1
bench_attempt,main,1,1,honest,main-0004,1790616110058,1790616536226,1790616539708,1790616636044,1
bench_attempt,main,1,1,pressure,main-0004,1790616110093,1790616639804,1790616643322,1790616780076,1
bench_attempt,main,1,1,cheater,main-0004,1790616110127,1790616783689,1790616787306,1790616991972,1
bench_attempt,main,1,1,line-0,main-0006,1790616110162,1790616995729,1790616999146,1790617006930,1
bench_attempt,main,1,1,honest,main-0006,1790616110196,1790617010952,1790617014494,1790617028359,1
bench_attempt,main,1,1,pressure,main-0006,1790616110232,1790617032043,1790617035552,1790617045485,1
bench_attempt,main,1,1,cheater,main-0006,1790616110265,1790617049199,1790617052716,1790617069117,1
bench_attempt,main,1,1,line-0,main-0007,1790616110300,1790617072834,1790617076352,1790617084323,1
bench_attempt,main,1,1,honest,main-0007,1790616110334,1790617088316,1790617091937,1790617114883,1
bench_attempt,main,1,1,pressure,main-0007,1790616110369,1790617118662,1790617122169,1790617133585,1
bench_attempt,main,1,1,cheater,main-0007,1790616110403,1790617137280,1790617140806,1790617158501,1
bench_attempt,main,1,1,line-0,main-0008,1790616110438,1790617162230,1790617165705,1790617173275,1
bench_attempt,main,1,1,honest,main-0008,1790616110472,1790617177240,1790617180869,1790617203737,1
bench_attempt,main,1,1,pressure,main-0008,1790616110508,1790617207538,1790617211250,1790617246945,1
bench_attempt,main,1,1,cheater,main-0008,1790616110548,1790617250763,1790617254468,1790617283004,1
bench_attempt,main,1,1,line-0,main-0009,1790616110592,1790617286807,1790617290463,1790617297611,1
bench_attempt,main,1,1,honest,main-0009,1790616110630,1790617302341,1790617305827,1790617332841,1
bench_attempt,main,1,1,pressure,main-0009,1790616110665,1790617336578,1790617340106,1790617375524,1
bench_attempt,main,1,1,cheater,main-0009,1790616110698,1790617379283,1790617382604,1790617405872,1
bench_attempt,main,1,1,line-0,main-0010,1790616110733,1790617409634,1790617413171,1790617420847,1
bench_attempt,main,1,1,honest,main-0010,1790616110766,1790617424859,1790617428358,1790617443018,1
bench_attempt,main,1,1,pressure,main-0010,1790616110801,1790617446684,1790617450478,1790617461006,1
bench_attempt,main,1,1,cheater,main-0010,1790616110834,1790617464610,1790617468005,1790617482440,1
bench_attempt,main,1,1,line-0,main-0012,1790616110869,1790617486195,1790617489927,1790617497579,1
bench_attempt,main,1,1,honest,main-0012,1790616110902,1790617501510,1790617505470,1790617523114,1
bench_attempt,main,1,1,pressure,main-0012,1790616110938,1790617526878,1790617530401,1790617548386,1
bench_attempt,main,1,1,cheater,main-0012,1790616110971,1790617552083,1790617555513,1790617571720,1
bench_attempt,main,1,1,line-0,main-0013,1790616111005,1790617575433,1790617578991,1790617586634,1
bench_attempt,main,1,1,honest,main-0013,1790616111038,1790617590577,1790617594117,1790617617508,1
bench_attempt,main,1,1,pressure,main-0013,1790616111073,1790617621269,1790617624827,1790617641155,1
bench_attempt,main,1,1,cheater,main-0013,1790616111106,1790617645585,1790617649202,1790617666653,1
bench_attempt,main,1,1,line-0,main-0014,1790616111140,1790617670430,1790617674120,1790617681318,1
bench_attempt,main,1,1,honest,main-0014,1790616111173,1790617685340,1790617688808,1790617697950,1
bench_attempt,main,1,1,pressure,main-0014,1790616111208,1790617701681,1790617705232,1790617719101,1
bench_attempt,main,1,1,cheater,main-0014,1790616111242,1790617722739,1790617726360,1790617743965,1
bench_attempt,main,1,1,line-0,main-0016,1790616111276,1790617747662,1790617751339,1790617759017,1
bench_attempt,main,1,1,honest,main-0016,1790616111309,1790617762948,1790617766518,1790617775557,1
bench_attempt,main,1,1,pressure,main-0016,1790616111344,1790617780149,1790617784056,1790617793776,1
bench_attempt,main,1,1,cheater,main-0016,1790616111377,1790617797552,1790617801024,1790617814463,1
bench_attempt,main,1,1,line-0,main-0017,1790616111412,1790617818133,1790617821741,1790617829587,1
bench_attempt,main,1,1,honest,main-0017,1790616111446,1790617833497,1790617837060,1790617859404,1
bench_attempt,main,1,1,pressure,main-0017,1790616111480,1790617863402,1790617866967,1790617886261,1
bench_attempt,main,1,1,cheater,main-0017,1790616111513,1790617890148,1790617893562,1790617923904,1
bench_attempt,main,1,1,line-0,main-0018,1790616111548,1790617928275,1790617931910,1790617939527,1
bench_attempt,main,1,1,honest,main-0018,1790616111582,1790617943606,1790617947221,1790617960322,1
bench_attempt,main,1,1,pressure,main-0018,1790616111616,1790617963656,1790617967057,1790617982749,1
bench_attempt,main,1,1,cheater,main-0018,1790616111649,1790617987191,1790617990780,1790618009341,1
bench_attempt,main,1,1,line-0,main-0019,1790616111684,1790618013063,1790618017620,1790618025288,1
bench_attempt,main,1,1,honest,main-0019,1790616111717,1790618029332,1790618032768,1790618061907,1
bench_attempt,main,1,1,pressure,main-0019,1790616111751,1790618065600,1790618069100,1790618100904,1
bench_attempt,main,1,1,cheater,main-0019,1790616111786,1790618104655,1790618108165,1790618131495,1
bench_attempt,main,1,1,line-0,main-0020,1790616111821,1790618135328,1790618138830,1790618147693,1
bench_attempt,main,1,1,honest,main-0020,1790616111854,1790618155189,1790618158818,1790618172414,1
bench_attempt,main,1,1,pressure,main-0020,1790616111889,1790618176194,1790618179734,1790618193153,1
bench_attempt,main,1,1,cheater,main-0020,1790616111922,1790618196919,1790618200430,1790618213821,1
bench_attempt,main,1,1,line-0,main-0021,1790616111957,1790618217574,1790618221145,1790618228765,1
bench_attempt,main,1,1,honest,main-0021,1790616111990,1790618232892,1790618236445,1790618256687,1
bench_attempt,main,1,1,pressure,main-0021,1790616112024,1790618260456,1790618264241,1790618289502,1
bench_attempt,main,1,1,cheater,main-0021,1790616112058,1790618293212,1790618296838,1790618319225,1
bench_attempt,main,1,1,line-0,main-0022,1790616112092,1790618323084,1790618326724,1790618334622,1
bench_attempt,main,1,1,honest,main-0022,1790616112125,1790618338688,1790618342170,1790618353082,1
bench_attempt,main,1,1,pressure,main-0022,1790616112160,1790618356748,1790618360340,1790618380033,1
bench_attempt,main,1,1,cheater,main-0022,1790616112193,1790618384480,1790618388133,1790618400941,1
bench_attempt,main,1,1,line-0,main-0024,1790616112229,1790618404679,1790618408298,1790618416279,1
bench_attempt,main,1,1,honest,main-0024,1790616112262,1790618420321,1790618423830,1790618436330,1
bench_attempt,main,1,1,pressure,main-0024,1790616112297,1790618440107,1790618443641,1790618453321,1
bench_attempt,main,1,1,cheater,main-0024,1790616112330,1790618457971,1790618461407,1790618474562,1
bench_attempt,main,1,1,line-0,main-0025,1790616112365,1790618478350,1790618481908,1790618489874,1
bench_attempt,main,1,1,honest,main-0025,1790616112398,1790618493870,1790618497409,1790618508515,1
bench_attempt,main,1,1,pressure,main-0025,1790616112433,1790618512249,1790618515924,1790618531215,1
bench_attempt,main,1,1,cheater,main-0025,1790616112467,1790618535731,1790618539258,1790618557706,1
bench_attempt,main,1,1,line-0,main-0026,1790616112501,1790618561546,1790618565009,1790618572965,1
bench_attempt,main,1,1,honest,main-0026,1790616112534,1790618577107,1790618580801,1790618601590,1
bench_attempt,main,1,1,pressure,main-0026,1790616112569,1790618606109,1790618609628,1790618633503,1
bench_attempt,main,1,1,cheater,main-0026,1790616112602,1790618637277,1790618641029,1790618661192,1
bench_attempt,main,1,1,line-0,main-0027,1790616112636,1790618664952,1790618668721,1790618676521,1
bench_attempt,main,1,1,honest,main-0027,1790616112670,1790618680585,1790618684349,1790618731035,1
bench_attempt,main,1,1,pressure,main-0027,1790616112704,1790618734950,1790618738406,1790618784173,1
bench_attempt,main,1,1,cheater,main-0027,1790616112738,1790618788134,1790618791891,1790618822632,1
bench_attempt,main,1,1,line-0,main-0028,1790616112772,1790618827130,1790618830706,1790618838022,1
bench_attempt,main,1,1,honest,main-0028,1790616112806,1790618842691,1790618846235,1790618859834,1
bench_attempt,main,1,1,pressure,main-0028,1790616112840,1790618863481,1790618867107,1790618880698,1
bench_attempt,main,1,1,cheater,main-0028,1790616112873,1790618884430,1790618888265,1790618901592,1
bench_attempt,main,1,1,line-0,main-0029,1790616112908,1790618905392,1790618908887,1790618916899,1
bench_attempt,main,1,1,honest,main-0029,1790616112941,1790618920933,1790618924445,1790618938720,1
bench_attempt,main,1,1,pressure,main-0029,1790616112975,1790618942618,1790618946184,1790618960439,1
bench_attempt,main,1,1,cheater,main-0029,1790616113008,1790618964282,1790618967807,1790618984613,1
bench_attempt,main,1,1,line-0,main-0030,1790616113043,1790618988382,1790618991960,1790618999761,1
bench_attempt,main,1,1,honest,main-0030,1790616113076,1790619003918,1790619007622,1790619032053,1
bench_attempt,main,1,1,pressure,main-0030,1790616113111,1790619035750,1790619039248,1790619061522,1
bench_attempt,main,1,1,cheater,main-0030,1790616113144,1790619066031,1790619069595,1790619089085,1
bench_attempt,main,1,1,line-0,main-0031,1790616113179,1790619092872,1790619096615,1790619104496,1
bench_attempt,main,1,1,honest,main-0031,1790616113216,1790619108535,1790619112247,1790619125323,1
bench_attempt,main,1,1,pressure,main-0031,1790616113255,1790619128965,1790619132665,1790619144919,1
bench_attempt,main,1,1,cheater,main-0031,1790616113288,1790619148654,1790619152208,1790619165514,1
bench_attempt,main,1,1,line-0,main-0032,1790616113323,1790619169228,1790619172830,1790619180521,1
bench_attempt,main,1,1,honest,main-0032,1790616113356,1790619184677,1790619188313,1790619203404,1
bench_attempt,main,1,1,pressure,main-0032,1790616113390,1790619207149,1790619210764,1790619224413,1
bench_attempt,main,1,1,cheater,main-0032,1790616113424,1790619228247,1790619232020,1790619247180,1
bench_attempt,main,1,1,line-0,main-0033,1790616113458,1790619251058,1790619254693,1790619262788,1
bench_attempt,main,1,1,honest,main-0033,1790616113491,1790619266883,1790619270527,1790619284458,1
bench_attempt,main,1,1,pressure,main-0033,1790616113526,1790619288250,1790619292005,1790619305832,1
bench_attempt,main,1,1,cheater,main-0033,1790616113559,1790619309316,1790619313247,1790619328485,1
bench_attempt,main,1,1,line-0,main-0035,1790616113593,1790619333207,1790619336786,1790619344880,1
bench_attempt,main,1,1,honest,main-0035,1790616113627,1790619349064,1790619352610,1790619363575,1
bench_attempt,main,1,1,pressure,main-0035,1790616113661,1790619367416,1790619370986,1790619380527,1
bench_attempt,main,1,1,cheater,main-0035,1790616113695,1790619384433,1790619388090,1790619402189,1
bench_attempt,main,1,1,line-0,main-0036,1790616113731,1790619406090,1790619409711,1790619418998,1
bench_attempt,main,1,1,honest,main-0036,1790616113768,1790619423012,1790619426634,1790619454462,1
bench_attempt,main,1,1,pressure,main-0036,1790616113803,1790619458349,1790619461946,1790619494693,1
bench_attempt,main,1,1,cheater,main-0036,1790616113836,1790619498590,1790619502308,1790619532944,1
bench_attempt,main,1,1,line-0,main-0037,1790616113871,1790619536965,1790619540764,1790619550453,1
bench_attempt,main,1,1,honest,main-0037,1790616113905,1790619554571,1790619558240,1790619572782,1
bench_attempt,main,1,1,pressure,main-0037,1790616113939,1790619576677,1790619580583,1790619597034,1
bench_attempt,main,1,1,cheater,main-0037,1790616113973,1790619600974,1790619604738,1790619620253,1
bench_attempt,main,1,1,line-0,main-0038,1790616114007,1790619624044,1790619627733,1790619635914,1
bench_attempt,main,1,1,honest,main-0038,1790616114041,1790619640016,1790619643891,1790619674014,1
bench_attempt,main,1,1,pressure,main-0038,1790616114075,1790619678036,1790619681669,1790619712557,1
bench_attempt,main,1,1,cheater,main-0038,1790616114108,1790619716505,1790619720143,1790619751134,1
bench_attempt,main,1,1,line-0,main-0039,1790616114143,1790619754995,1790619758771,1790619766951,1
bench_attempt,main,1,1,honest,main-0039,1790616114176,1790619771043,1790619774785,1790619805821,1
bench_attempt,main,1,1,pressure,main-0039,1790616114211,1790619810452,1790619814138,1790619851148,1
bench_attempt,main,1,1,cheater,main-0039,1790616114244,1790619854946,1790619858725,1790619882493,1
bench_attempt,main,1,1,line-0,main-0040,1790616114278,1790619886091,1790619889798,1790619897717,1
bench_attempt,main,1,1,honest,main-0040,1790616114312,1790619901895,1790619905532,1790619919372,1
bench_attempt,main,1,1,pressure,main-0040,1790616114346,1790619923251,1790619926908,1790619946402,1
bench_attempt,main,1,1,cheater,main-0040,1790616114379,1790619950284,1790619953945,1790619975704,1
bench_attempt,main,1,1,line-0,main-0041,1790616114414,1790619979615,1790619983290,1790619991562,1
bench_attempt,main,1,1,honest,main-0041,1790616114447,1790619995671,1790619999153,1790620015951,1
bench_attempt,main,1,1,pressure,main-0041,1790616114481,1790620019919,1790620023634,1790620038785,1
bench_attempt,main,1,1,cheater,main-0041,1790616114518,1790620043377,1790620047134,1790620062459,1
bench_attempt,main,1,1,line-0,main-0042,1790616114553,1790620066197,1790620069831,1790620078592,1
bench_attempt,main,1,1,honest,main-0042,1790616114587,1790620082911,1790620086688,1790620102499,1
bench_attempt,main,1,1,pressure,main-0042,1790616114621,1790620107001,1790620110561,1790620124940,1
bench_attempt,main,1,1,cheater,main-0042,1790616114655,1790620128838,1790620132363,1790620147469,1
bench_attempt,main,1,1,line-0,main-0044,1790616114689,1790620151505,1790620155143,1790620163156,1
bench_attempt,main,1,1,honest,main-0044,1790616114722,1790620167393,1790620171119,1790620197349,1
bench_attempt,main,1,1,pressure,main-0044,1790616114757,1790620201327,1790620205013,1790620224494,1
bench_attempt,main,1,1,cheater,main-0044,1790616114790,1790620228411,1790620232157,1790620252429,1
bench_attempt,main,1,1,line-0,main-0045,1790616114824,1790620257108,1790620260867,1790620269498,1
bench_attempt,main,1,1,honest,main-0045,1790616114858,1790620273669,1790620277430,1790620311852,1
bench_attempt,main,1,1,pressure,main-0045,1790616114892,1790620315753,1790620319315,1790620357216,1
bench_attempt,main,1,1,cheater,main-0045,1790616114925,1790620360999,1790620364661,1790620395175,1
bench_attempt,main,1,1,line-0,main-0046,1790616114960,1790620398991,1790620402853,1790620410749,1
bench_attempt,main,1,1,honest,main-0046,1790616114993,1790620415009,1790620418628,1790620435642,1
bench_attempt,main,1,1,pressure,main-0046,1790616115028,1790620439462,1790620443347,1790620457120,1
bench_attempt,main,1,1,cheater,main-0046,1790616115061,1790620461023,1790620464791,1790620481214,1
bench_attempt,main,1,1,line-0,main-0047,1790616115095,1790620485905,1790620489562,1790620497508,1
bench_attempt,main,1,1,honest,main-0047,1790616115129,1790620502451,1790620506164,1790620516148,1
bench_attempt,main,1,1,pressure,main-0047,1790616115163,1790620520065,1790620523842,1790620540465,1
bench_attempt,main,1,1,cheater,main-0047,1790616115196,1790620544292,1790620547894,1790620561082,1
bench_attempt,main,1,1,line-0,main-0048,1790616115230,1790620565117,1790620568772,1790620576837,1
bench_attempt,main,1,1,honest,main-0048,1790616115264,1790620581126,1790620585140,1790620600040,1
bench_attempt,main,1,1,pressure,main-0048,1790616115299,1790620604007,1790620607723,1790620621916,1
bench_attempt,main,1,1,cheater,main-0048,1790616115332,1790620626596,1790620630141,1790620644598,1
bench_attempt,main,1,1,line-0,main-0049,1790616115366,1790620648615,1790620652319,1790620662662,1
bench_attempt,main,1,1,honest,main-0049,1790616115400,1790620672826,1790620676866,1790620697611,1
bench_attempt,main,1,1,pressure,main-0049,1790616115434,1790620702229,1790620705925,1790620734177,1
bench_attempt,main,1,1,cheater,main-0049,1790616115467,1790620738932,1790620742634,1790620762428,1
bench_attempt,main,1,1,line-0,main-0050,1790616115502,1790620766339,1790620770006,1790620777775,1
bench_attempt,main,1,1,honest,main-0050,1790616115535,1790620781846,1790620785628,1790620800557,1
bench_attempt,main,1,1,pressure,main-0050,1790616115570,1790620804499,1790620808297,1790620827954,1
bench_attempt,main,1,1,cheater,main-0050,1790616115603,1790620832172,1790620835989,1790620853103,1
bench_attempt,main,1,1,line-0,main-0005,1790616115637,1790620857147,1790620860912,1790620869178,1
bench_attempt,main,1,1,honest,main-0005,1790616115671,1790620873446,1790620877449,1790620888935,1
bench_attempt,main,1,1,pressure,main-0005,1790616115705,1790620892960,1790620896944,1790620907117,1
bench_attempt,main,1,1,cheater,main-0005,1790616115739,1790620911154,1790620914901,1790620959393,1
bench_attempt,main,1,1,line-0,main-0011,1790616115773,1790620963446,1790620967043,1790620975222,1
bench_attempt,main,1,1,honest,main-0011,1790616115807,1790620979432,1790620983227,1790621009052,1
bench_attempt,main,1,1,pressure,main-0011,1790616115842,1790621012802,1790621016549,1790621053644,1
bench_attempt,main,1,1,cheater,main-0011,1790616115878,1790621057845,1790621061778,1790621103414,1
bench_attempt,main,1,1,line-0,main-0015,1790616115917,1790621108886,1790621113884,1790621122294,1
bench_attempt,main,1,1,honest,main-0015,1790616115952,1790621126558,1790621130215,1790621166157,1
bench_attempt,main,1,1,pressure,main-0015,1790616115987,1790621170184,1790621173787,1790621199527,1
bench_attempt,main,1,1,cheater,main-0015,1790616116020,1790621203638,1790621207275,1790621242215,1
bench_attempt,main,1,1,line-0,main-0023,1790616116054,1790621245981,1790621249840,1790621257925,1
bench_attempt,main,1,1,honest,main-0023,1790616116088,1790621262156,1790621266062,1790621284018,1
bench_attempt,main,1,1,pressure,main-0023,1790616116122,1790621289428,1790621293296,1790621317574,1
bench_attempt,main,1,1,cheater,main-0023,1790616116155,1790621321556,1790621325275,1790621359603,1
bench_attempt,main,1,1,line-0,main-0034,1790616116190,1790621363615,1790621367253,1790621375509,1
bench_attempt,main,1,1,honest,main-0034,1790616116223,1790621380364,1790621384033,1790621417379,1
bench_attempt,main,1,1,pressure,main-0034,1790616116257,1790621421559,1790621425261,1790621471660,1
bench_attempt,main,1,1,cheater,main-0034,1790616116291,1790621475690,1790621479391,1790621513497,1
bench_verify,main,1,1,line-0,main-0000,1790616134243,1790621518940,1790621522843,1790621533845,1
bench_verify,main,1,1,honest,main-0000,1790616175293,1790621538158,1790621540521,1790621551586,1
bench_verify,main,1,1,pressure,main-0000,1790616199317,1790621555900,1790621558499,1790621570564,1
bench_verify,main,1,1,cheater,main-0000,1790616229154,1790621574924,1790621577514,1790621595285,1
bench_verify,main,1,1,line-0,main-0001,1790616243387,1790621599682,1790621602338,1790621614186,1
bench_verify,main,1,1,honest,main-0001,1790616281532,1790621618513,1790621621103,1790621634072,1
bench_verify,main,1,1,pressure,main-0001,1790616308471,1790621640456,1790621642801,1790621655192,1
bench_verify,main,1,1,cheater,main-0001,1790616343245,1790621659500,1790621661903,1790621673012,1
bench_verify,main,1,1,line-0,main-0002,1790616357560,1790621677371,1790621679829,1790621692094,1
bench_verify,main,1,1,honest,main-0002,1790616390422,1790621696536,1790621700738,1790621716355,1
bench_verify,main,1,1,pressure,main-0002,1790616418553,1790621720702,1790621723174,1790621736040,1
bench_verify,main,1,1,cheater,main-0002,1790616451412,1790621740374,1790621742972,1790621754622,1
bench_verify,main,1,1,line-0,main-0003,1790616467419,1790621758991,1790621761477,1790621772948,1
bench_verify,main,1,1,honest,main-0003,1790616484248,1790621777260,1790621779751,1790621791964,1
bench_verify,main,1,1,pressure,main-0003,1790616500851,1790621796344,1790621798694,1790621810822,1
bench_verify,main,1,1,cheater,main-0003,1790616522537,1790621815205,1790621817780,1790621829501,1
bench_verify,main,1,1,line-0,main-0004,1790616537538,1790621833882,1790621836420,1790621848186,1
bench_verify,main,1,1,honest,main-0004,1790616641060,1790621852431,1790621855137,1790621866861,1
bench_verify,main,1,1,pressure,main-0004,1790616785049,1790621871164,1790621873567,1790621885506,1
bench_verify,main,1,1,cheater,main-0004,1790616997100,1790621889813,1790621892288,1790621904625,1
bench_verify,main,1,1,line-0,main-0006,1790617012269,1790621909005,1790621911858,1790621923710,1
bench_verify,main,1,1,honest,main-0006,1790617033340,1790621927969,1790621930599,1790621944025,1
bench_verify,main,1,1,pressure,main-0006,1790617050494,1790621948515,1790621951021,1790621961778,1
bench_verify,main,1,1,cheater,main-0006,1790617074117,1790621966123,1790621968705,1790621981012,1
bench_verify,main,1,1,line-0,main-0007,1790617089610,1790621985234,1790621987646,1790621998998,1
bench_verify,main,1,1,honest,main-0007,1790617119949,1790622003236,1790622005645,1790622017105,1
bench_verify,main,1,1,pressure,main-0007,1790617138579,1790622021381,1790622023934,1790622036162,1
bench_verify,main,1,1,cheater,main-0007,1790617163541,1790622040425,1790622042833,1790622054121,1
bench_verify,main,1,1,line-0,main-0008,1790617178521,1790622058275,1790622060730,1790622073397,1
bench_verify,main,1,1,honest,main-0008,1790617208945,1790622077553,1790622080239,1790622091803,1
bench_verify,main,1,1,pressure,main-0008,1790617252177,1790622096453,1790622098931,1790622110332,1
bench_verify,main,1,1,cheater,main-0008,1790617288141,1790622114526,1790622118042,1790622134087,1
bench_verify,main,1,1,line-0,main-0009,1790617303634,1790622138212,1790622140721,1790622151732,1
bench_verify,main,1,1,honest,main-0009,1790617337945,1790622156016,1790622158570,1790622174010,1
bench_verify,main,1,1,pressure,main-0009,1790617380568,1790622177678,1790622180362,1790622191230,1
bench_verify,main,1,1,cheater,main-0009,1790617410928,1790622195344,1790622197926,1790622208644,1
bench_verify,main,1,1,line-0,main-0010,1790617426164,1790622212913,1790622215213,1790622226916,1
bench_verify,main,1,1,honest,main-0010,1790617448073,1790622231139,1790622233557,1790622244268,1
bench_verify,main,1,1,pressure,main-0010,1790617466001,1790622248588,1790622251269,1790622262058,1
bench_verify,main,1,1,cheater,main-0010,1790617487485,1790622266294,1790622268792,1790622279486,1
bench_verify,main,1,1,line-0,main-0012,1790617502807,1790622283793,1790622286351,1790622297877,1
bench_verify,main,1,1,honest,main-0012,1790617528251,1790622301824,1790622304409,1790622314990,1
bench_verify,main,1,1,pressure,main-0012,1790617553455,1790622319173,1790622321561,1790622332520,1
bench_verify,main,1,1,cheater,main-0012,1790617576773,1790622336805,1790622339227,1790622350788,1
bench_verify,main,1,1,line-0,main-0013,1790617591949,1790622354961,1790622357660,1790622368504,1
bench_verify,main,1,1,honest,main-0013,1790617622657,1790622372876,1790622375569,1790622388154,1
bench_verify,main,1,1,pressure,main-0013,1790617646979,1790622392724,1790622395058,1790622406503,1
bench_verify,main,1,1,cheater,main-0013,1790617671876,1790622410794,1790622413270,1790622426950,1
bench_verify,main,1,1,line-0,main-0014,1790617686731,1790622431184,1790622433814,1790622446472,1
bench_verify,main,1,1,honest,main-0014,1790617703041,1790622450889,1790622453903,1790622465687,1
bench_verify,main,1,1,pressure,main-0014,1790617724145,1790622470117,1790622472594,1790622484418,1
bench_verify,main,1,1,cheater,main-0014,1790617749047,1790622488975,1790622491683,1790622504233,1
bench_verify,main,1,1,line-0,main-0016,1790617764358,1790622508772,1790622511262,1790622524701,1
bench_verify,main,1,1,honest,main-0016,1790617781485,1790622528957,1790622531711,1790622543483,1
bench_verify,main,1,1,pressure,main-0016,1790617798862,1790622547841,1790622550461,1790622562812,1
bench_verify,main,1,1,cheater,main-0016,1790617819572,1790622566931,1790622569604,1790622582232,1
bench_verify,main,1,1,line-0,main-0017,1790617834934,1790622586812,1790622590726,1790622605168,1
bench_verify,main,1,1,honest,main-0017,1790617864852,1790622609924,1790622612456,1790622633817,1
bench_verify,main,1,1,pressure,main-0017,1790617891473,1790622639170,1790622641975,1790622655036,1
bench_verify,main,1,1,cheater,main-0017,1790617929588,1790622659470,1790622662385,1790622675000,1
bench_verify,main,1,1,line-0,main-0018,1790617944979,1790622680323,1790622682822,1790622695278,1
bench_verify,main,1,1,honest,main-0018,1790617964961,1790622699721,1790622702295,1790622714168,1
bench_verify,main,1,1,pressure,main-0018,1790617988631,1790622718478,1790622721148,1790622734113,1
bench_verify,main,1,1,cheater,main-0018,1790618014496,1790622738609,1790622741209,1790622753931,1
bench_verify,main,1,1,line-0,main-0019,1790618030756,1790622758167,1790622760819,1790622773312,1
bench_verify,main,1,1,honest,main-0019,1790618067007,1790622777571,1790622780400,1790622792023,1
bench_verify,main,1,1,pressure,main-0019,1790618105987,1790622796479,1790622799151,1790622810867,1
bench_verify,main,1,1,cheater,main-0019,1790618136634,1790622815266,1790622818018,1790622832624,1
bench_verify,main,1,1,line-0,main-0020,1790618156495,1790622837918,1790622840533,1790622853313,1
bench_verify,main,1,1,honest,main-0020,1790618177569,1790622857775,1790622860656,1790622872294,1
bench_verify,main,1,1,pressure,main-0020,1790618198227,1790622876573,1790622879190,1790622892404,1
bench_verify,main,1,1,cheater,main-0020,1790618218882,1790622896799,1790622899322,1790622912072,1
bench_verify,main,1,1,line-0,main-0021,1790618234268,1790622916628,1790622919457,1790622932194,1
bench_verify,main,1,1,honest,main-0021,1790618261898,1790622936568,1790622939618,1790622951405,1
bench_verify,main,1,1,pressure,main-0021,1790618294516,1790622955809,1790622958829,1790622970667,1
bench_verify,main,1,1,cheater,main-0021,1790618324526,1790622975033,1790622977982,1790622989788,1
bench_verify,main,1,1,line-0,main-0022,1790618339990,1790622994191,1790622996736,1790623009155,1
bench_verify,main,1,1,honest,main-0022,1790618358136,1790623013447,1790623016002,1790623028457,1
bench_verify,main,1,1,pressure,main-0022,1790618385876,1790623032755,1790623035387,1790623047689,1
bench_verify,main,1,1,cheater,main-0022,1790618406089,1790623052025,1790623054822,1790623067103,1
bench_verify,main,1,1,line-0,main-0024,1790618421754,1790623071355,1790623073959,1790623086744,1
bench_verify,main,1,1,honest,main-0024,1790618441498,1790623091297,1790623094035,1790623107019,1
bench_verify,main,1,1,pressure,main-0024,1790618459290,1790623111355,1790623113940,1790623126536,1
bench_verify,main,1,1,cheater,main-0024,1790618479793,1790623131021,1790623133521,1790623146211,1
bench_verify,main,1,1,line-0,main-0025,1790618495259,1790623150706,1790623153433,1790623166287,1
bench_verify,main,1,1,honest,main-0025,1790618513654,1790623170640,1790623173525,1790623185443,1
bench_verify,main,1,1,pressure,main-0025,1790618537073,1790623189977,1790623193246,1790623205004,1
bench_verify,main,1,1,cheater,main-0025,1790618562868,1790623209336,1790623212567,1790623224660,1
bench_verify,main,1,1,line-0,main-0026,1790618578476,1790623230926,1790623233579,1790623245471,1
bench_verify,main,1,1,honest,main-0026,1790618607530,1790623249972,1790623252835,1790623274767,1
bench_verify,main,1,1,pressure,main-0026,1790618638785,1790623279226,1790623282151,1790623304836,1
bench_verify,main,1,1,cheater,main-0026,1790618666341,1790623308694,1790623311271,1790623323598,1
bench_verify,main,1,1,line-0,main-0027,1790618681978,1790623328250,1790623330861,1790623344201,1
bench_verify,main,1,1,honest,main-0027,1790618736279,1790623348735,1790623351338,1790623365086,1
bench_verify,main,1,1,pressure,main-0027,1790618789530,1790623370607,1790623373225,1790623386434,1
bench_verify,main,1,1,cheater,main-0027,1790618828539,1790623390850,1790623393634,1790623405482,1
bench_verify,main,1,1,line-0,main-0028,1790618844070,1790623410011,1790623412626,1790623424639,1
bench_verify,main,1,1,honest,main-0028,1790618864882,1790623429176,1790623431810,1790623444331,1
bench_verify,main,1,1,pressure,main-0028,1790618885851,1790623448416,1790623451049,1790623462798,1
bench_verify,main,1,1,cheater,main-0028,1790618906726,1790623466950,1790623469578,1790623480507,1
bench_verify,main,1,1,line-0,main-0029,1790618922267,1790623484730,1790623487318,1790623498314,1
bench_verify,main,1,1,honest,main-0029,1790618943940,1790623502530,1790623505116,1790623516053,1
bench_verify,main,1,1,pressure,main-0029,1790618965615,1790623520287,1790623522855,1790623535068,1
bench_verify,main,1,1,cheater,main-0029,1790618989747,1790623539431,1790623541824,1790623553234,1
bench_verify,main,1,1,line-0,main-0030,1790619005309,1790623557694,1790623560279,1790623573181,1
bench_verify,main,1,1,honest,main-0030,1790619037182,1790623577460,1790623580293,1790623592601,1
bench_verify,main,1,1,pressure,main-0030,1790619067441,1790623597070,1790623599495,1790623611913,1
bench_verify,main,1,1,cheater,main-0030,1790619094304,1790623616328,1790623618795,1790623631022,1
bench_verify,main,1,1,line-0,main-0031,1790619109975,1790623635491,1790623638084,1790623650443,1
bench_verify,main,1,1,honest,main-0031,1790619130384,1790623654965,1790623657594,1790623669754,1
bench_verify,main,1,1,pressure,main-0031,1790619150057,1790623674129,1790623676788,1790623689778,1
bench_verify,main,1,1,cheater,main-0031,1790619170639,1790623694253,1790623696981,1790623709152,1
bench_verify,main,1,1,line-0,main-0032,1790619186073,1790623713646,1790623716161,1790623729205,1
bench_verify,main,1,1,honest,main-0032,1790619208570,1790623733559,1790623736125,1790623749858,1
bench_verify,main,1,1,pressure,main-0032,1790619229645,1790623755217,1790623758416,1790623769952,1
bench_verify,main,1,1,cheater,main-0032,1790619252490,1790623774230,1790623776834,1790623788398,1
bench_verify,main,1,1,line-0,main-0033,1790619268269,1790623792904,1790623795557,1790623807744,1
bench_verify,main,1,1,honest,main-0033,1790619289688,1790623812111,1790623814583,1790623828046,1
bench_verify,main,1,1,pressure,main-0033,1790619310729,1790623832375,1790623834910,1790623846605,1
bench_verify,main,1,1,cheater,main-0033,1790619334595,1790623850903,1790623853617,1790623864957,1
bench_verify,main,1,1,line-0,main-0035,1790619350393,1790623869357,1790623872053,1790623883175,1
bench_verify,main,1,1,honest,main-0035,1790619368816,1790623887543,1790623890019,1790623901896,1
bench_verify,main,1,1,pressure,main-0035,1790619385802,1790623906193,1790623908749,1790623920596,1
bench_verify,main,1,1,cheater,main-0035,1790619407461,1790623925081,1790623927492,1790623939358,1
bench_verify,main,1,1,line-0,main-0036,1790619424535,1790623943657,1790623946229,1790623958027,1
bench_verify,main,1,1,honest,main-0036,1790619459731,1790623962209,1790623964874,1790623977626,1
bench_verify,main,1,1,pressure,main-0036,1790619500064,1790623982108,1790623984693,1790623996226,1
bench_verify,main,1,1,cheater,main-0036,1790619538321,1790624000472,1790624003044,1790624015855,1
bench_verify,main,1,1,line-0,main-0037,1790619555953,1790624020282,1790624022948,1790624034077,1
bench_verify,main,1,1,honest,main-0037,1790619578037,1790624038298,1790624040925,1790624052788,1
bench_verify,main,1,1,pressure,main-0037,1790619602416,1790624057117,1790624059642,1790624071460,1
bench_verify,main,1,1,cheater,main-0037,1790619625552,1790624075878,1790624078321,1790624090832,1
bench_verify,main,1,1,line-0,main-0038,1790619641469,1790624095059,1790624097691,1790624109387,1
bench_verify,main,1,1,honest,main-0038,1790619679558,1790624113653,1790624116260,1790624128311,1
bench_verify,main,1,1,pressure,main-0038,1790619717967,1790624132857,1790624135281,1790624147978,1
bench_verify,main,1,1,cheater,main-0038,1790619756423,1790624152238,1790624154835,1790624166777,1
bench_verify,main,1,1,line-0,main-0039,1790619772504,1790624171234,1790624173759,1790624185662,1
bench_verify,main,1,1,honest,main-0039,1790619811791,1790624189996,1790624192557,1790624205243,1
bench_verify,main,1,1,pressure,main-0039,1790619856362,1790624209550,1790624212161,1790624224085,1
bench_verify,main,1,1,cheater,main-0039,1790619887439,1790624228396,1790624231010,1790624243420,1
bench_verify,main,1,1,line-0,main-0040,1790619903297,1790624247844,1790624250603,1790624263600,1
bench_verify,main,1,1,honest,main-0040,1790619924640,1790624267962,1790624270689,1790624283151,1
bench_verify,main,1,1,pressure,main-0040,1790619951635,1790624287526,1790624290461,1790624302149,1
bench_verify,main,1,1,cheater,main-0040,1790619980984,1790624306491,1790624309131,1790624321795,1
bench_verify,main,1,1,line-0,main-0041,1790619997029,1790624326100,1790624328845,1790624340482,1
bench_verify,main,1,1,honest,main-0041,1790620021361,1790624344983,1790624347452,1790624360120,1
bench_verify,main,1,1,pressure,main-0041,1790620044720,1790624364474,1790624367122,1790624379361,1
bench_verify,main,1,1,cheater,main-0041,1790620067679,1790624383840,1790624386370,1790624399482,1
bench_verify,main,1,1,line-0,main-0042,1790620084403,1790624403881,1790624406494,1790624419003,1
bench_verify,main,1,1,honest,main-0042,1790620108470,1790624423493,1790624426025,1790624438495,1
bench_verify,main,1,1,pressure,main-0042,1790620130202,1790624442832,1790624445559,1790624457871,1
bench_verify,main,1,1,cheater,main-0042,1790620152969,1790624462394,1790624464952,1790624477450,1
bench_verify,main,1,1,line-0,main-0044,1790620168749,1790624482014,1790624484530,1790624496999,1
bench_verify,main,1,1,honest,main-0044,1790620202711,1790624501495,1790624504040,1790624516701,1
bench_verify,main,1,1,pressure,main-0044,1790620229866,1790624521116,1790624523976,1790624536656,1
bench_verify,main,1,1,cheater,main-0044,1790620258479,1790624541202,1790624543681,1790624556281,1
bench_verify,main,1,1,line-0,main-0045,1790620275045,1790624560735,1790624563369,1790624575803,1
bench_verify,main,1,1,honest,main-0045,1790620317135,1790624580246,1790624582893,1790624605183,1
bench_verify,main,1,1,pressure,main-0045,1790620362509,1790624610502,1790624613121,1790624624800,1
bench_verify,main,1,1,cheater,main-0045,1790620400495,1790624629362,1790624631905,1790624644383,1
bench_verify,main,1,1,line-0,main-0046,1790620416378,1790624648889,1790624651594,1790624665343,1
bench_verify,main,1,1,honest,main-0046,1790620440955,1790624673315,1790624677707,1790624689443,1
bench_verify,main,1,1,pressure,main-0046,1790620462478,1790624693828,1790624696489,1790624708438,1
bench_verify,main,1,1,cheater,main-0046,1790620487383,1790624712938,1790624715517,1790624727736,1
bench_verify,main,1,1,line-0,main-0047,1790620503857,1790624732205,1790624734812,1790624748873,1
bench_verify,main,1,1,honest,main-0047,1790620521505,1790624759163,1790624762525,1790624775061,1
bench_verify,main,1,1,pressure,main-0047,1790620545744,1790624779591,1790624782290,1790624794015,1
bench_verify,main,1,1,cheater,main-0047,1790620566580,1790624798459,1790624801086,1790624814704,1
bench_verify,main,1,1,line-0,main-0048,1790620582625,1790624819070,1790624821766,1790624834412,1
bench_verify,main,1,1,honest,main-0048,1790620605394,1790624838920,1790624841546,1790624853328,1
bench_verify,main,1,1,pressure,main-0048,1790620627994,1790624857848,1790624860480,1790624873074,1
bench_verify,main,1,1,cheater,main-0048,1790620649998,1790624877488,1790624880122,1790624891891,1
bench_verify,main,1,1,line-0,main-0049,1790620674245,1790624896456,1790624899064,1790624911073,1
bench_verify,main,1,1,honest,main-0049,1790620703743,1790624915634,1790624918223,1790624930878,1
bench_verify,main,1,1,pressure,main-0049,1790620740304,1790624935351,1790624938317,1790624950646,1
bench_verify,main,1,1,cheater,main-0049,1790620767706,1790624955125,1790624957760,1790624969583,1
bench_verify,main,1,1,line-0,main-0050,1790620783282,1790624974150,1790624976681,1790624989105,1
bench_verify,main,1,1,honest,main-0050,1790620805895,1790624993609,1790624996163,1790625009428,1
bench_verify,main,1,1,pressure,main-0050,1790620833675,1790625014041,1790625016736,1790625028419,1
bench_verify,main,1,1,cheater,main-0050,1790620858657,1790625032746,1790625035859,1790625047629,1
bench_verify,main,1,1,line-0,main-0005,1790620874973,1790625052022,1790625054733,1790625066317,1
bench_verify,main,1,1,honest,main-0005,1790620894352,1790625070722,1790625073974,1790625086507,1
bench_verify,main,1,1,pressure,main-0005,1790620912561,1790625091042,1790625093662,1790625107021,1
bench_verify,main,1,1,cheater,main-0005,1790620964810,1790625111475,1790625114255,1790625126482,1
bench_verify,main,1,1,line-0,main-0011,1790620980909,1790625131125,1790625133804,1790625145521,1
bench_verify,main,1,1,honest,main-0011,1790621014197,1790625150027,1790625152658,1790625164439,1
bench_verify,main,1,1,pressure,main-0011,1790621059360,1790625169165,1790625172202,1790625183878,1
bench_verify,main,1,1,cheater,main-0011,1790621110382,1790625188283,1790625191409,1790625211916,1
bench_verify,main,1,1,line-0,main-0015,1790621127975,1790625216560,1790625219214,1790625231123,1
bench_verify,main,1,1,honest,main-0015,1790621171548,1790625235649,1790625238267,1790625250740,1
bench_verify,main,1,1,pressure,main-0015,1790621205129,1790625255259,1790625257875,1790625270486,1
bench_verify,main,1,1,cheater,main-0015,1790621247340,1790625275127,1790625277933,1790625290057,1
bench_verify,main,1,1,line-0,main-0023,1790621263673,1790625294521,1790625297138,1790625309230,1
bench_verify,main,1,1,honest,main-0023,1790621290882,1790625313746,1790625316323,1790625328134,1
bench_verify,main,1,1,pressure,main-0023,1790621322918,1790625332548,1790625335177,1790625346938,1
bench_verify,main,1,1,cheater,main-0023,1790621365074,1790625351869,1790625354392,1790625366063,1
bench_verify,main,1,1,line-0,main-0034,1790621381835,1790625370450,1790625372896,1790625384456,1
bench_verify,main,1,1,honest,main-0034,1790621423079,1790625388890,1790625391430,1790625403070,1
bench_verify,main,1,1,pressure,main-0034,1790621477099,1790625407459,1790625410042,1790625422989,1
bench_verify,main,1,1,cheater,main-0034,1790621520396,1790625427331,1790625430099,1790625441683,1
bench_attempt,main,2,1,line-0,main-0051,1790625455936,1790625466731,1790625470351,1790625478036,1
bench_attempt,main,2,1,honest,main-0051,1790625455993,1790625482570,1790625486600,1790625522592,1
bench_attempt,main,2,1,pressure,main-0051,1790625456037,1790625527081,1790625531328,1790625543788,1
bench_attempt,main,2,1,cheater,main-0051,1790625456081,1790625548153,1790625552092,1790625569758,1
bench_attempt,main,2,1,line-0,main-0052,1790625456125,1790625574980,1790625579255,1790625587792,1
bench_attempt,main,2,1,honest,main-0052,1790625456170,1790625592443,1790625596399,1790625631058,1
bench_attempt,main,2,1,pressure,main-0052,1790625456214,1790625635586,1790625639527,1790625669876,1
bench_attempt,main,2,1,cheater,main-0052,1790625456257,1790625674064,1790625678071,1790625703370,1
bench_attempt,main,2,1,line-0,main-0053,1790625456302,1790625707789,1790625711734,1790625720193,1
bench_attempt,main,2,1,honest,main-0053,1790625456346,1790625724762,1790625728858,1790625750355,1
bench_attempt,main,2,1,pressure,main-0053,1790625456400,1790625754621,1790625758722,1790625779308,1
bench_attempt,main,2,1,cheater,main-0053,1790625456444,1790625783637,1790625787607,1790625814231,1
bench_attempt,main,2,1,line-0,main-0054,1790625456487,1790625818697,1790625822682,1790625831299,1
bench_attempt,main,2,1,honest,main-0054,1790625456531,1790625836113,1790625840059,1790625874779,1
bench_attempt,main,2,1,pressure,main-0054,1790625456574,1790625884487,1790625888531,1790625908478,1
bench_attempt,main,2,1,cheater,main-0054,1790625456619,1790625912679,1790625917132,1790625937834,1
bench_attempt,main,2,1,line-0,main-0055,1790625456663,1790625942755,1790625946689,1790625956560,1
bench_attempt,main,2,1,honest,main-0055,1790625456707,1790625961142,1790625965182,1790625992436,1
bench_attempt,main,2,1,pressure,main-0055,1790625456751,1790625996768,1790626001053,1790626022078,1
bench_attempt,main,2,1,cheater,main-0055,1790625456795,1790626026452,1790626030460,1790626053599,1
bench_attempt,main,2,1,line-0,main-0056,1790625456841,1790626057765,1790626061955,1790626071169,1
bench_attempt,main,2,1,honest,main-0056,1790625456887,1790626075778,1790626079803,1790626090299,1
bench_attempt,main,2,1,pressure,main-0056,1790625456939,1790626097815,1790626101852,1790626114509,1
bench_attempt,main,2,1,cheater,main-0056,1790625456989,1790626118807,1790626122944,1790626137489,1
bench_attempt,main,2,1,line-0,main-0057,1790625457033,1790626142622,1790626146662,1790626155219,1
bench_attempt,main,2,1,honest,main-0057,1790625457078,1790626159829,1790626163812,1790626181961,1
bench_attempt,main,2,1,pressure,main-0057,1790625457122,1790626186219,1790626190271,1790626201914,1
bench_attempt,main,2,1,cheater,main-0057,1790625457166,1790626206280,1790626210192,1790626226041,1
bench_attempt,main,2,1,line-0,main-0058,1790625457209,1790626231218,1790626235216,1790626244892,1
bench_attempt,main,2,1,honest,main-0058,1790625457253,1790626249360,1790626253439,1790626286681,1
bench_attempt,main,2,1,pressure,main-0058,1790625457297,1790626291043,1790626296297,1790626330662,1
bench_attempt,main,2,1,cheater,main-0058,1790625457341,1790626334996,1790626339079,1790626378470,1
bench_attempt,main,2,1,line-0,main-0060,1790625457385,1790626382847,1790626386894,1790626395560,1
bench_attempt,main,2,1,honest,main-0060,1790625457429,1790626400219,1790626404200,1790626426582,1
bench_attempt,main,2,1,pressure,main-0060,1790625457473,1790626430894,1790626434947,1790626461764,1
bench_attempt,main,2,1,cheater,main-0060,1790625457517,1790626466748,1790626470788,1790626499722,1
bench_attempt,main,2,1,line-0,main-0061,1790625457560,1790626504055,1790626508131,1790626516685,1
bench_attempt,main,2,1,honest,main-0061,1790625457604,1790626521346,1790626525358,1790626541053,1
bench_attempt,main,2,1,pressure,main-0061,1790625457648,1790626546155,1790626550178,1790626566730,1
bench_attempt,main,2,1,cheater,main-0061,1790625457692,1790626570976,1790626574874,1790626590286,1
bench_attempt,main,2,1,line-0,main-0062,1790625457735,1790626594566,1790626598861,1790626607407,1
bench_attempt,main,2,1,honest,main-0062,1790625457779,1790626611930,1790626616046,1790626632003,1
bench_attempt,main,2,1,pressure,main-0062,1790625457823,1790626638130,1790626642218,1790626657168,1
bench_attempt,main,2,1,cheater,main-0062,1790625457867,1790626661548,1790626665490,1790626680753,1
bench_attempt,main,2,1,line-0,main-0063,1790625457910,1790626685882,1790626689981,1790626698274,1
bench_attempt,main,2,1,honest,main-0063,1790625457954,1790626702691,1790626706629,1790626728792,1
bench_attempt,main,2,1,pressure,main-0063,1790625457997,1790626733977,1790626737966,1790626759841,1
bench_attempt,main,2,1,cheater,main-0063,1790625458042,1790626765433,1790626769730,1790626787187,1
bench_attempt,main,2,1,line-0,main-0064,1790625458085,1790626791517,1790626795568,1790626804109,1
bench_attempt,main,2,1,honest,main-0064,1790625458129,1790626808614,1790626812693,1790626855478,1
bench_attempt,main,2,1,pressure,main-0064,1790625458174,1790626859794,1790626863907,1790626913563,1
bench_attempt,main,2,1,cheater,main-0064,1790625458218,1790626917825,1790626921944,1790626943850,1
bench_attempt,main,2,1,line-0,main-0065,1790625458262,1790626948691,1790626952725,1790626961278,1
bench_attempt,main,2,1,honest,main-0065,1790625458306,1790626965876,1790626969919,1790627011001,1
bench_attempt,main,2,1,pressure,main-0065,1790625458349,1790627015304,1790627019547,1790627052515,1
bench_attempt,main,2,1,cheater,main-0065,1790625458393,1790627056764,1790627060832,1790627089480,1
bench_attempt,main,2,1,line-0,main-0066,1790625458436,1790627093827,1790627097851,1790627106570,1
bench_attempt,main,2,1,honest,main-0066,1790625458479,1790627111209,1790627115143,1790627128365,1
bench_attempt,main,2,1,pressure,main-0066,1790625458523,1790627132665,1790627136808,1790627147639,1
bench_attempt,main,2,1,cheater,main-0066,1790625458567,1790627151992,1790627156501,1790627169707,1
bench_attempt,main,2,1,line-0,main-0067,1790625458611,1790627174967,1790627179078,1790627187845,1
bench_attempt,main,2,1,honest,main-0067,1790625458655,1790627192383,1790627196448,1790627225730,1
bench_attempt,main,2,1,pressure,main-0067,1790625458699,1790627230056,1790627234149,1790627255441,1
bench_attempt,main,2,1,cheater,main-0067,1790625458743,1790627260617,1790627264592,1790627292570,1
bench_attempt,main,2,1,line-0,main-0068,1790625458787,1790627296879,1790627300862,1790627309280,1
bench_attempt,main,2,1,honest,main-0068,1790625458830,1790627313828,1790627317875,1790627426903,1
bench_attempt,main,2,1,pressure,main-0068,1790625458874,1790627431767,1790627435788,1790627458980,1
bench_attempt,main,2,1,cheater,main-0068,1790625458917,1790627463247,1790627467592,1790627535093,1
bench_attempt,main,2,1,line-0,main-0069,1790625458960,1790627539473,1790627543667,1790627552455,1
bench_attempt,main,2,1,honest,main-0069,1790625459003,1790627557045,1790627561164,1790627577311,1
bench_attempt,main,2,1,pressure,main-0069,1790625459047,1790627581641,1790627585765,1790627601023,1
bench_attempt,main,2,1,cheater,main-0069,1790625459090,1790627606210,1790627610701,1790627634644,1
bench_attempt,main,2,1,line-0,main-0070,1790625459134,1790627639028,1790627642998,1790627651688,1
bench_attempt,main,2,1,honest,main-0070,1790625459177,1790627656256,1790627660602,1790627692180,1
bench_attempt,main,2,1,pressure,main-0070,1790625459220,1790627696411,1790627700521,1790627726700,1
bench_attempt,main,2,1,cheater,main-0070,1790625459263,1790627730958,1790627735070,1790627756412,1
bench_attempt,main,2,1,line-0,main-0071,1790625459306,1790627760734,1790627764832,1790627774554,1
bench_attempt,main,2,1,honest,main-0071,1790625459349,1790627779176,1790627783255,1790627799770,1
bench_attempt,main,2,1,pressure,main-0071,1790625459393,1790627804852,1790627808879,1790627837647,1
bench_attempt,main,2,1,cheater,main-0071,1790625459436,1790627841911,1790627846008,1790627862604,1
bench_attempt,main,2,1,line-0,main-0072,1790625459479,1790627866978,1790627871027,1790627879757,1
bench_attempt,main,2,1,honest,main-0072,1790625459523,1790627884377,1790627888377,1790627902577,1
bench_attempt,main,2,1,pressure,main-0072,1790625459567,1790627906968,1790627910967,1790627925026,1
bench_attempt,main,2,1,cheater,main-0072,1790625459610,1790627929431,1790627933435,1790627947147,1
bench_attempt,main,2,1,line-0,main-0073,1790625459653,1790627951447,1790627955510,1790627964234,1
bench_attempt,main,2,1,honest,main-0073,1790625459696,1790627968891,1790627972875,1790627996545,1
bench_attempt,main,2,1,pressure,main-0073,1790625459739,1790628000912,1790628005163,1790628021684,1
bench_attempt,main,2,1,cheater,main-0073,1790625459783,1790628026786,1790628030865,1790628054833,1
bench_attempt,main,2,1,line-0,main-0074,1790625459826,1790628059071,1790628063179,1790628071609,1
bench_attempt,main,2,1,honest,main-0074,1790625459869,1790628076147,1790628080268,1790628125684,1
bench_attempt,main,2,1,pressure,main-0074,1790625459912,1790628129861,1790628134035,1790628192451,1
bench_attempt,main,2,1,cheater,main-0074,1790625459955,1790628196868,1790628201102,1790628238121,1
bench_attempt,main,2,1,line-0,main-0075,1790625459999,1790628242586,1790628246753,1790628255280,1
bench_attempt,main,2,1,honest,main-0075,1790625460046,1790628259862,1790628263907,1790628304620,1
bench_attempt,main,2,1,pressure,main-0075,1790625460095,1790628309647,1790628313809,1790628355675,1
bench_attempt,main,2,1,cheater,main-0075,1790625460138,1790628360089,1790628364126,1790628389051,1
bench_attempt,main,2,1,line-0,main-0076,1790625460182,1790628393259,1790628397509,1790628406052,1
bench_attempt,main,2,1,honest,main-0076,1790625460225,1790628410653,1790628414686,1790628438582,1
bench_attempt,main,2,1,pressure,main-0076,1790625460273,1790628442855,1790628446948,1790628473274,1
bench_attempt,main,2,1,cheater,main-0076,1790625460316,1790628477540,1790628481497,1790628504142,1
bench_attempt,main,2,1,line-0,main-0077,1790625460360,1790628508525,1790628512662,1790628521187,1
bench_attempt,main,2,1,honest,main-0077,1790625460403,1790628525681,1790628529887,1790628557982,1
bench_attempt,main,2,1,pressure,main-0077,1790625460446,1790628562268,1790628566720,1790628599050,1
bench_attempt,main,2,1,cheater,main-0077,1790625460490,1790628603336,1790628607509,1790628630790,1
bench_attempt,main,2,1,line-0,main-0078,1790625460533,1790628635099,1790628639232,1790628647837,1
bench_attempt,main,2,1,honest,main-0078,1790625460577,1790628652331,1790628656329,1790628686128,1
bench_attempt,main,2,1,pressure,main-0078,1790625460620,1790628690402,1790628694370,1790628716949,1
bench_attempt,main,2,1,cheater,main-0078,1790625460664,1790628721346,1790628725427,1790628746354,1
bench_attempt,main,2,1,line-0,main-0079,1790625460708,1790628750661,1790628754791,1790628763272,1
bench_attempt,main,2,1,honest,main-0079,1790625460751,1790628767796,1790628771967,1790628786313,1
bench_attempt,main,2,1,pressure,main-0079,1790625460795,1790628790643,1790628794839,1790628806109,1
bench_attempt,main,2,1,cheater,main-0079,1790625460838,1790628810353,1790628814343,1790628828981,1
bench_attempt,main,2,1,line-0,main-0080,1790625460882,1790628833409,1790628837462,1790628846039,1
bench_attempt,main,2,1,honest,main-0080,1790625460925,1790628850708,1790628854790,1790628885752,1
bench_attempt,main,2,1,pressure,main-0080,1790625460968,1790628890772,1790628894943,1790628919753,1
bench_attempt,main,2,1,cheater,main-0080,1790625461012,1790628924122,1790628928324,1790628957891,1
bench_attempt,main,2,1,line-0,main-0081,1790625461055,1790628962283,1790628966234,1790628974828,1
bench_attempt,main,2,1,honest,main-0081,1790625461099,1790628979475,1790628983484,1790628998199,1
bench_attempt,main,2,1,pressure,main-0081,1790625461142,1790629002560,1790629006726,1790629019443,1
bench_attempt,main,2,1,cheater,main-0081,1790625461185,1790629023892,1790629027980,1790629041689,1
bench_attempt,main,2,1,line-0,main-0082,1790625461229,1790629046013,1790629050392,1790629058613,1
bench_attempt,main,2,1,honest,main-0082,1790625461272,1790629063137,1790629067127,1790629095653,1
bench_attempt,main,2,1,pressure,main-0082,1790625461315,1790629100085,1790629104097,1790629132166,1
bench_attempt,main,2,1,cheater,main-0082,1790625461359,1790629136506,1790629140670,1790629157384,1
bench_attempt,main,2,1,line-0,main-0083,1790625461403,1790629161728,1790629165963,1790629174476,1
bench_attempt,main,2,1,honest,main-0083,1790625461447,1790629179015,1790629182946,1790629198724,1
bench_attempt,main,2,1,pressure,main-0083,1790625461491,1790629203149,1790629207359,1790629223533,1
bench_attempt,main,2,1,cheater,main-0083,1790625461535,1790629228166,1790629232269,1790629247703,1
bench_attempt,main,2,1,line-0,main-0084,1790625461584,1790629252139,1790629256155,1790629264837,1
bench_attempt,main,2,1,honest,main-0084,1790625461632,1790629269379,1790629273818,1790629367509,1
bench_attempt,main,2,1,pressure,main-0084,1790625461680,1790629372489,1790629376666,1790629434484,1
bench_attempt,main,2,1,cheater,main-0084,1790625461729,1790629438712,1790629443036,1790629551466,1
bench_attempt,main,2,1,line-0,main-0085,1790625461773,1790629555862,1790629559983,1790629568496,1
bench_attempt,main,2,1,honest,main-0085,1790625461816,1790629573162,1790629577336,1790629605161,1
bench_attempt,main,2,1,pressure,main-0085,1790625461860,1790629609365,1790629613633,1790629636834,1
bench_attempt,main,2,1,cheater,main-0085,1790625461903,1790629641093,1790629645318,1790629681700,1
bench_attempt,main,2,1,line-0,main-0086,1790625461947,1790629685929,1790629689931,1790629698810,1
bench_attempt,main,2,1,honest,main-0086,1790625461993,1790629703521,1790629707530,1790629747347,1
bench_attempt,main,2,1,pressure,main-0086,1790625462042,1790629751851,1790629755892,1790629786328,1
bench_attempt,main,2,1,cheater,main-0086,1790625462086,1790629791126,1790629795370,1790629836505,1
bench_attempt,main,2,1,line-0,main-0087,1790625462130,1790629841652,1790629845830,1790629854508,1
bench_attempt,main,2,1,honest,main-0087,1790625462174,1790629858984,1790629863206,1790629878209,1
bench_attempt,main,2,1,pressure,main-0087,1790625462217,1790629882556,1790629886939,1790629897728,1
bench_attempt,main,2,1,cheater,main-0087,1790625462261,1790629902057,1790629906230,1790629922548,1
bench_attempt,main,2,1,line-0,main-0088,1790625462305,1790629927666,1790629931861,1790629940670,1
bench_attempt,main,2,1,honest,main-0088,1790625462349,1790629945199,1790629949538,1790629963736,1
bench_attempt,main,2,1,pressure,main-0088,1790625462392,1790629968073,1790629972295,1790629986521,1
bench_attempt,main,2,1,cheater,main-0088,1790625462436,1790629990826,1790629995011,1790630009663,1
bench_attempt,main,2,1,line-0,main-0089,1790625462480,1790630014679,1790630018897,1790630027490,1
bench_attempt,main,2,1,honest,main-0089,1790625462524,1790630032047,1790630036063,1790630053056,1
bench_attempt,main,2,1,pressure,main-0089,1790625462567,1790630057342,1790630061554,1790630081344,1
bench_attempt,main,2,1,cheater,main-0089,1790625462611,1790630085772,1790630089860,1790630110658,1
bench_attempt,main,2,1,line-0,main-0090,1790625462655,1790630115790,1790630119863,1790630129428,1
bench_attempt,main,2,1,honest,main-0090,1790625462698,1790630134167,1790630138313,1790630148885,1
bench_attempt,main,2,1,pressure,main-0090,1790625462742,1790630152985,1790630157068,1790630167832,1
bench_attempt,main,2,1,cheater,main-0090,1790625462786,1790630172220,1790630176297,1790630190867,1
bench_attempt,main,2,1,line-0,main-0091,1790625462830,1790630195251,1790630199381,1790630208032,1
bench_attempt,main,2,1,honest,main-0091,1790625462873,1790630212643,1790630216872,1790630242712,1
bench_attempt,main,2,1,pressure,main-0091,1790625462917,1790630247003,1790630251539,1790630277211,1
bench_attempt,main,2,1,cheater,main-0091,1790625462960,1790630281484,1790630285771,1790630312572,1
bench_attempt,main,2,1,line-0,main-0092,1790625463003,1790630317027,1790630321073,1790630329900,1
bench_attempt,main,2,1,honest,main-0092,1790625463047,1790630334541,1790630338937,1790630365128,1
bench_attempt,main,2,1,pressure,main-0092,1790625463090,1790630370087,1790630374102,1790630401924,1
bench_attempt,main,2,1,cheater,main-0092,1790625463134,1790630406409,1790630410576,1790630436813,1
bench_attempt,main,2,1,line-0,main-0093,1790625463177,1790630441048,1790630445341,1790630455292,1
bench_attempt,main,2,1,honest,main-0093,1790625463220,1790630460005,1790630464050,1790630491768,1
bench_attempt,main,2,1,pressure,main-0093,1790625463263,1790630496243,1790630500335,1790630523444,1
bench_attempt,main,2,1,cheater,main-0093,1790625463306,1790630527862,1790630531905,1790630558592,1
bench_attempt,main,2,1,line-0,main-0094,1790625463349,1790630563029,1790630567128,1790630576083,1
bench_attempt,main,2,1,honest,main-0094,1790625463393,1790630580540,1790630585079,1790630617394,1
bench_attempt,main,2,1,pressure,main-0094,1790625463436,1790630621675,1790630625966,1790630651829,1
bench_attempt,main,2,1,cheater,main-0094,1790625463479,1790630656118,1790630660637,1790630686269,1
bench_attempt,main,2,1,line-0,main-0095,1790625463522,1790630690734,1790630695196,1790630703584,1
bench_attempt,main,2,1,honest,main-0095,1790625463566,1790630708156,1790630712478,1790630737282,1
bench_attempt,main,2,1,pressure,main-0095,1790625463609,1790630741645,1790630745756,1790630770193,1
bench_attempt,main,2,1,cheater,main-0095,1790625463652,1790630774553,1790630778779,1790630799833,1
bench_attempt,main,2,1,line-0,main-0097,1790625463695,1790630804243,1790630808691,1790630817372,1
bench_attempt,main,2,1,honest,main-0097,1790625463739,1790630821861,1790630826177,1790630860052,1
bench_attempt,main,2,1,pressure,main-0097,1790625463782,1790630864371,1790630868451,1790630900731,1
bench_attempt,main,2,1,cheater,main-0097,1790625463825,1790630905027,1790630909276,1790630948572,1
bench_attempt,main,2,1,line-0,main-0043,1790625463869,1790630953037,1790630957133,1790630966097,1
bench_attempt,main,2,1,honest,main-0043,1790625463912,1790630970668,1790630974985,1790630996320,1
bench_attempt,main,2,1,pressure,main-0043,1790625463956,1790631000771,1790631004963,1790631040029,1
bench_attempt,main,2,1,cheater,main-0043,1790625463999,1790631044399,1790631048592,1790631159707,1
bench_attempt,main,2,1,line-0,main-0059,1790625464042,1790631164041,1790631168274,1790631178185,1
bench_attempt,main,2,1,honest,main-0059,1790625464086,1790631183625,1790631187979,1790631227146,1
bench_attempt,main,2,1,pressure,main-0059,1790625464130,1790631231702,1790631235900,1790631268830,1
bench_attempt,main,2,1,cheater,main-0059,1790625464174,1790631273283,1790631277595,1790631308191,1
bench_attempt,main,2,1,line-0,main-0096,1790625464217,1790631312515,1790631316696,1790631325499,1
bench_attempt,main,2,1,honest,main-0096,1790625464261,1790631330155,1790631334212,1790631392732,1
bench_attempt,main,2,1,pressure,main-0096,1790625464304,1790631397288,1790631401323,1790631459806,1
bench_attempt,main,2,1,cheater,main-0096,1790625464348,1790631464069,1790631468397,1790631545306,1
bench_attempt,main,2,1,line-0,main-0102,1790625464392,1790631550571,1790631554664,1790631563306,1
bench_attempt,main,2,1,honest,main-0102,1790625464436,1790631568017,1790631572107,1790631602489,1
bench_attempt,main,2,1,pressure,main-0102,1790625464479,1790631606715,1790631611110,1790631633486,1
bench_attempt,main,2,1,cheater,main-0102,1790625464522,1790631637859,1790631642112,1790631667821,1
bench_attempt,main,2,1,line-0,main-0128,1790625464566,1790631672278,1790631676520,1790631685500,1
bench_attempt,main,2,1,honest,main-0128,1790625464610,1790631690080,1790631694407,1790631718203,1
bench_attempt,main,2,1,pressure,main-0128,1790625464653,1790631722733,1790631727132,1790631748112,1
bench_attempt,main,2,1,cheater,main-0128,1790625464697,1790631752247,1790631756490,1790631796034,1
bench_verify,main,2,1,line-0,main-0051,1790625484092,1790631800461,1790631804721,1790631816644,1
bench_verify,main,2,1,honest,main-0051,1790625528701,1790631821374,1790631824144,1790631835864,1
bench_verify,main,2,1,pressure,main-0051,1790625549776,1790631840720,1790631843808,1790631856107,1
bench_verify,main,2,1,cheater,main-0051,1790625576593,1790631860843,1790631863668,1790631875784,1
bench_verify,main,2,1,line-0,main-0052,1790625593967,1790631880521,1790631883347,1790631895511,1
bench_verify,main,2,1,honest,main-0052,1790625637161,1790631900164,1790631902843,1790631915291,1
bench_verify,main,2,1,pressure,main-0052,1790625675665,1790631920019,1790631922841,1790631935788,1
bench_verify,main,2,1,cheater,main-0052,1790625709405,1790631940467,1790631943352,1790631955504,1
bench_verify,main,2,1,line-0,main-0053,1790625726335,1790631960163,1790631962819,1790631975257,1
bench_verify,main,2,1,honest,main-0053,1790625756259,1790631980003,1790631982577,1790631994720,1
bench_verify,main,2,1,pressure,main-0053,1790625785171,1790631999393,1790632002091,1790632014537,1
bench_verify,main,2,1,cheater,main-0053,1790625820246,1790632019249,1790632022088,1790632034563,1
bench_verify,main,2,1,line-0,main-0054,1790625837624,1790632039319,1790632042133,1790632055579,1
bench_verify,main,2,1,honest,main-0054,1790625885999,1790632060180,1790632063074,1790632075482,1
bench_verify,main,2,1,pressure,main-0054,1790625914295,1790632080169,1790632083074,1790632094581,1
bench_verify,main,2,1,cheater,main-0054,1790625944369,1790632099393,1790632101972,1790632114382,1
bench_verify,main,2,1,line-0,main-0055,1790625962645,1790632119073,1790632121845,1790632133943,1
bench_verify,main,2,1,honest,main-0055,1790625998373,1790632138621,1790632141313,1790632153504,1
bench_verify,main,2,1,pressure,main-0055,1790626028030,1790632158201,1790632161085,1790632173822,1
bench_verify,main,2,1,cheater,main-0055,1790626059411,1790632178637,1790632181409,1790632193871,1
bench_verify,main,2,1,line-0,main-0056,1790626077328,1790632198625,1790632201551,1790632213467,1
bench_verify,main,2,1,honest,main-0056,1790626099434,1790632218165,1790632221092,1790632233583,1
bench_verify,main,2,1,pressure,main-0056,1790626120344,1790632238308,1790632241464,1790632253043,1
bench_verify,main,2,1,cheater,main-0056,1790626144209,1790632257742,1790632260378,1790632272128,1
bench_verify,main,2,1,line-0,main-0057,1790626161350,1790632276940,1790632279800,1790632292311,1
bench_verify,main,2,1,honest,main-0057,1790626187786,1790632297126,1790632299940,1790632312436,1
bench_verify,main,2,1,pressure,main-0057,1790626207896,1790632317293,1790632320026,1790632332511,1
bench_verify,main,2,1,cheater,main-0057,1790626232830,1790632337392,1790632340182,1790632352698,1
bench_verify,main,2,1,line-0,main-0058,1790626251048,1790632357477,1790632360086,1790632373660,1
bench_verify,main,2,1,honest,main-0058,1790626292570,1790632378382,1790632381340,1790632393153,1
bench_verify,main,2,1,pressure,main-0058,1790626336613,1790632397864,1790632400756,1790632412962,1
bench_verify,main,2,1,cheater,main-0058,1790626384501,1790632417528,1790632420337,1790632433847,1
bench_verify,main,2,1,line-0,main-0060,1790626401767,1790632439292,1790632441984,1790632453694,1
bench_verify,main,2,1,honest,main-0060,1790626432511,1790632458476,1790632461273,1790632473523,1
bench_verify,main,2,1,pressure,main-0060,1790626468280,1790632478265,1790632481141,1790632493690,1
bench_verify,main,2,1,cheater,main-0060,1790626505599,1790632498465,1790632501075,1790632513355,1
bench_verify,main,2,1,line-0,main-0061,1790626522872,1790632518071,1790632520992,1790632533525,1
bench_verify,main,2,1,honest,main-0061,1790626547785,1790632538206,1790632540911,1790632553490,1
bench_verify,main,2,1,pressure,main-0061,1790626572502,1790632558254,1790632561050,1790632574534,1
bench_verify,main,2,1,cheater,main-0061,1790626596134,1790632579202,1790632581910,1790632594121,1
bench_verify,main,2,1,line-0,main-0062,1790626613566,1790632598866,1790632601521,1790632614112,1
bench_verify,main,2,1,honest,main-0062,1790626639703,1790632618861,1790632621726,1790632634007,1
bench_verify,main,2,1,pressure,main-0062,1790626663109,1790632639328,1790632642524,1790632654163,1
bench_verify,main,2,1,cheater,main-0062,1790626687501,1790632658797,1790632661529,1790632673091,1
bench_verify,main,2,1,line-0,main-0063,1790626704294,1790632677879,1790632680733,1790632693215,1
bench_verify,main,2,1,honest,main-0063,1790626735596,1790632698124,1790632700898,1790632714396,1
bench_verify,main,2,1,pressure,main-0063,1790626767032,1790632719160,1790632722231,1790632733826,1
bench_verify,main,2,1,cheater,main-0063,1790626793046,1790632738512,1790632741220,1790632752797,1
bench_verify,main,2,1,line-0,main-0064,1790626810271,1790632757462,1790632760215,1790632772786,1
bench_verify,main,2,1,honest,main-0064,1790626861441,1790632777542,1790632780414,1790632792779,1
bench_verify,main,2,1,pressure,main-0064,1790626919436,1790632797443,1790632800260,1790632812924,1
bench_verify,main,2,1,cheater,main-0064,1790626950298,1790632817649,1790632820545,1790632832837,1
bench_verify,main,2,1,line-0,main-0065,1790626967430,1790632837582,1790632840510,1790632852954,1
bench_verify,main,2,1,honest,main-0065,1790627016971,1790632857730,1790632861159,1790632873703,1
bench_verify,main,2,1,pressure,main-0065,1790627058405,1790632878386,1790632881164,1790632893638,1
bench_verify,main,2,1,cheater,main-0065,1790627095370,1790632898395,1790632901272,1790632913512,1
bench_verify,main,2,1,line-0,main-0066,1790627112836,1790632918259,1790632921178,1790632932839,1
bench_verify,main,2,1,honest,main-0066,1790627134343,1790632937696,1790632940571,1790632953007,1
bench_verify,main,2,1,pressure,main-0066,1790627153544,1790632957718,1790632960610,1790632972250,1
bench_verify,main,2,1,cheater,main-0066,1790627176510,1790632977179,1790632979935,1790632992205,1
bench_verify,main,2,1,line-0,main-0067,1790627194082,1790632996915,1790632999564,1790633012993,1
bench_verify,main,2,1,honest,main-0067,1790627231694,1790633017666,1790633020429,1790633032917,1
bench_verify,main,2,1,pressure,main-0067,1790627262248,1790633037729,1790633040497,1790633054065,1
bench_verify,main,2,1,cheater,main-0067,1790627298499,1790633058988,1790633061992,1790633073656,1
bench_verify,main,2,1,line-0,main-0068,1790627315466,1790633078547,1790633081263,1790633092873,1
bench_verify,main,2,1,honest,main-0068,1790627433289,1790633097601,1790633100578,1790633112808,1
bench_verify,main,2,1,pressure,main-0068,1790627464932,1790633117542,1790633120775,1790633132872,1
bench_verify,main,2,1,cheater,main-0068,1790627541020,1790633137670,1790633140285,1790633151936,1
bench_verify,main,2,1,line-0,main-0069,1790627558603,1790633156704,1790633159337,1790633171909,1
bench_verify,main,2,1,honest,main-0069,1790627583259,1790633176714,1790633179534,1790633191909,1
bench_verify,main,2,1,pressure,main-0069,1790627607870,1790633196716,1790633199455,1790633211742,1
bench_verify,main,2,1,cheater,main-0069,1790627640677,1790633216489,1790633219133,1790633231542,1
bench_verify,main,2,1,line-0,main-0070,1790627657866,1790633236221,1790633238949,1790633252273,1
bench_verify,main,2,1,honest,main-0070,1790627698021,1790633257050,1790633260010,1790633271525,1
bench_verify,main,2,1,pressure,main-0070,1790627732601,1790633276251,1790633278971,1790633290934,1
bench_verify,main,2,1,cheater,main-0070,1790627762314,1790633295575,1790633298248,1790633310764,1
bench_verify,main,2,1,line-0,main-0071,1790627780812,1790633315481,1790633318196,1790633331796,1
bench_verify,main,2,1,honest,main-0071,1790627806466,1790633336505,1790633339242,1790633351020,1
bench_verify,main,2,1,pressure,main-0071,1790627843525,1790633355745,1790633358402,1790633370914,1
bench_verify,main,2,1,cheater,main-0071,1790627868562,1790633375751,1790633378582,1790633391226,1
bench_verify,main,2,1,line-0,main-0072,1790627885973,1790633396027,1790633399130,1790633411580,1
bench_verify,main,2,1,honest,main-0072,1790627908611,1790633416346,1790633419490,1790633431322,1
bench_verify,main,2,1,pressure,main-0072,1790627931002,1790633436148,1790633438980,1790633450808,1
bench_verify,main,2,1,cheater,main-0072,1790627953092,1790633455540,1790633458206,1790633471731,1
bench_verify,main,2,1,line-0,main-0073,1790627970507,1790633476543,1790633479675,1790633491216,1
bench_verify,main,2,1,honest,main-0073,1790628002596,1790633495982,1790633498783,1790633510315,1
bench_verify,main,2,1,pressure,main-0073,1790628028437,1790633515221,1790633518047,1790633530592,1
bench_verify,main,2,1,cheater,main-0073,1790628060609,1790633535435,1790633538267,1790633551564,1
bench_verify,main,2,1,line-0,main-0074,1790628077802,1790633556379,1790633559703,1790633571301,1
bench_verify,main,2,1,honest,main-0074,1790628131457,1790633576103,1790633578749,1790633590444,1
bench_verify,main,2,1,pressure,main-0074,1790628198427,1790633595291,1790633598087,1790633610670,1
bench_verify,main,2,1,cheater,main-0074,1790628244170,1790633615382,1790633618336,1790633631517,1
bench_verify,main,2,1,line-0,main-0075,1790628261402,1790633636423,1790633639189,1790633650960,1
bench_verify,main,2,1,honest,main-0075,1790628311305,1790633655717,1790633658657,1790633670345,1
bench_verify,main,2,1,pressure,main-0075,1790628361715,1790633675235,1790633678037,1790633690776,1
bench_verify,main,2,1,cheater,main-0075,1790628394848,1790633695469,1790633698375,1790633711806,1
bench_verify,main,2,1,line-0,main-0076,1790628412194,1790633716541,1790633719473,1790633731573,1
bench_verify,main,2,1,honest,main-0076,1790628444473,1790633736370,1790633739255,1790633751376,1
bench_verify,main,2,1,pressure,main-0076,1790628479164,1790633756052,1790633759067,1790633771604,1
bench_verify,main,2,1,cheater,main-0076,1790628510185,1790633777080,1790633780167,1790633792003,1
bench_verify,main,2,1,line-0,main-0077,1790628527316,1790633796824,1790633799673,1790633811976,1
bench_verify,main,2,1,honest,main-0077,1790628563873,1790633816680,1790633819445,1790633832122,1
bench_verify,main,2,1,pressure,main-0077,1790628604937,1790633836917,1790633839882,1790633853244,1
bench_verify,main,2,1,cheater,main-0077,1790628636735,1790633858757,1790633861526,1790633873490,1
bench_verify,main,2,1,line-0,main-0078,1790628653872,1790633878249,1790633880949,1790633893510,1
bench_verify,main,2,1,honest,main-0078,1790628691948,1790633898305,1790633901221,1790633914677,1
bench_verify,main,2,1,pressure,main-0078,1790628722902,1790633919634,1790633922872,1790633934663,1
bench_verify,main,2,1,cheater,main-0078,1790628752271,1790633939501,1790633942593,1790633954368,1
bench_verify,main,2,1,line-0,main-0079,1790628769370,1790633959213,1790633962040,1790633973750,1
bench_verify,main,2,1,honest,main-0079,1790628792249,1790633978529,1790633981243,1790633993612,1
bench_verify,main,2,1,pressure,main-0079,1790628811968,1790633998361,1790634001325,1790634013935,1
bench_verify,main,2,1,cheater,main-0079,1790628834959,1790634018691,1790634021549,1790634033997,1
bench_verify,main,2,1,line-0,main-0080,1790628852316,1790634038734,1790634041636,1790634053732,1
bench_verify,main,2,1,honest,main-0080,1790628892385,1790634058566,1790634061407,1790634073876,1
bench_verify,main,2,1,pressure,main-0080,1790628925795,1790634078548,1790634081494,1790634093964,1
bench_verify,main,2,1,cheater,main-0080,1790628963853,1790634098879,1790634101659,1790634113987,1
bench_verify,main,2,1,line-0,main-0081,1790628981121,1790634118726,1790634121588,1790634134721,1
bench_verify,main,2,1,honest,main-0081,1790629004182,1790634139605,1790634142391,1790634155050,1
bench_verify,main,2,1,pressure,main-0081,1790629025496,1790634159767,1790634162416,1790634174955,1
bench_verify,main,2,1,cheater,main-0081,1790629047637,1790634179975,1790634182926,1790634196560,1
bench_verify,main,2,1,line-0,main-0082,1790629064757,1790634201434,1790634204844,1790634217138,1
bench_verify,main,2,1,honest,main-0082,1790629101638,1790634222006,1790634224752,1790634236375,1
bench_verify,main,2,1,pressure,main-0082,1790629138140,1790634241115,1790634243783,1790634256965,1
bench_verify,main,2,1,cheater,main-0082,1790629163370,1790634261802,1790634264667,1790634277315,1
bench_verify,main,2,1,line-0,main-0083,1790629180548,1790634282067,1790634284782,1790634297302,1
bench_verify,main,2,1,honest,main-0083,1790629204786,1790634302086,1790634305004,1790634318391,1
bench_verify,main,2,1,pressure,main-0083,1790629229831,1790634323193,1790634326307,1790634338211,1
bench_verify,main,2,1,cheater,main-0083,1790629253749,1790634343079,1790634345870,1790634357702,1
bench_verify,main,2,1,line-0,main-0084,1790629271017,1790634362545,1790634365345,1790634377936,1
bench_verify,main,2,1,honest,main-0084,1790629374137,1790634382760,1790634385575,1790634397981,1
bench_verify,main,2,1,pressure,main-0084,1790629440398,1790634402802,1790634405645,1790634419466,1
bench_verify,main,2,1,cheater,main-0084,1790629557458,1790634424326,1790634427140,1790634439763,1
bench_verify,main,2,1,line-0,main-0085,1790629574800,1790634444592,1790634447511,1790634460182,1
bench_verify,main,2,1,honest,main-0085,1790629611046,1790634464929,1790634467825,1790634480601,1
bench_verify,main,2,1,pressure,main-0085,1790629642811,1790634485456,1790634488259,1790634500090,1
bench_verify,main,2,1,cheater,main-0085,1790629687573,1790634504945,1790634507717,1790634520244,1
bench_verify,main,2,1,line-0,main-0086,1790629705156,1790634524915,1790634527609,1790634540202,1
bench_verify,main,2,1,honest,main-0086,1790629753428,1790634545205,1790634548043,1790634561408,1
bench_verify,main,2,1,pressure,main-0086,1790629792780,1790634566380,1790634569071,1790634581431,1
bench_verify,main,2,1,cheater,main-0086,1790629843324,1790634586129,1790634589064,1790634601541,1
bench_verify,main,2,1,line-0,main-0087,1790629860623,1790634606424,1790634609278,1790634621820,1
bench_verify,main,2,1,honest,main-0087,1790629884182,1790634626757,1790634629722,1790634642236,1
bench_verify,main,2,1,pressure,main-0087,1790629903696,1790634647063,1790634649909,1790634662371,1
bench_verify,main,2,1,cheater,main-0087,1790629929249,1790634667233,1790634670103,1790634682685,1
bench_verify,main,2,1,line-0,main-0088,1790629946884,1790634687542,1790634690404,1790634703040,1
bench_verify,main,2,1,honest,main-0088,1790629969735,1790634707864,1790634710753,1790634723331,1
bench_verify,main,2,1,pressure,main-0088,1790629992469,1790634728258,1790634730987,1790634743687,1
bench_verify,main,2,1,cheater,main-0088,1790630016330,1790634748605,1790634751390,1790634763987,1
bench_verify,main,2,1,line-0,main-0089,1790630033641,1790634768843,1790634771716,1790634784842,1
bench_verify,main,2,1,honest,main-0089,1790630059023,1790634789626,1790634792461,1790634804793,1
bench_verify,main,2,1,pressure,main-0089,1790630087366,1790634809585,1790634812516,1790634825177,1
bench_verify,main,2,1,cheater,main-0089,1790630117369,1790634829988,1790634832815,1790634844769,1
bench_verify,main,2,1,line-0,main-0090,1790630135771,1790634849646,1790634852585,1790634865973,1
bench_verify,main,2,1,honest,main-0090,1790630154572,1790634870784,1790634873737,1790634885531,1
bench_verify,main,2,1,pressure,main-0090,1790630173823,1790634890347,1790634893214,1790634905812,1
bench_verify,main,2,1,cheater,main-0090,1790630196912,1790634910723,1790634913524,1790634926133,1
bench_verify,main,2,1,line-0,main-0091,1790630214331,1790634930941,1790634933892,1790634945993,1
bench_verify,main,2,1,honest,main-0091,1790630248793,1790634950837,1790634954083,1790634966478,1
bench_verify,main,2,1,pressure,main-0091,1790630283170,1790634971516,1790634974506,1790634986312,1
bench_verify,main,2,1,cheater,main-0091,1790630318615,1790634991263,1790634993950,1790635006639,1
bench_verify,main,2,1,line-0,main-0092,1790630336204,1790635011609,1790635014324,1790635026927,1
bench_verify,main,2,1,honest,main-0092,1790630371671,1790635031739,1790635034668,1790635047130,1
bench_verify,main,2,1,pressure,main-0092,1790630408116,1790635051982,1790635055185,1790635067383,1
bench_verify,main,2,1,cheater,main-0092,1790630442698,1790635072164,1790635075402,1790635087185,1
bench_verify,main,2,1,line-0,main-0093,1790630461614,1790635092214,1790635094948,1790635106880,1
bench_verify,main,2,1,honest,main-0093,1790630497837,1790635111786,1790635114567,1790635127199,1
bench_verify,main,2,1,pressure,main-0093,1790630529512,1790635132061,1790635134937,1790635147526,1
bench_verify,main,2,1,cheater,main-0093,1790630564692,1790635152420,1790635155259,1790635167873,1
bench_verify,main,2,1,line-0,main-0094,1790630582195,1790635172688,1790635175542,1790635187473,1
bench_verify,main,2,1,honest,main-0094,1790630623327,1790635192289,1790635195160,1790635207784,1
bench_verify,main,2,1,pressure,main-0094,1790630657809,1790635212604,1790635215835,1790635227573,1
bench_verify,main,2,1,cheater,main-0094,1790630692337,1790635232327,1790635235225,1790635247131,1
bench_verify,main,2,1,line-0,main-0095,1790630709813,1790635251944,1790635254869,1790635267175,1
bench_verify,main,2,1,honest,main-0095,1790630743277,1790635272034,1790635274888,1790635287539,1
bench_verify,main,2,1,pressure,main-0095,1790630776230,1790635292435,1790635295253,1790635307662,1
bench_verify,main,2,1,cheater,main-0095,1790630805885,1790635312413,1790635315332,1790635327921,1
bench_verify,main,2,1,line-0,main-0097,1790630823578,1790635332730,1790635335893,1790635347780,1
bench_verify,main,2,1,honest,main-0097,1790630866059,1790635352722,1790635355554,1790635367448,1
bench_verify,main,2,1,pressure,main-0097,1790630906719,1790635372274,1790635375221,1790635387842,1
bench_verify,main,2,1,cheater,main-0097,1790630954700,1790635392763,1790635395633,1790635408422,1
bench_verify,main,2,1,line-0,main-0043,1790630972397,1790635413234,1790635416228,1790635429579,1
bench_verify,main,2,1,honest,main-0043,1790631002429,1790635434425,1790635437267,1790635449068,1
bench_verify,main,2,1,pressure,main-0043,1790631046109,1790635454024,1790635456832,1790635469525,1
bench_verify,main,2,1,cheater,main-0043,1790631165633,1790635474349,1790635477074,1790635490558,1
bench_verify,main,2,1,line-0,main-0059,1790631185334,1790635495283,1790635498043,1790635510430,1
bench_verify,main,2,1,honest,main-0059,1790631233341,1790635515214,1790635518166,1790635530757,1
bench_verify,main,2,1,pressure,main-0059,1790631274994,1790635535719,1790635538499,1790635551505,1
bench_verify,main,2,1,cheater,main-0059,1790631314210,1790635556257,1790635558970,1790635571703,1
bench_verify,main,2,1,line-0,main-0096,1790631331764,1790635576612,1790635579500,1790635592176,1
bench_verify,main,2,1,honest,main-0096,1790631398939,1790635597082,1790635599919,1790635613114,1
bench_verify,main,2,1,pressure,main-0096,1790631465816,1790635618038,1790635620848,1790635632690,1
bench_verify,main,2,1,cheater,main-0096,1790631552201,1790635637532,1790635640418,1790635652974,1
bench_verify,main,2,1,line-0,main-0102,1790631569616,1790635657744,1790635660445,1790635673759,1
bench_verify,main,2,1,honest,main-0102,1790631608404,1790635678535,1790635681506,1790635693986,1
bench_verify,main,2,1,pressure,main-0102,1790631639661,1790635698681,1790635701454,1790635713338,1
bench_verify,main,2,1,cheater,main-0102,1790631673969,1790635718128,1790635720831,1790635733357,1
bench_verify,main,2,1,line-0,main-0128,1790631691736,1790635738218,1790635741124,1790635753501,1
bench_verify,main,2,1,honest,main-0128,1790631724540,1790635758359,1790635761529,1790635773351,1
bench_verify,main,2,1,pressure,main-0128,1790631753909,1790635778126,1790635781190,1790635793648,1
bench_verify,main,2,1,cheater,main-0128,1790631802124,1790635798575,1790635801407,1790635814102,1
bench_attempt,main,3,1,line-0,main-0098,1790664238991,1790664251907,1790664256013,1790664264697,1
bench_attempt,main,3,1,honest,main-0098,1790664239047,1790664269584,1790664273944,1790664313544,1
bench_attempt,main,3,1,pressure,main-0098,1790664239098,1790664318099,1790664322759,1790664347988,1
bench_attempt,main,3,1,cheater,main-0098,1790664239151,1790664352628,1790664356952,1790664382828,1
bench_attempt,main,3,1,line-0,main-0099,1790664239203,1790664387510,1790664391806,1790664401705,1
bench_attempt,main,3,1,honest,main-0099,1790664239254,1790664406872,1790664411302,1790664452634,1
bench_attempt,main,3,1,pressure,main-0099,1790664239304,1790664457151,1790664461450,1790664482661,1
bench_attempt,main,3,1,cheater,main-0099,1790664239356,1790664488144,1790664492613,1790664563906,1
bench_attempt,main,3,1,line-0,main-0100,1790664239409,1790664568486,1790664572952,1790664582730,1
bench_attempt,main,3,1,honest,main-0100,1790664239461,1790664587579,1790664591881,1790664611660,1
bench_attempt,main,3,1,pressure,main-0100,1790664239514,1790664616129,1790664620622,1790664631515,1
bench_attempt,main,3,1,cheater,main-0100,1790664239565,1790664636156,1790664640436,1790664656973,1
bench_attempt,main,3,1,line-0,main-0101,1790664239617,1790664661787,1790664666165,1790664675435,1
bench_attempt,main,3,1,honest,main-0101,1790664239668,1790664680281,1790664684643,1790664696162,1
bench_attempt,main,3,1,pressure,main-0101,1790664239720,1790664700732,1790664705092,1790664716176,1
bench_attempt,main,3,1,cheater,main-0101,1790664239772,1790664720693,1790664725007,1790664739706,1
bench_attempt,main,3,1,line-0,main-0103,1790664239823,1790664744344,1790664748630,1790664758420,1
bench_attempt,main,3,1,honest,main-0103,1790664239874,1790664763320,1790664767609,1790664788754,1
bench_attempt,main,3,1,pressure,main-0103,1790664239925,1790664793260,1790664797596,1790664831362,1
bench_attempt,main,3,1,cheater,main-0103,1790664239977,1790664836699,1790664841126,1790664871847,1
bench_attempt,main,3,1,line-0,main-0104,1790664240028,1790664876500,1790664880978,1790664889738,1
bench_attempt,main,3,1,honest,main-0104,1790664240078,1790664894570,1790664898943,1790664919420,1
bench_attempt,main,3,1,pressure,main-0104,1790664240130,1790664924065,1790664928600,1790664939849,1
bench_attempt,main,3,1,cheater,main-0104,1790664240181,1790664944430,1790664948781,1790664972097,1
bench_attempt,main,3,1,line-0,main-0105,1790664240232,1790664976584,1790664980998,1790664991241,1
bench_attempt,main,3,1,honest,main-0105,1790664240283,1790664996238,1790665000663,1790665031798,1
bench_attempt,main,3,1,pressure,main-0105,1790664240354,1790665037222,1790665041754,1790665066387,1
bench_attempt,main,3,1,cheater,main-0105,1790664240421,1790665071079,1790665075626,1790665103875,1
bench_attempt,main,3,1,line-0,main-0106,1790664240483,1790665108581,1790665113017,1790665122282,1
bench_attempt,main,3,1,honest,main-0106,1790664240539,1790665127163,1790665132046,1790665146481,1
bench_attempt,main,3,1,pressure,main-0106,1790664240594,1790665152074,1790665156461,1790665167390,1
bench_attempt,main,3,1,cheater,main-0106,1790664240645,1790665172019,1790665176464,1790665192096,1
bench_attempt,main,3,1,line-0,main-0107,1790664240702,1790665196841,1790665201250,1790665210848,1
bench_attempt,main,3,1,honest,main-0107,1790664240753,1790665215672,1790665220681,1790665232749,1
bench_attempt,main,3,1,pressure,main-0107,1790664240804,1790665237635,1790665242488,1790665254484,1
bench_attempt,main,3,1,cheater,main-0107,1790664240855,1790665259375,1790665264178,1790665279368,1
bench_attempt,main,3,1,line-0,main-0108,1790664240907,1790665283932,1790665288472,1790665298003,1
bench_attempt,main,3,1,honest,main-0108,1790664240958,1790665302906,1790665307451,1790665323288,1
bench_attempt,main,3,1,pressure,main-0108,1790664241011,1790665327878,1790665332286,1790665352510,1
bench_attempt,main,3,1,cheater,main-0108,1790664241061,1790665357233,1790665361615,1790665377771,1
bench_attempt,main,3,1,line-0,main-0109,1790664241112,1790665382596,1790665387023,1790665396277,1
bench_attempt,main,3,1,honest,main-0109,1790664241164,1790665401170,1790665405459,1790665416922,1
bench_attempt,main,3,1,pressure,main-0109,1790664241215,1790665421626,1790665426198,1790665442010,1
bench_attempt,main,3,1,cheater,main-0109,1790664241271,1790665447145,1790665451719,1790665466781,1
bench_attempt,main,3,1,line-0,main-0110,1790664241323,1790665471373,1790665475989,1790665485294,1
bench_attempt,main,3,1,honest,main-0110,1790664241375,1790665490228,1790665494663,1790665506175,1
bench_attempt,main,3,1,pressure,main-0110,1790664241426,1790665510800,1790665515375,1790665526594,1
bench_attempt,main,3,1,cheater,main-0110,1790664241477,1790665531284,1790665535781,1790665551403,1
bench_attempt,main,3,1,line-0,main-0111,1790664241527,1790665556922,1790665561483,1790665570519,1
bench_attempt,main,3,1,honest,main-0111,1790664241578,1790665575563,1790665579992,1790665590947,1
bench_attempt,main,3,1,pressure,main-0111,1790664241629,1790665596572,1790665600966,1790665613426,1
bench_attempt,main,3,1,cheater,main-0111,1790664241680,1790665617988,1790665622462,1790665636734,1
bench_attempt,main,3,1,line-0,main-0112,1790664241731,1790665642310,1790665646792,1790665655892,1
bench_attempt,main,3,1,honest,main-0112,1790664241782,1790665660995,1790665665382,1790665691090,1
bench_attempt,main,3,1,pressure,main-0112,1790664241833,1790665695768,1790665700320,1790665726875,1
bench_attempt,main,3,1,cheater,main-0112,1790664241884,1790665731516,1790665736003,1790665753208,1
bench_attempt,main,3,1,line-0,main-0113,1790664241935,1790665757839,1790665762370,1790665771604,1
bench_attempt,main,3,1,honest,main-0113,1790664241986,1790665776672,1790665781136,1790665809266,1
bench_attempt,main,3,1,pressure,main-0113,1790664242038,1790665814031,1790665818482,1790665846694,1
bench_attempt,main,3,1,cheater,main-0113,1790664242088,1790665851714,1790665856499,1790665886301,1
bench_attempt,main,3,1,line-0,main-0114,1790664242139,1790665890982,1790665895418,1790665904737,1
bench_attempt,main,3,1,honest,main-0114,1790664242191,1790665909857,1790665914473,1790665932330,1
bench_attempt,main,3,1,pressure,main-0114,1790664242242,1790665937163,1790665941893,1790665966523,1
bench_attempt,main,3,1,cheater,main-0114,1790664242293,1790665971334,1790665975780,1790666006402,1
bench_attempt,main,3,1,line-0,main-0115,1790664242343,1790666011159,1790666015647,1790666025080,1
bench_attempt,main,3,1,honest,main-0115,1790664242402,1790666030624,1790666035036,1790666046634,1
bench_attempt,main,3,1,pressure,main-0115,1790664242455,1790666051371,1790666055812,1790666067420,1
bench_attempt,main,3,1,cheater,main-0115,1790664242506,1790666072099,1790666076700,1790666111941,1
bench_attempt,main,3,1,line-0,main-0116,1790664242558,1790666116663,1790666121068,1790666131514,1
bench_attempt,main,3,1,honest,main-0116,1790664242609,1790666136509,1790666141041,1790666158028,1
bench_attempt,main,3,1,pressure,main-0116,1790664242660,1790666162704,1790666167042,1790666183340,1
bench_attempt,main,3,1,cheater,main-0116,1790664242710,1790666188196,1790666192609,1790666209823,1
bench_attempt,main,3,1,line-0,main-0117,1790664242762,1790666214486,1790666219243,1790666228683,1
bench_attempt,main,3,1,honest,main-0117,1790664242812,1790666233695,1790666237999,1790666255110,1
bench_attempt,main,3,1,pressure,main-0117,1790664242864,1790666259893,1790666264578,1790666282735,1
bench_attempt,main,3,1,cheater,main-0117,1790664242915,1790666288411,1790666293182,1790666308305,1
bench_attempt,main,3,1,line-0,main-0118,1790664242967,1790666313077,1790666317836,1790666327015,1
bench_attempt,main,3,1,honest,main-0118,1790664243018,1790666331886,1790666336548,1790666360922,1
bench_attempt,main,3,1,pressure,main-0118,1790664243070,1790666365564,1790666369995,1790666391511,1
bench_attempt,main,3,1,cheater,main-0118,1790664243121,1790666396188,1790666400859,1790666423512,1
bench_attempt,main,3,1,line-0,main-0119,1790664243172,1790666428218,1790666432547,1790666442545,1
bench_attempt,main,3,1,honest,main-0119,1790664243222,1790666447478,1790666452118,1790666475365,1
bench_attempt,main,3,1,pressure,main-0119,1790664243273,1790666480104,1790666484699,1790666503119,1
bench_attempt,main,3,1,cheater,main-0119,1790664243324,1790666507905,1790666512336,1790666539086,1
bench_attempt,main,3,1,line-0,main-0120,1790664243376,1790666543734,1790666548134,1790666558391,1
bench_attempt,main,3,1,honest,main-0120,1790664243427,1790666563357,1790666567839,1790666588715,1
bench_attempt,main,3,1,pressure,main-0120,1790664243478,1790666594219,1790666598876,1790666623688,1
bench_attempt,main,3,1,cheater,main-0120,1790664243529,1790666629068,1790666633547,1790666656977,1
bench_attempt,main,3,1,line-0,main-0121,1790664243581,1790666661743,1790666666355,1790666676624,1
bench_attempt,main,3,1,honest,main-0121,1790664243633,1790666681637,1790666686305,1790666702713,1
bench_attempt,main,3,1,pressure,main-0121,1790664243688,1790666708493,1790666712983,1790666730571,1
bench_attempt,main,3,1,cheater,main-0121,1790664243747,1790666735318,1790666739879,1790666757154,1
bench_attempt,main,3,1,line-0,main-0122,1790664243802,1790666762457,1790666767093,1790666776821,1
bench_attempt,main,3,1,honest,main-0122,1790664243855,1790666781921,1790666786381,1790666803170,1
bench_attempt,main,3,1,pressure,main-0122,1790664243909,1790666807963,1790666812549,1790666831082,1
bench_attempt,main,3,1,cheater,main-0122,1790664243961,1790666835756,1790666840387,1790666865486,1
bench_attempt,main,3,1,line-0,main-0123,1790664244015,1790666870371,1790666874789,1790666884372,1
bench_attempt,main,3,1,honest,main-0123,1790664244066,1790666889308,1790666894275,1790666907845,1
bench_attempt,main,3,1,pressure,main-0123,1790664244118,1790666912561,1790666917139,1790666936736,1
bench_attempt,main,3,1,cheater,main-0123,1790664244169,1790666941530,1790666946142,1790666969260,1
bench_attempt,main,3,1,line-0,main-0124,1790664244220,1790666974115,1790666978629,1790666988138,1
bench_attempt,main,3,1,honest,main-0124,1790664244271,1790666993217,1790666997701,1790667028232,1
bench_attempt,main,3,1,pressure,main-0124,1790664244322,1790667032937,1790667037574,1790667060480,1
bench_attempt,main,3,1,cheater,main-0124,1790664244373,1790667065239,1790667069847,1790667090619,1
bench_attempt,main,3,1,line-0,main-0125,1790664244424,1790667095331,1790667100010,1790667110347,1
bench_attempt,main,3,1,honest,main-0125,1790664244475,1790667115352,1790667119891,1790667161656,1
bench_attempt,main,3,1,pressure,main-0125,1790664244526,1790667167191,1790667171893,1790667211604,1
bench_attempt,main,3,1,cheater,main-0125,1790664244577,1790667216426,1790667221057,1790667250367,1
bench_attempt,main,3,1,line-0,main-0126,1790664244628,1790667255161,1790667259800,1790667269172,1
bench_attempt,main,3,1,honest,main-0126,1790664244679,1790667274172,1790667278823,1790667293889,1
bench_attempt,main,3,1,pressure,main-0126,1790664244730,1790667299143,1790667303662,1790667315095,1
bench_attempt,main,3,1,cheater,main-0126,1790664244781,1790667319931,1790667324342,1790667340119,1
bench_attempt,main,3,1,line-0,main-0127,1790664244832,1790667344776,1790667349270,1790667359860,1
bench_attempt,main,3,1,honest,main-0127,1790664244884,1790667365033,1790667369552,1790667404221,1
bench_attempt,main,3,1,pressure,main-0127,1790664244935,1790667409119,1790667413651,1790667457003,1
bench_attempt,main,3,1,cheater,main-0127,1790664244986,1790667461861,1790667466390,1790667502589,1
bench_attempt,main,3,1,line-0,main-0129,1790664245037,1790667507481,1790667511988,1790667521412,1
bench_attempt,main,3,1,honest,main-0129,1790664245088,1790667526441,1790667530964,1790667563034,1
bench_attempt,main,3,1,pressure,main-0129,1790664245139,1790667567725,1790667572758,1790667602989,1
bench_attempt,main,3,1,cheater,main-0129,1790664245189,1790667607871,1790667612674,1790667629655,1
bench_attempt,main,3,1,line-0,main-0130,1790664245240,1790667635345,1790667639931,1790667649514,1
bench_attempt,main,3,1,honest,main-0130,1790664245291,1790667654528,1790667659237,1790667683331,1
bench_attempt,main,3,1,pressure,main-0130,1790664245341,1790667688158,1790667692885,1790667713711,1
bench_attempt,main,3,1,cheater,main-0130,1790664245392,1790667719469,1790667724049,1790667740179,1
bench_attempt,main,3,1,line-0,main-0131,1790664245443,1790667745093,1790667749853,1790667759315,1
bench_attempt,main,3,1,honest,main-0131,1790664245493,1790667764445,1790667769051,1790667780618,1
bench_attempt,main,3,1,pressure,main-0131,1790664245545,1790667786662,1790667791238,1790667803832,1
bench_attempt,main,3,1,cheater,main-0131,1790664245595,1790667808568,1790667813329,1790667828386,1
bench_attempt,main,3,1,line-0,main-0132,1790664245646,1790667834002,1790667838607,1790667848233,1
bench_attempt,main,3,1,honest,main-0132,1790664245696,1790667853453,1790667858145,1790667869890,1
bench_attempt,main,3,1,pressure,main-0132,1790664245747,1790667874719,1790667879347,1790667891247,1
bench_attempt,main,3,1,cheater,main-0132,1790664245798,1790667896650,1790667901501,1790667917262,1
bench_attempt,main,3,1,line-0,main-0134,1790664245849,1790667923063,1790667927571,1790667937049,1
bench_attempt,main,3,1,honest,main-0134,1790664245902,1790667942172,1790667946679,1790667958657,1
bench_attempt,main,3,1,pressure,main-0134,1790664245954,1790667963452,1790667968157,1790667980046,1
bench_attempt,main,3,1,cheater,main-0134,1790664246005,1790667985524,1790667990160,1790668004786,1
bench_attempt,main,3,1,line-0,main-0135,1790664246055,1790668009709,1790668014350,1790668023986,1
bench_attempt,main,3,1,honest,main-0135,1790664246106,1790668029244,1790668034116,1790668066302,1
bench_attempt,main,3,1,pressure,main-0135,1790664246156,1790668072056,1790668076733,1790668101971,1
bench_attempt,main,3,1,cheater,main-0135,1790664246206,1790668106851,1790668111613,1790668136826,1
bench_attempt,main,3,1,line-0,main-0136,1790664246258,1790668141729,1790668146535,1790668156169,1
bench_attempt,main,3,1,honest,main-0136,1790664246308,1790668162160,1790668166772,1790668198890,1
bench_attempt,main,3,1,pressure,main-0136,1790664246359,1790668204579,1790668209236,1790668244320,1
bench_attempt,main,3,1,cheater,main-0136,1790664246413,1790668249128,1790668254022,1790668274872,1
bench_attempt,main,3,1,line-0,main-0137,1790664246468,1790668280033,1790668284788,1790668294378,1
bench_attempt,main,3,1,honest,main-0137,1790664246518,1790668299416,1790668304743,1790668316501,1
bench_attempt,main,3,1,pressure,main-0137,1790664246569,1790668321352,1790668326588,1790668337516,1
bench_attempt,main,3,1,cheater,main-0137,1790664246620,1790668342884,1790668347907,1790668362864,1
bench_attempt,main,3,1,line-0,main-0139,1790664246670,1790668367764,1790668372495,1790668382234,1
bench_attempt,main,3,1,honest,main-0139,1790664246720,1790668387296,1790668392339,1790668419134,1
bench_attempt,main,3,1,pressure,main-0139,1790664246771,1790668424003,1790668428638,1790668467967,1
bench_attempt,main,3,1,cheater,main-0139,1790664246821,1790668472827,1790668477440,1790668505321,1
bench_attempt,main,3,1,line-0,main-0140,1790664246872,1790668510145,1790668514724,1790668524470,1
bench_attempt,main,3,1,honest,main-0140,1790664246922,1790668529589,1790668534974,1790668567544,1
bench_attempt,main,3,1,pressure,main-0140,1790664246972,1790668572903,1790668577521,1790668605423,1
bench_attempt,main,3,1,cheater,main-0140,1790664247023,1790668610304,1790668615045,1790668635408,1
bench_attempt,main,3,1,line-0,main-0141,1790664247074,1790668640412,1790668644945,1790668654777,1
bench_attempt,main,3,1,honest,main-0141,1790664247124,1790668659952,1790668664460,1790668676105,1
bench_attempt,main,3,1,pressure,main-0141,1790664247175,1790668680999,1790668685837,1790668698154,1
bench_attempt,main,3,1,cheater,main-0141,1790664247225,1790668703097,1790668707731,1790668722812,1
bench_attempt,main,3,1,line-0,main-0142,1790664247275,1790668728572,1790668733121,1790668743365,1
bench_attempt,main,3,1,honest,main-0142,1790664247326,1790668748698,1790668753253,1790668787150,1
bench_attempt,main,3,1,pressure,main-0142,1790664247376,1790668792157,1790668797115,1790668824632,1
bench_attempt,main,3,1,cheater,main-0142,1790664247428,1790668829463,1790668834346,1790668852331,1
bench_attempt,main,3,1,line-0,main-0144,1790664247483,1790668857269,1790668862034,1790668871942,1
bench_attempt,main,3,1,honest,main-0144,1790664247534,1790668878126,1790668882835,1790668926482,1
bench_attempt,main,3,1,pressure,main-0144,1790664247584,1790668931322,1790668935833,1790668978248,1
bench_attempt,main,3,1,cheater,main-0144,1790664247635,1790668983448,1790668988418,1790669019686,1
bench_attempt,main,3,1,line-0,main-0145,1790664247687,1790669025453,1790669030030,1790669039741,1
bench_attempt,main,3,1,honest,main-0145,1790664247741,1790669045052,1790669049849,1790669079254,1
bench_attempt,main,3,1,pressure,main-0145,1790664247792,1790669084144,1790669088728,1790669127840,1
bench_attempt,main,3,1,cheater,main-0145,1790664247842,1790669132734,1790669137363,1790669175660,1
bench_attempt,main,3,1,line-0,main-0146,1790664247893,1790669180757,1790669185326,1790669196129,1
bench_attempt,main,3,1,honest,main-0146,1790664247944,1790669202985,1790669207644,1790669223407,1
bench_attempt,main,3,1,pressure,main-0146,1790664247995,1790669229253,1790669233810,1790669253942,1
bench_attempt,main,3,1,cheater,main-0146,1790664248046,1790669258820,1790669264038,1790669286994,1
bench_attempt,main,3,1,line-0,main-0147,1790664248096,1790669291911,1790669296837,1790669306504,1
bench_attempt,main,3,1,honest,main-0147,1790664248147,1790669311627,1790669316305,1790669331599,1
bench_attempt,main,3,1,pressure,main-0147,1790664248199,1790669337462,1790669341992,1790669355432,1
bench_attempt,main,3,1,cheater,main-0147,1790664248250,1790669360711,1790669365283,1790669380894,1
bench_attempt,main,3,1,line-0,main-0133,1790664248300,1790669385715,1790669390498,1790669400153,1
bench_attempt,main,3,1,honest,main-0133,1790664248355,1790669405617,1790669410274,1790669451120,1
bench_attempt,main,3,1,pressure,main-0133,1790664248408,1790669456790,1790669461456,1790669514213,1
bench_attempt,main,3,1,cheater,main-0133,1790664248459,1790669519121,1790669523721,1790669584256,1
bench_attempt,main,3,1,line-0,main-0138,1790664248509,1790669590582,1790669595199,1790669604829,1
bench_attempt,main,3,1,honest,main-0138,1790664248560,1790669610042,1790669614539,1790669646948,1
bench_attempt,main,3,1,pressure,main-0138,1790664248610,1790669651971,1790669656540,1790669691737,1
bench_attempt,main,3,1,cheater,main-0138,1790664248661,1790669696632,1790669701322,1790669724558,1
bench_attempt,main,3,1,line-0,main-0143,1790664248711,1790669729492,1790669734293,1790669744027,1
bench_attempt,main,3,1,honest,main-0143,1790664248762,1790669749205,1790669754398,1790669796726,1
bench_attempt,main,3,1,pressure,main-0143,1790664248812,1790669801327,1790669805830,1790669856452,1
bench_attempt,main,3,1,cheater,main-0143,1790664248863,1790669861472,1790669866228,1790669927997,1
bench_attempt,main,3,1,line-0,main-0158,1790664248913,1790669932893,1790669937551,1790669947947,1
bench_attempt,main,3,1,honest,main-0158,1790664248963,1790669953140,1790669957832,1790669975020,1
bench_attempt,main,3,1,pressure,main-0158,1790664249014,1790669979684,1790669984364,1790670002151,1
bench_attempt,main,3,1,cheater,main-0158,1790664249064,1790670007234,1790670012060,1790670043107,1
bench_attempt,main,3,1,line-0,main-0159,1790664249138,1790670048774,1790670054598,1790670064307,1
bench_attempt,main,3,1,honest,main-0159,1790664249205,1790670069669,1790670074479,1790670107995,1
bench_attempt,main,3,1,pressure,main-0159,1790664249271,1790670113750,1790670118519,1790670155189,1
bench_attempt,main,3,1,cheater,main-0159,1790664249327,1790670160670,1790670165564,1790670208735,1
bench_verify,main,3,1,line-0,main-0098,1790664271348,1790670213683,1790670218313,1790670232668,1
bench_verify,main,3,1,honest,main-0098,1790664319931,1790670237939,1790670241171,1790670254109,1
bench_verify,main,3,1,pressure,main-0098,1790664354370,1790670260371,1790670263478,1790670276084,1
bench_verify,main,3,1,cheater,main-0098,1790664389244,1790670281167,1790670284233,1790670297671,1
bench_verify,main,3,1,line-0,main-0099,1790664408571,1790670302885,1790670306145,1790670319074,1
bench_verify,main,3,1,honest,main-0099,1790664458898,1790670324341,1790670327329,1790670340594,1
bench_verify,main,3,1,pressure,main-0099,1790664489972,1790670345804,1790670348807,1790670363174,1
bench_verify,main,3,1,cheater,main-0099,1790664570114,1790670368354,1790670371414,1790670384196,1
bench_verify,main,3,1,line-0,main-0100,1790664589342,1790670389384,1790670392325,1790670405777,1
bench_verify,main,3,1,honest,main-0100,1790664617873,1790670410954,1790670414003,1790670427524,1
bench_verify,main,3,1,pressure,main-0100,1790664637854,1790670433591,1790670436666,1790670449594,1
bench_verify,main,3,1,cheater,main-0100,1790664663545,1790670454825,1790670458055,1790670471502,1
bench_verify,main,3,1,line-0,main-0101,1790664682105,1790670478005,1790670481250,1790670494789,1
bench_verify,main,3,1,honest,main-0101,1790664702478,1790670500125,1790670503258,1790670515844,1
bench_verify,main,3,1,pressure,main-0101,1790664722463,1790670521115,1790670524091,1790670537855,1
bench_verify,main,3,1,cheater,main-0101,1790664746147,1790670543094,1790670546052,1790670559592,1
bench_verify,main,3,1,line-0,main-0103,1790664765019,1790670564840,1790670567823,1790670580451,1
bench_verify,main,3,1,honest,main-0103,1790664795023,1790670585666,1790670588735,1790670602686,1
bench_verify,main,3,1,pressure,main-0103,1790664838437,1790670608066,1790670611156,1790670624258,1
bench_verify,main,3,1,cheater,main-0103,1790664878239,1790670629481,1790670632809,1790670646077,1
bench_verify,main,3,1,line-0,main-0104,1790664896371,1790670652318,1790670655469,1790670668376,1
bench_verify,main,3,1,honest,main-0104,1790664925827,1790670673584,1790670677000,1790670691325,1
bench_verify,main,3,1,pressure,main-0104,1790664946067,1790670696613,1790670699797,1790670712426,1
bench_verify,main,3,1,cheater,main-0104,1790664978318,1790670717625,1790670720769,1790670733384,1
bench_verify,main,3,1,line-0,main-0105,1790664998005,1790670738590,1790670741715,1790670755113,1
bench_verify,main,3,1,honest,main-0105,1790665038934,1790670760274,1790670763706,1790670777375,1
bench_verify,main,3,1,pressure,main-0105,1790665072859,1790670783463,1790670786886,1790670800458,1
bench_verify,main,3,1,cheater,main-0105,1790665110319,1790670805740,1790670808666,1790670821584,1
bench_verify,main,3,1,line-0,main-0106,1790665128873,1790670826759,1790670829914,1790670843489,1
bench_verify,main,3,1,honest,main-0106,1790665153810,1790670848672,1790670851886,1790670864858,1
bench_verify,main,3,1,pressure,main-0106,1790665173849,1790670870941,1790670874076,1790670888052,1
bench_verify,main,3,1,cheater,main-0106,1790665198636,1790670893280,1790670896263,1790670909192,1
bench_verify,main,3,1,line-0,main-0107,1790665217705,1790670914464,1790670917678,1790670932492,1
bench_verify,main,3,1,honest,main-0107,1790665239715,1790670937650,1790670940777,1790670954376,1
bench_verify,main,3,1,pressure,main-0107,1790665261170,1790670959653,1790670962900,1790670975891,1
bench_verify,main,3,1,cheater,main-0107,1790665285727,1790670981182,1790670984721,1790670998569,1
bench_verify,main,3,1,line-0,main-0108,1790665304544,1790671003984,1790671006868,1790671020031,1
bench_verify,main,3,1,honest,main-0108,1790665329567,1790671025339,1790671028531,1790671041521,1
bench_verify,main,3,1,pressure,main-0108,1790665359107,1790671046929,1790671049847,1790671062565,1
bench_verify,main,3,1,cheater,main-0108,1790665384374,1790671067783,1790671070859,1790671085301,1
bench_verify,main,3,1,line-0,main-0109,1790665402874,1790671090652,1790671093916,1790671107719,1
bench_verify,main,3,1,honest,main-0109,1790665423417,1790671113082,1790671116233,1790671129166,1
bench_verify,main,3,1,pressure,main-0109,1790665448958,1790671134664,1790671138150,1790671151621,1
bench_verify,main,3,1,cheater,main-0109,1790665473176,1790671157748,1790671161072,1790671174482,1
bench_verify,main,3,1,line-0,main-0110,1790665492016,1790671179777,1790671182748,1790671196535,1
bench_verify,main,3,1,honest,main-0110,1790665512544,1790671201881,1790671204901,1790671219037,1
bench_verify,main,3,1,pressure,main-0110,1790665533081,1790671224371,1790671227748,1790671241548,1
bench_verify,main,3,1,cheater,main-0110,1790665558752,1790671246872,1790671249833,1790671262771,1
bench_verify,main,3,1,line-0,main-0111,1790665577376,1790671268179,1790671271667,1790671285372,1
bench_verify,main,3,1,honest,main-0111,1790665598293,1790671291549,1790671294595,1790671307470,1
bench_verify,main,3,1,pressure,main-0111,1790665619704,1790671312860,1790671316026,1790671328984,1
bench_verify,main,3,1,cheater,main-0111,1790665644098,1790671334323,1790671337280,1790671351610,1
bench_verify,main,3,1,line-0,main-0112,1790665662694,1790671356930,1790671360034,1790671372792,1
bench_verify,main,3,1,honest,main-0112,1790665697525,1790671378922,1790671383049,1790671397248,1
bench_verify,main,3,1,pressure,main-0112,1790665733271,1790671402625,1790671405810,1790671419968,1
bench_verify,main,3,1,cheater,main-0112,1790665759738,1790671425309,1790671428742,1790671442793,1
bench_verify,main,3,1,line-0,main-0113,1790665778485,1790671448126,1790671451377,1790671464355,1
bench_verify,main,3,1,honest,main-0113,1790665815914,1790671469738,1790671472934,1790671486850,1
bench_verify,main,3,1,pressure,main-0113,1790665853757,1790671492410,1790671495599,1790671508580,1
bench_verify,main,3,1,cheater,main-0113,1790665892739,1790671513898,1790671516857,1790671529969,1
bench_verify,main,3,1,line-0,main-0114,1790665911577,1790671535242,1790671538207,1790671551699,1
bench_verify,main,3,1,honest,main-0114,1790665939035,1790671556853,1790671559978,1790671573933,1
bench_verify,main,3,1,pressure,main-0114,1790665973058,1790671579420,1790671582685,1790671596677,1
bench_verify,main,3,1,cheater,main-0114,1790666012977,1790671602845,1790671605922,1790671618604,1
bench_verify,main,3,1,line-0,main-0115,1790666032345,1790671623838,1790671627867,1790671641433,1
bench_verify,main,3,1,honest,main-0115,1790666053192,1790671646714,1790671649700,1790671663264,1
bench_verify,main,3,1,pressure,main-0115,1790666073960,1790671668582,1790671671597,1790671685497,1
bench_verify,main,3,1,cheater,main-0115,1790666118439,1790671690784,1790671693852,1790671707103,1
bench_verify,main,3,1,line-0,main-0116,1790666138208,1790671712402,1790671715789,1790671729532,1
bench_verify,main,3,1,honest,main-0116,1790666164464,1790671735094,1790671738139,1790671751037,1
bench_verify,main,3,1,pressure,main-0116,1790666190018,1790671756308,1790671759306,1790671772351,1
bench_verify,main,3,1,cheater,main-0116,1790666216294,1790671777753,1790671780850,1790671794460,1
bench_verify,main,3,1,line-0,main-0117,1790666235456,1790671799726,1790671803146,1790671816772,1
bench_verify,main,3,1,honest,main-0117,1790666261699,1790671822827,1790671826018,1790671840076,1
bench_verify,main,3,1,pressure,main-0117,1790666290278,1790671845382,1790671848324,1790671861382,1
bench_verify,main,3,1,cheater,main-0117,1790666314852,1790671866691,1790671869949,1790671884118,1
bench_verify,main,3,1,line-0,main-0118,1790666333679,1790671889434,1790671892741,1790671906687,1
bench_verify,main,3,1,honest,main-0118,1790666367322,1790671912928,1790671916019,1790671929774,1
bench_verify,main,3,1,pressure,main-0118,1790666397979,1790671935023,1790671938065,1790671951056,1
bench_verify,main,3,1,cheater,main-0118,1790666429929,1790671956630,1790671959959,1790671973777,1
bench_verify,main,3,1,line-0,main-0119,1790666449261,1790671979057,1790671982474,1790671996421,1
bench_verify,main,3,1,honest,main-0119,1790666481902,1790672003388,1790672006391,1790672019558,1
bench_verify,main,3,1,pressure,main-0119,1790666509715,1790672024905,1790672028158,1790672041927,1
bench_verify,main,3,1,cheater,main-0119,1790666545538,1790672047171,1790672050214,1790672064924,1
bench_verify,main,3,1,line-0,main-0120,1790666565150,1790672070229,1790672073316,1790672086246,1
bench_verify,main,3,1,honest,main-0120,1790666595962,1790672091645,1790672095011,1790672109557,1
bench_verify,main,3,1,pressure,main-0120,1790666630903,1790672114863,1790672117948,1790672131133,1
bench_verify,main,3,1,cheater,main-0120,1790666663575,1790672136501,1790672139525,1790672153221,1
bench_verify,main,3,1,line-0,main-0121,1790666683492,1790672158448,1790672161644,1790672175310,1
bench_verify,main,3,1,honest,main-0121,1790666710320,1790672180596,1790672184235,1790672198057,1
bench_verify,main,3,1,pressure,main-0121,1790666737096,1790672204289,1790672207267,1790672220141,1
bench_verify,main,3,1,cheater,main-0121,1790666764308,1790672225567,1790672228896,1790672245630,1
bench_verify,main,3,1,line-0,main-0122,1790666783660,1790672251812,1790672254927,1790672267790,1
bench_verify,main,3,1,honest,main-0122,1790666809911,1790672273051,1790672276170,1790672289308,1
bench_verify,main,3,1,pressure,main-0122,1790666837597,1790672294781,1790672297706,1790672311932,1
bench_verify,main,3,1,cheater,main-0122,1790666872207,1790672317365,1790672320555,1790672334162,1
bench_verify,main,3,1,line-0,main-0123,1790666891160,1790672340600,1790672343819,1790672356864,1
bench_verify,main,3,1,honest,main-0123,1790666914406,1790672362131,1790672365219,1790672378267,1
bench_verify,main,3,1,pressure,main-0123,1790666943369,1790672383661,1790672386931,1790672401474,1
bench_verify,main,3,1,cheater,main-0123,1790666975928,1790672407097,1790672410147,1790672423938,1
bench_verify,main,3,1,line-0,main-0124,1790666994966,1790672429193,1790672432371,1790672445443,1
bench_verify,main,3,1,honest,main-0124,1790667034821,1790672450709,1790672454030,1790672467922,1
bench_verify,main,3,1,pressure,main-0124,1790667067092,1790672474228,1790672477185,1790672490024,1
bench_verify,main,3,1,cheater,main-0124,1790667097163,1790672495379,1790672498408,1790672512166,1
bench_verify,main,3,1,line-0,main-0125,1790667117136,1790672517485,1790672520531,1790672534295,1
bench_verify,main,3,1,honest,main-0125,1790667169074,1790672539603,1790672542688,1790672555448,1
bench_verify,main,3,1,pressure,main-0125,1790667218269,1790672560787,1790672563824,1790672578090,1
bench_verify,main,3,1,cheater,main-0125,1790667256917,1790672583713,1790672587554,1790672601270,1
bench_verify,main,3,1,line-0,main-0126,1790667275974,1790672607413,1790672610573,1790672623628,1
bench_verify,main,3,1,honest,main-0126,1790667300991,1790672628999,1790672631992,1790672644895,1
bench_verify,main,3,1,pressure,main-0126,1790667321717,1790672650161,1790672653244,1790672667935,1
bench_verify,main,3,1,cheater,main-0126,1790667346621,1790672673239,1790672676234,1790672690081,1
bench_verify,main,3,1,line-0,main-0127,1790667366871,1790672695396,1790672698372,1790672711496,1
bench_verify,main,3,1,honest,main-0127,1790667410929,1790672716727,1790672720150,1790672734108,1
bench_verify,main,3,1,pressure,main-0127,1790667463646,1790672740511,1790672743672,1790672756677,1
bench_verify,main,3,1,cheater,main-0127,1790667509296,1790672761857,1790672764945,1790672778593,1
bench_verify,main,3,1,line-0,main-0129,1790667528230,1790672783888,1790672787166,1790672800802,1
bench_verify,main,3,1,honest,main-0129,1790667569523,1790672806997,1790672810311,1790672824416,1
bench_verify,main,3,1,pressure,main-0129,1790667609715,1790672829711,1790672832783,1790672846339,1
bench_verify,main,3,1,cheater,main-0129,1790667637193,1790672851624,1790672854995,1790672868773,1
bench_verify,main,3,1,line-0,main-0130,1790667656472,1790672875004,1790672878297,1790672892283,1
bench_verify,main,3,1,honest,main-0130,1790667690009,1790672897675,1790672900750,1790672914522,1
bench_verify,main,3,1,pressure,main-0130,1790667721330,1790672919877,1790672922821,1790672936510,1
bench_verify,main,3,1,cheater,main-0130,1790667746950,1790672941768,1790672944883,1790672957691,1
bench_verify,main,3,1,line-0,main-0131,1790667766251,1790672962940,1790672965940,1790672980592,1
bench_verify,main,3,1,honest,main-0131,1790667788547,1790672985858,1790672988962,1790673001766,1
bench_verify,main,3,1,pressure,main-0131,1790667810438,1790673007213,1790673010728,1790673024800,1
bench_verify,main,3,1,cheater,main-0131,1790667835863,1790673030031,1790673033196,1790673045962,1
bench_verify,main,3,1,line-0,main-0132,1790667855314,1790673051183,1790673054336,1790673067514,1
bench_verify,main,3,1,honest,main-0132,1790667876625,1790673072951,1790673075911,1790673089708,1
bench_verify,main,3,1,pressure,main-0132,1790667898585,1790673095070,1790673098090,1790673112192,1
bench_verify,main,3,1,cheater,main-0132,1790667924808,1790673117635,1790673121419,1790673135020,1
bench_verify,main,3,1,line-0,main-0134,1790667944022,1790673140578,1790673143710,1790673156453,1
bench_verify,main,3,1,honest,main-0134,1790667965391,1790673161732,1790673164798,1790673177875,1
bench_verify,main,3,1,pressure,main-0134,1790667987385,1790673183104,1790673186167,1790673199805,1
bench_verify,main,3,1,cheater,main-0134,1790668011561,1790673205188,1790673208486,1790673222577,1
bench_verify,main,3,1,line-0,main-0135,1790668031089,1790673227932,1790673231102,1790673243948,1
bench_verify,main,3,1,honest,main-0135,1790668073949,1790673249186,1790673252275,1790673265079,1
bench_verify,main,3,1,pressure,main-0135,1790668108684,1790673270529,1790673273739,1790673288270,1
bench_verify,main,3,1,cheater,main-0135,1790668143626,1790673294388,1790673297514,1790673311242,1
bench_verify,main,3,1,line-0,main-0136,1790668163903,1790673316546,1790673319638,1790673332455,1
bench_verify,main,3,1,honest,main-0136,1790668206335,1790673338032,1790673341117,1790673354867,1
bench_verify,main,3,1,pressure,main-0136,1790668251015,1790673360147,1790673363283,1790673376541,1
bench_verify,main,3,1,cheater,main-0136,1790668281933,1790673381906,1790673385582,1790673399446,1
bench_verify,main,3,1,line-0,main-0137,1790668301321,1790673405792,1790673409040,1790673422243,1
bench_verify,main,3,1,honest,main-0137,1790668323321,1790673427702,1790673430859,1790673444957,1
bench_verify,main,3,1,pressure,main-0137,1790668344767,1790673450436,1790673453641,1790673467694,1
bench_verify,main,3,1,cheater,main-0137,1790668369700,1790673473309,1790673476348,1790673489575,1
bench_verify,main,3,1,line-0,main-0139,1790668389217,1790673495096,1790673498325,1790673511610,1
bench_verify,main,3,1,honest,main-0139,1790668425781,1790673517050,1790673520749,1790673535309,1
bench_verify,main,3,1,pressure,main-0139,1790668474619,1790673540727,1790673543943,1790673557432,1
bench_verify,main,3,1,cheater,main-0139,1790668512018,1790673562742,1790673566048,1790673580425,1
bench_verify,main,3,1,line-0,main-0140,1790668531442,1790673586040,1790673589784,1790673604877,1
bench_verify,main,3,1,honest,main-0140,1790668574749,1790673610488,1790673613793,1790673628218,1
bench_verify,main,3,1,pressure,main-0140,1790668612233,1790673633706,1790673636791,1790673650892,1
bench_verify,main,3,1,cheater,main-0140,1790668642241,1790673656379,1790673659493,1790673672575,1
bench_verify,main,3,1,line-0,main-0141,1790668661725,1790673678018,1790673681247,1790673694704,1
bench_verify,main,3,1,honest,main-0141,1790668682796,1790673699993,1790673703321,1790673716876,1
bench_verify,main,3,1,pressure,main-0141,1790668704905,1790673723336,1790673726448,1790673740800,1
bench_verify,main,3,1,cheater,main-0141,1790668730410,1790673746331,1790673749261,1790673763300,1
bench_verify,main,3,1,line-0,main-0142,1790668750492,1790673768870,1790673772372,1790673786436,1
bench_verify,main,3,1,honest,main-0142,1790668793964,1790673791750,1790673794899,1790673807950,1
bench_verify,main,3,1,pressure,main-0142,1790668831356,1790673813218,1790673816392,1790673830951,1
bench_verify,main,3,1,cheater,main-0142,1790668859107,1790673836317,1790673839617,1790673853655,1
bench_verify,main,3,1,line-0,main-0144,1790668880059,1790673860038,1790673863222,1790673877077,1
bench_verify,main,3,1,honest,main-0144,1790668933159,1790673882425,1790673885739,1790673901891,1
bench_verify,main,3,1,pressure,main-0144,1790668985330,1790673909004,1790673912346,1790673926435,1
bench_verify,main,3,1,cheater,main-0144,1790669027279,1790673932157,1790673935407,1790673949182,1
bench_verify,main,3,1,line-0,main-0145,1790669046923,1790673954684,1790673957927,1790673971981,1
bench_verify,main,3,1,honest,main-0145,1790669085959,1790673978459,1790673981867,1790673996192,1
bench_verify,main,3,1,pressure,main-0145,1790669134630,1790674001651,1790674004642,1790674018683,1
bench_verify,main,3,1,cheater,main-0145,1790669182568,1790674024206,1790674027781,1790674041900,1
bench_verify,main,3,1,line-0,main-0146,1790669204766,1790674047245,1790674050376,1790674063315,1
bench_verify,main,3,1,honest,main-0146,1790669231047,1790674068643,1790674072071,1790674086756,1
bench_verify,main,3,1,pressure,main-0146,1790669260754,1790674092112,1790674095178,1790674108127,1
bench_verify,main,3,1,cheater,main-0146,1790669293795,1790674113457,1790674116812,1790674130577,1
bench_verify,main,3,1,line-0,main-0147,1790669313481,1790674136979,1790674140746,1790674153724,1
bench_verify,main,3,1,honest,main-0147,1790669339258,1790674159143,1790674162197,1790674176281,1
bench_verify,main,3,1,pressure,main-0147,1790669362641,1790674181669,1790674184730,1790674197918,1
bench_verify,main,3,1,cheater,main-0147,1790669387620,1790674203387,1790674206687,1790674220478,1
bench_verify,main,3,1,line-0,main-0133,1790669407514,1790674225815,1790674228923,1790674242047,1
bench_verify,main,3,1,honest,main-0133,1790669458670,1790674247519,1790674251114,1790674264742,1
bench_verify,main,3,1,pressure,main-0133,1790669520993,1790674271923,1790674274999,1790674287897,1
bench_verify,main,3,1,cheater,main-0133,1790669592460,1790674293245,1790674296620,1790674311873,1
bench_verify,main,3,1,line-0,main-0138,1790669611810,1790674317314,1790674320623,1790674334776,1
bench_verify,main,3,1,honest,main-0138,1790669653836,1790674341287,1790674344340,1790674358999,1
bench_verify,main,3,1,pressure,main-0138,1790669698453,1790674364547,1790674367742,1790674382353,1
bench_verify,main,3,1,cheater,main-0138,1790669731390,1790674387785,1790674390967,1790674405030,1
bench_verify,main,3,1,line-0,main-0143,1790669751083,1790674410398,1790674413706,1790674428229,1
bench_verify,main,3,1,honest,main-0143,1790669803182,1790674434469,1790674437748,1790674451517,1
bench_verify,main,3,1,pressure,main-0143,1790669863292,1790674456948,1790674460004,1790674474337,1
bench_verify,main,3,1,cheater,main-0143,1790669934722,1790674479920,1790674483417,1790674497401,1
bench_verify,main,3,1,line-0,main-0158,1790669955112,1790674503743,1790674506878,1790674521377,1
bench_verify,main,3,1,honest,main-0158,1790669981569,1790674526962,1790674530116,1790674544139,1
bench_verify,main,3,1,pressure,main-0158,1790670009147,1790674549660,1790674552764,1790674565751,1
bench_verify,main,3,1,cheater,main-0158,1790670050710,1790674571148,1790674574494,1790674588258,1
bench_verify,main,3,1,line-0,main-0159,1790670071604,1790674594563,1790674597762,1790674611527,1
bench_verify,main,3,1,honest,main-0159,1790670115702,1790674616937,1790674619966,1790674633979,1
bench_verify,main,3,1,pressure,main-0159,1790670162513,1790674639476,1790674642758,1790674656671,1
bench_verify,main,3,1,cheater,main-0159,1790670215605,1790674662479,1790674665683,1790674679872,1
bench_attempt,main,4,1,line-0,main-0148,1790679026815,1790679041093,1790679046232,1790679056460,1
bench_attempt,main,4,1,honest,main-0148,1790679026878,1790679062881,1790679067809,1790679163856,1
bench_attempt,main,4,1,pressure,main-0148,1790679026939,1790679170153,1790679175020,1790679194278,1
bench_attempt,main,4,1,cheater,main-0148,1790679027000,1790679199520,1790679204570,1790679241528,1
bench_attempt,main,4,1,line-0,main-0149,1790679027060,1790679246756,1790679251746,1790679262225,1
bench_attempt,main,4,1,honest,main-0149,1790679027121,1790679268016,1790679273319,1790679301140,1
bench_attempt,main,4,1,pressure,main-0149,1790679027181,1790679306718,1790679311734,1790679336796,1
bench_attempt,main,4,1,cheater,main-0149,1790679027241,1790679341991,1790679346909,1790679367079,1
bench_attempt,main,4,1,line-0,main-0150,1790679027303,1790679372344,1790679377473,1790679389442,1
bench_attempt,main,4,1,honest,main-0150,1790679027363,1790679395013,1790679400107,1790679413495,1
bench_attempt,main,4,1,pressure,main-0150,1790679027424,1790679418738,1790679423920,1790679436357,1
bench_attempt,main,4,1,cheater,main-0150,1790679027489,1790679441798,1790679446969,1790679465894,1
bench_attempt,main,4,1,line-0,main-0151,1790679027551,1790679471513,1790679476481,1790679488548,1
bench_attempt,main,4,1,honest,main-0151,1790679027611,1790679494108,1790679498807,1790679532159,1
bench_attempt,main,4,1,pressure,main-0151,1790679027671,1790679538379,1790679543390,1790679572607,1
bench_attempt,main,4,1,cheater,main-0151,1790679027731,1790679577876,1790679583277,1790679615890,1
bench_attempt,main,4,1,line-0,main-0152,1790679027791,1790679622652,1790679627892,1790679640049,1
bench_attempt,main,4,1,honest,main-0152,1790679027851,1790679645516,1790679650675,1790679671103,1
bench_attempt,main,4,1,pressure,main-0152,1790679027911,1790679676325,1790679681350,1790679696884,1
bench_attempt,main,4,1,cheater,main-0152,1790679027971,1790679702105,1790679706945,1790679724440,1
bench_attempt,main,4,1,line-0,main-0153,1790679028030,1790679729628,1790679734761,1790679746174,1
bench_attempt,main,4,1,honest,main-0153,1790679028096,1790679751798,1790679757083,1790679778069,1
bench_attempt,main,4,1,pressure,main-0153,1790679028157,1790679783650,1790679788660,1790679802908,1
bench_attempt,main,4,1,cheater,main-0153,1790679028218,1790679808141,1790679813202,1790679830845,1
bench_attempt,main,4,1,line-0,main-0154,1790679028279,1790679835983,1790679841032,1790679851841,1
bench_attempt,main,4,1,honest,main-0154,1790679028339,1790679857330,1790679862678,1790679901925,1
bench_attempt,main,4,1,pressure,main-0154,1790679028399,1790679907404,1790679912244,1790679952132,1
bench_attempt,main,4,1,cheater,main-0154,1790679028459,1790679957205,1790679962247,1790679984323,1
bench_attempt,main,4,1,line-0,main-0155,1790679028519,1790679989489,1790679994847,1790680005263,1
bench_attempt,main,4,1,honest,main-0155,1790679028579,1790680010812,1790680016070,1790680043297,1
bench_attempt,main,4,1,pressure,main-0155,1790679028639,1790680048499,1790680053496,1790680079237,1
bench_attempt,main,4,1,cheater,main-0155,1790679028697,1790680084518,1790680089454,1790680118872,1
bench_attempt,main,4,1,line-0,main-0156,1790679028756,1790680124098,1790680129137,1790680139359,1
bench_attempt,main,4,1,honest,main-0156,1790679028815,1790680144798,1790680150279,1790680162701,1
bench_attempt,main,4,1,pressure,main-0156,1790679028873,1790680168035,1790680172793,1790680185576,1
bench_attempt,main,4,1,cheater,main-0156,1790679028931,1790680190599,1790680195446,1790680211440,1
bench_attempt,main,4,1,line-0,main-0157,1790679028989,1790680217402,1790680222294,1790680232953,1
bench_attempt,main,4,1,honest,main-0157,1790679029047,1790680238424,1790680243281,1790680257336,1
bench_attempt,main,4,1,pressure,main-0157,1790679029106,1790680262485,1790680267352,1790680280601,1
bench_attempt,main,4,1,cheater,main-0157,1790679029164,1790680285540,1790680290435,1790680306881,1
bench_attempt,main,4,1,line-0,main-0160,1790679029222,1790680313051,1790680318156,1790680328819,1
bench_attempt,main,4,1,honest,main-0160,1790679029281,1790680334293,1790680339262,1790680352800,1
bench_attempt,main,4,1,pressure,main-0160,1790679029339,1790680358261,1790680363256,1790680380982,1
bench_attempt,main,4,1,cheater,main-0160,1790679029398,1790680386504,1790680391700,1790680408287,1
bench_attempt,main,4,1,line-0,main-0161,1790679029456,1790680413437,1790680418851,1790680429222,1
bench_attempt,main,4,1,honest,main-0161,1790679029515,1790680434727,1790680439999,1790680472280,1
bench_attempt,main,4,1,pressure,main-0161,1790679029573,1790680477680,1790680482773,1790680494979,1
bench_attempt,main,4,1,cheater,main-0161,1790679029632,1790680500165,1790680505096,1790680526895,1
bench_attempt,main,4,1,line-0,main-0162,1790679029690,1790680532122,1790680537060,1790680548252,1
bench_attempt,main,4,1,honest,main-0162,1790679029749,1790680553675,1790680558629,1790680585902,1
bench_attempt,main,4,1,pressure,main-0162,1790679029807,1790680591175,1790680596672,1790680623378,1
bench_attempt,main,4,1,cheater,main-0162,1790679029865,1790680628750,1790680634153,1790680663571,1
bench_attempt,main,4,1,line-0,main-0163,1790679029924,1790680669720,1790680674580,1790680684861,1
bench_attempt,main,4,1,honest,main-0163,1790679029982,1790680690457,1790680695352,1790680727543,1
bench_attempt,main,4,1,pressure,main-0163,1790679030040,1790680732825,1790680738138,1790680763491,1
bench_attempt,main,4,1,cheater,main-0163,1790679030098,1790680768755,1790680773860,1790680800833,1
bench_attempt,main,4,1,line-0,main-0164,1790679030157,1790680806127,1790680811232,1790680822416,1
bench_attempt,main,4,1,honest,main-0164,1790679030215,1790680828941,1790680834484,1790680848651,1
bench_attempt,main,4,1,pressure,main-0164,1790679030273,1790680854967,1790680860356,1790680879316,1
bench_attempt,main,4,1,cheater,main-0164,1790679030332,1790680884794,1790680889911,1790680908928,1
bench_attempt,main,4,1,line-0,main-0165,1790679030390,1790680914419,1790680919439,1790680931733,1
bench_attempt,main,4,1,honest,main-0165,1790679030449,1790680937188,1790680942634,1790680954822,1
bench_attempt,main,4,1,pressure,main-0165,1790679030508,1790680960307,1790680965787,1790680983362,1
bench_attempt,main,4,1,cheater,main-0165,1790679030566,1790680988735,1790680993851,1790681015439,1
bench_attempt,main,4,1,line-0,main-0166,1790679030624,1790681022017,1790681027516,1790681038750,1
bench_attempt,main,4,1,honest,main-0166,1790679030683,1790681045790,1790681051376,1790681065102,1
bench_attempt,main,4,1,pressure,main-0166,1790679030741,1790681071430,1790681076616,1790681089478,1
bench_attempt,main,4,1,cheater,main-0166,1790679030799,1790681095889,1790681101291,1790681119381,1
bench_attempt,main,4,1,line-0,main-0167,1790679030856,1790681126136,1790681131361,1790681142304,1
bench_attempt,main,4,1,honest,main-0167,1790679030914,1790681147979,1790681153174,1790681170252,1
bench_attempt,main,4,1,pressure,main-0167,1790679030972,1790681176438,1790681181885,1790681204727,1
bench_attempt,main,4,1,cheater,main-0167,1790679031029,1790681211122,1790681216425,1790681238675,1
bench_attempt,main,4,1,line-0,main-0168,1790679031087,1790681244683,1790681250111,1790681262212,1
bench_attempt,main,4,1,honest,main-0168,1790679031145,1790681269307,1790681274525,1790681287216,1
bench_attempt,main,4,1,pressure,main-0168,1790679031202,1790681292480,1790681297422,1790681311758,1
bench_attempt,main,4,1,cheater,main-0168,1790679031260,1790681317234,1790681322814,1790681343593,1
bench_attempt,main,4,1,line-0,main-0169,1790679031318,1790681348887,1790681353826,1790681364249,1
bench_attempt,main,4,1,honest,main-0169,1790679031376,1790681369757,1790681375624,1790681406780,1
bench_attempt,main,4,1,pressure,main-0169,1790679031434,1790681412243,1790681417524,1790681444522,1
bench_attempt,main,4,1,cheater,main-0169,1790679031492,1790681449751,1790681454928,1790681478337,1
bench_attempt,main,4,1,line-0,main-0170,1790679031550,1790681483341,1790681488340,1790681499788,1
bench_attempt,main,4,1,honest,main-0170,1790679031607,1790681505427,1790681510482,1790681545957,1
bench_attempt,main,4,1,pressure,main-0170,1790679031665,1790681551057,1790681556938,1790681580228,1
bench_attempt,main,4,1,cheater,main-0170,1790679031722,1790681585397,1790681590436,1790681617931,1
bench_attempt,main,4,1,line-0,main-0171,1790679031780,1790681623648,1790681628560,1790681638834,1
bench_attempt,main,4,1,honest,main-0171,1790679031838,1790681644309,1790681649265,1790681675759,1
bench_attempt,main,4,1,pressure,main-0171,1790679031896,1790681680838,1790681685942,1790681716646,1
bench_attempt,main,4,1,cheater,main-0171,1790679031954,1790681722826,1790681727736,1790681759898,1
bench_attempt,main,4,1,line-0,main-0172,1790679032011,1790681765088,1790681770078,1790681780327,1
bench_attempt,main,4,1,honest,main-0172,1790679032069,1790681785650,1790681790548,1790681819572,1
bench_attempt,main,4,1,pressure,main-0172,1790679032127,1790681824736,1790681829749,1790681858620,1
bench_attempt,main,4,1,cheater,main-0172,1790679032185,1790681864807,1790681869925,1790681898818,1
bench_attempt,main,4,1,line-0,main-0173,1790679032243,1790681903851,1790681908767,1790681919968,1
bench_attempt,main,4,1,honest,main-0173,1790679032301,1790681925227,1790681930340,1790681957518,1
bench_attempt,main,4,1,pressure,main-0173,1790679032358,1790681962638,1790681967458,1790681992072,1
bench_attempt,main,4,1,cheater,main-0173,1790679032416,1790681997057,1790682001936,1790682026788,1
bench_attempt,main,4,1,line-0,main-0174,1790679032474,1790682031754,1790682036633,1790682046894,1
bench_attempt,main,4,1,honest,main-0174,1790679032540,1790682052321,1790682057198,1790682073272,1
bench_attempt,main,4,1,pressure,main-0174,1790679032603,1790682079200,1790682083987,1790682096557,1
bench_attempt,main,4,1,cheater,main-0174,1790679032663,1790682101366,1790682106450,1790682123266,1
bench_attempt,main,4,1,line-0,main-0175,1790679032725,1790682129329,1790682135369,1790682145551,1
bench_attempt,main,4,1,honest,main-0175,1790679032783,1790682151018,1790682155992,1790682175867,1
bench_attempt,main,4,1,pressure,main-0175,1790679032841,1790682181045,1790682186003,1790682204508,1
bench_attempt,main,4,1,cheater,main-0175,1790679032899,1790682209566,1790682214266,1790682233094,1
bench_attempt,main,4,1,line-0,main-0177,1790679032959,1790682238274,1790682243243,1790682253952,1
bench_attempt,main,4,1,honest,main-0177,1790679033018,1790682259624,1790682264829,1790682281090,1
bench_attempt,main,4,1,pressure,main-0177,1790679033077,1790682286283,1790682291135,1790682313174,1
bench_attempt,main,4,1,cheater,main-0177,1790679033143,1790682318337,1790682323516,1790682344309,1
bench_attempt,main,4,1,line-0,main-0178,1790679033201,1790682349619,1790682354651,1790682365484,1
bench_attempt,main,4,1,honest,main-0178,1790679033260,1790682370742,1790682375778,1790682392193,1
bench_attempt,main,4,1,pressure,main-0178,1790679033317,1790682397878,1790682402832,1790682415892,1
bench_attempt,main,4,1,cheater,main-0178,1790679033375,1790682421031,1790682425985,1790682442177,1
bench_attempt,main,4,1,line-0,main-0179,1790679033433,1790682448284,1790682453012,1790682463365,1
bench_attempt,main,4,1,honest,main-0179,1790679033491,1790682468827,1790682473652,1790682486680,1
bench_attempt,main,4,1,pressure,main-0179,1790679033549,1790682491556,1790682496226,1790682508442,1
bench_attempt,main,4,1,cheater,main-0179,1790679033607,1790682513525,1790682518349,1790682535878,1
bench_attempt,main,4,1,line-0,main-0180,1790679033668,1790682541716,1790682546545,1790682556678,1
bench_attempt,main,4,1,honest,main-0180,1790679033732,1790682562332,1790682567181,1790682594258,1
bench_attempt,main,4,1,pressure,main-0180,1790679033795,1790682599338,1790682604416,1790682625011,1
bench_attempt,main,4,1,cheater,main-0180,1790679033858,1790682630741,1790682635632,1790682657631,1
bench_attempt,main,4,1,line-0,main-0181,1790679033920,1790682662986,1790682668035,1790682678986,1
bench_attempt,main,4,1,honest,main-0181,1790679033980,1790682684752,1790682689917,1790682712407,1
bench_attempt,main,4,1,pressure,main-0181,1790679034039,1790682717784,1790682722949,1790682740662,1
bench_attempt,main,4,1,cheater,main-0181,1790679034098,1790682745992,1790682750985,1790682778329,1
bench_attempt,main,4,1,line-0,main-0182,1790679034156,1790682783804,1790682789098,1790682800484,1
bench_attempt,main,4,1,honest,main-0182,1790679034213,1790682806360,1790682811658,1790682839468,1
bench_attempt,main,4,1,pressure,main-0182,1790679034275,1790682844782,1790682850272,1790682872873,1
bench_attempt,main,4,1,cheater,main-0182,1790679034337,1790682878466,1790682883709,1790682919396,1
bench_attempt,main,4,1,line-0,main-0184,1790679034395,1790682925561,1790682930850,1790682942024,1
bench_attempt,main,4,1,honest,main-0184,1790679034453,1790682947990,1790682952999,1790682984058,1
bench_attempt,main,4,1,pressure,main-0184,1790679034511,1790682990226,1790682995744,1790683018032,1
bench_attempt,main,4,1,cheater,main-0184,1790679034569,1790683024663,1790683029947,1790683071778,1
bench_attempt,main,4,1,line-0,main-0186,1790679034626,1790683078344,1790683083370,1790683094590,1
bench_attempt,main,4,1,honest,main-0186,1790679034685,1790683100224,1790683105314,1790683135594,1
bench_attempt,main,4,1,pressure,main-0186,1790679034743,1790683140864,1790683146120,1790683173693,1
bench_attempt,main,4,1,cheater,main-0186,1790679034801,1790683179720,1790683185094,1790683206698,1
bench_attempt,main,4,1,line-0,main-0187,1790679034859,1790683213194,1790683219004,1790683230144,1
bench_attempt,main,4,1,honest,main-0187,1790679034917,1790683235646,1790683240953,1790683275366,1
bench_attempt,main,4,1,pressure,main-0187,1790679034974,1790683280501,1790683285555,1790683317966,1
bench_attempt,main,4,1,cheater,main-0187,1790679035032,1790683323145,1790683328803,1790683358787,1
bench_attempt,main,4,1,line-0,main-0188,1790679035090,1790683364951,1790683369872,1790683381178,1
bench_attempt,main,4,1,honest,main-0188,1790679035148,1790683386593,1790683391525,1790683409677,1
bench_attempt,main,4,1,pressure,main-0188,1790679035206,1790683415826,1790683420730,1790683433206,1
bench_attempt,main,4,1,cheater,main-0188,1790679035263,1790683440142,1790683445262,1790683462094,1
bench_attempt,main,4,1,line-0,main-0189,1790679035324,1790683468236,1790683473054,1790683483741,1
bench_attempt,main,4,1,honest,main-0189,1790679035382,1790683489287,1790683495205,1790683510818,1
bench_attempt,main,4,1,pressure,main-0189,1790679035440,1790683516855,1790683521729,1790683538929,1
bench_attempt,main,4,1,cheater,main-0189,1790679035498,1790683544088,1790683549674,1790683565080,1
bench_attempt,main,4,1,line-0,main-0190,1790679035556,1790683571167,1790683576090,1790683587688,1
bench_attempt,main,4,1,honest,main-0190,1790679035613,1790683595074,1790683600285,1790683617474,1
bench_attempt,main,4,1,pressure,main-0190,1790679035671,1790683623643,1790683628544,1790683648507,1
bench_attempt,main,4,1,cheater,main-0190,1790679035728,1790683654024,1790683659566,1790683676951,1
bench_attempt,main,4,1,line-0,main-0191,1790679035786,1790683682196,1790683687365,1790683698468,1
bench_attempt,main,4,1,honest,main-0191,1790679035843,1790683703905,1790683708834,1790683725458,1
bench_attempt,main,4,1,pressure,main-0191,1790679035904,1790683732560,1790683737425,1790683749814,1
bench_attempt,main,4,1,cheater,main-0191,1790679035962,1790683756011,1790683760878,1790683777859,1
bench_attempt,main,4,1,line-0,main-0192,1790679036020,1790683783979,1790683788924,1790683800549,1
bench_attempt,main,4,1,honest,main-0192,1790679036077,1790683808235,1790683813468,1790683826132,1
bench_attempt,main,4,1,pressure,main-0192,1790679036135,1790683831465,1790683836894,1790683848960,1
bench_attempt,main,4,1,cheater,main-0192,1790679036192,1790683854850,1790683859726,1790683876495,1
bench_attempt,main,4,1,line-0,main-0194,1790679036250,1790683882676,1790683887624,1790683897864,1
bench_attempt,main,4,1,honest,main-0194,1790679036307,1790683903471,1790683908313,1790683927364,1
bench_attempt,main,4,1,pressure,main-0194,1790679036365,1790683932590,1790683937830,1790683951871,1
bench_attempt,main,4,1,cheater,main-0194,1790679036422,1790683957610,1790683963313,1790683983513,1
bench_attempt,main,4,1,line-0,main-0195,1790679036480,1790683988880,1790683993931,1790684005467,1
bench_attempt,main,4,1,honest,main-0195,1790679036538,1790684010979,1790684016275,1790684032702,1
bench_attempt,main,4,1,pressure,main-0195,1790679036596,1790684038905,1790684043889,1790684058025,1
bench_attempt,main,4,1,cheater,main-0195,1790679036654,1790684063932,1790684069343,1790684084604,1
bench_attempt,main,4,1,line-0,main-0196,1790679036711,1790684090761,1790684095707,1790684106540,1
bench_attempt,main,4,1,honest,main-0196,1790679036769,1790684112223,1790684116992,1790684140684,1
bench_attempt,main,4,1,pressure,main-0196,1790679036826,1790684145952,1790684151014,1790684180198,1
bench_attempt,main,4,1,cheater,main-0196,1790679036884,1790684185536,1790684191105,1790684218086,1
bench_attempt,main,4,1,line-0,main-0198,1790679036942,1790684223602,1790684229170,1790684240061,1
bench_attempt,main,4,1,honest,main-0198,1790679037000,1790684245696,1790684250583,1790684296678,1
bench_attempt,main,4,1,pressure,main-0198,1790679037057,1790684302131,1790684307304,1790684343682,1
bench_attempt,main,4,1,cheater,main-0198,1790679037115,1790684349000,1790684354476,1790684388492,1
bench_attempt,main,4,1,line-0,main-0199,1790679037173,1790684394587,1790684399890,1790684411748,1
bench_attempt,main,4,1,honest,main-0199,1790679037231,1790684418267,1790684423526,1790684443775,1
bench_attempt,main,4,1,pressure,main-0199,1790679037289,1790684449084,1790684454134,1790684473973,1
bench_attempt,main,4,1,cheater,main-0199,1790679037346,1790684479243,1790684484434,1790684510219,1
bench_attempt,main,4,1,line-0,main-0176,1790679037405,1790684515547,1790684520631,1790684532572,1
bench_attempt,main,4,1,honest,main-0176,1790679037463,1790684540048,1790684545642,1790684562519,1
bench_attempt,main,4,1,pressure,main-0176,1790679037520,1790684570304,1790684575447,1790684601209,1
bench_attempt,main,4,1,cheater,main-0176,1790679037579,1790684606382,1790684611440,1790684647129,1
bench_attempt,main,4,1,line-0,main-0183,1790679037644,1790684652709,1790684657967,1790684669313,1
bench_attempt,main,4,1,honest,main-0183,1790679037701,1790684675029,1790684680482,1790684708713,1
bench_attempt,main,4,1,pressure,main-0183,1790679037761,1790684714833,1790684719841,1790684746345,1
bench_attempt,main,4,1,cheater,main-0183,1790679037819,1790684752683,1790684757996,1790684794383,1
bench_attempt,main,4,1,line-0,main-0185,1790679037876,1790684799624,1790684804677,1790684815406,1
bench_attempt,main,4,1,honest,main-0185,1790679037934,1790684821047,1790684826157,1790684851080,1
bench_attempt,main,4,1,pressure,main-0185,1790679037992,1790684856682,1790684862295,1790684895420,1
bench_attempt,main,4,1,cheater,main-0185,1790679038049,1790684902147,1790684907545,1790684943704,1
bench_attempt,main,4,1,line-0,main-0193,1790679038108,1790684949019,1790684954290,1790684965827,1
bench_attempt,main,4,1,honest,main-0193,1790679038166,1790684971439,1790684976609,1790684990149,1
bench_attempt,main,4,1,pressure,main-0193,1790679038224,1790684996603,1790685001715,1790685014679,1
bench_attempt,main,4,1,cheater,main-0193,1790679038282,1790685020242,1790685025378,1790685056027,1
bench_attempt,main,4,1,line-0,main-0197,1790679038339,1790685061295,1790685066837,1790685077553,1
bench_attempt,main,4,1,honest,main-0197,1790679038397,1790685083085,1790685088298,1790685119979,1
bench_attempt,main,4,1,pressure,main-0197,1790679038455,1790685126572,1790685131940,1790685162895,1
bench_attempt,main,4,1,cheater,main-0197,1790679038513,1790685168273,1790685173556,1790685209204,1
bench_verify,main,4,1,line-0,main-0148,1790679064872,1790685214566,1790685219794,1790685235552,1
bench_verify,main,4,1,honest,main-0148,1790679172010,1790685243058,1790685246559,1790685261357,1
bench_verify,main,4,1,pressure,main-0148,1790679201440,1790685269912,1790685273246,1790685287988,1
bench_verify,main,4,1,cheater,main-0148,1790679248713,1790685294544,1790685297726,1790685312907,1
bench_verify,main,4,1,line-0,main-0149,1790679269842,1790685318570,1790685322092,1790685337004,1
bench_verify,main,4,1,honest,main-0149,1790679308648,1790685342555,1790685345814,1790685360800,1
bench_verify,main,4,1,pressure,main-0149,1790679343914,1790685367532,1790685371192,1790685388548,1
bench_verify,main,4,1,cheater,main-0149,1790679374283,1790685394423,1790685397905,1790685413532,1
bench_verify,main,4,1,line-0,main-0150,1790679396880,1790685418579,1790685421937,1790685439062,1
bench_verify,main,4,1,honest,main-0150,1790679420635,1790685445235,1790685448724,1790685463546,1
bench_verify,main,4,1,pressure,main-0150,1790679443771,1790685469306,1790685472703,1790685488279,1
bench_verify,main,4,1,cheater,main-0150,1790679473489,1790685493299,1790685496836,1790685511122,1
bench_verify,main,4,1,line-0,main-0151,1790679496067,1790685516281,1790685519857,1790685536166,1
bench_verify,main,4,1,honest,main-0151,1790679540378,1790685541419,1790685545141,1790685560832,1
bench_verify,main,4,1,pressure,main-0151,1790679579901,1790685566715,1790685570172,1790685586122,1
bench_verify,main,4,1,cheater,main-0151,1790679624560,1790685592404,1790685596667,1790685612376,1
bench_verify,main,4,1,line-0,main-0152,1790679647476,1790685618157,1790685621752,1790685637348,1
bench_verify,main,4,1,honest,main-0152,1790679678273,1790685643572,1790685646864,1790685663459,1
bench_verify,main,4,1,pressure,main-0152,1790679704034,1790685670081,1790685673456,1790685690136,1
bench_verify,main,4,1,cheater,main-0152,1790679731589,1790685696239,1790685700679,1790685715702,1
bench_verify,main,4,1,line-0,main-0153,1790679753656,1790685721344,1790685724837,1790685739867,1
bench_verify,main,4,1,honest,main-0153,1790679785644,1790685747028,1790685750617,1790685766680,1
bench_verify,main,4,1,pressure,main-0153,1790679810107,1790685772697,1790685776211,1790685792082,1
bench_verify,main,4,1,cheater,main-0153,1790679837965,1790685798547,1790685802067,1790685817277,1
bench_verify,main,4,1,line-0,main-0154,1790679859407,1790685822916,1790685826205,1790685841176,1
bench_verify,main,4,1,honest,main-0154,1790679909285,1790685847821,1790685851372,1790685866395,1
bench_verify,main,4,1,pressure,main-0154,1790679959190,1790685872928,1790685876270,1790685891637,1
bench_verify,main,4,1,cheater,main-0154,1790679991510,1790685898232,1790685901531,1790685915404,1
bench_verify,main,4,1,line-0,main-0155,1790680012657,1790685921151,1790685924547,1790685940579,1
bench_verify,main,4,1,honest,main-0155,1790680050463,1790685947103,1790685950599,1790685964508,1
bench_verify,main,4,1,pressure,main-0155,1790680086518,1790685971168,1790685974382,1790685989224,1
bench_verify,main,4,1,cheater,main-0155,1790680125975,1790685996144,1790685999416,1790686013522,1
bench_verify,main,4,1,line-0,main-0156,1790680146766,1790686020281,1790686023613,1790686040716,1
bench_verify,main,4,1,honest,main-0156,1790680169891,1790686047407,1790686050747,1790686064671,1
bench_verify,main,4,1,pressure,main-0156,1790680192589,1790686071549,1790686074911,1790686089719,1
bench_verify,main,4,1,cheater,main-0156,1790680219431,1790686096389,1790686099957,1790686115009,1
bench_verify,main,4,1,line-0,main-0157,1790680240367,1790686121755,1790686124980,1790686140905,1
bench_verify,main,4,1,honest,main-0157,1790680264392,1790686147463,1790686151029,1790686165612,1
bench_verify,main,4,1,pressure,main-0157,1790680287427,1790686171254,1790686174445,1790686190501,1
bench_verify,main,4,1,cheater,main-0157,1790680315052,1790686197090,1790686200253,1790686215296,1
bench_verify,main,4,1,line-0,main-0160,1790680336181,1790686221981,1790686225391,1790686241262,1
bench_verify,main,4,1,honest,main-0160,1790680360238,1790686247929,1790686251278,1790686266042,1
bench_verify,main,4,1,pressure,main-0160,1790680388532,1790686272680,1790686275922,1790686290822,1
bench_verify,main,4,1,cheater,main-0160,1790680415343,1790686297298,1790686301002,1790686316101,1
bench_verify,main,4,1,line-0,main-0161,1790680436647,1790686322465,1790686325725,1790686340624,1
bench_verify,main,4,1,honest,main-0161,1790680479572,1790686348094,1790686351428,1790686367256,1
bench_verify,main,4,1,pressure,main-0161,1790680502080,1790686372884,1790686376212,1790686392129,1
bench_verify,main,4,1,cheater,main-0161,1790680534166,1790686399834,1790686403368,1790686418679,1
bench_verify,main,4,1,line-0,main-0162,1790680555544,1790686424268,1790686427604,1790686443316,1
bench_verify,main,4,1,honest,main-0162,1790680593136,1790686448402,1790686451780,1790686467755,1
bench_verify,main,4,1,pressure,main-0162,1790680630772,1790686473860,1790686477481,1790686492896,1
bench_verify,main,4,1,cheater,main-0162,1790680671707,1790686498721,1790686501922,1790686518200,1
bench_verify,main,4,1,line-0,main-0163,1790680692357,1790686524897,1790686528188,1790686543804,1
bench_verify,main,4,1,honest,main-0163,1790680734855,1790686549673,1790686552995,1790686568745,1
bench_verify,main,4,1,pressure,main-0163,1790680770765,1790686574705,1790686578097,1790686593281,1
bench_verify,main,4,1,cheater,main-0163,1790680808146,1790686599599,1790686603120,1790686618474,1
bench_verify,main,4,1,line-0,main-0164,1790680830815,1790686623552,1790686627090,1790686642813,1
bench_verify,main,4,1,honest,main-0164,1790680856961,1790686648739,1790686652116,1790686666875,1
bench_verify,main,4,1,pressure,main-0164,1790680886817,1790686672649,1790686676168,1790686692718,1
bench_verify,main,4,1,cheater,main-0164,1790680916411,1790686699936,1790686703512,1790686719279,1
bench_verify,main,4,1,line-0,main-0165,1790680939219,1790686725066,1790686728481,1790686744898,1
bench_verify,main,4,1,honest,main-0165,1790680962240,1790686752071,1790686755573,1790686770855,1
bench_verify,main,4,1,pressure,main-0165,1790680990641,1790686775818,1790686779278,1790686795735,1
bench_verify,main,4,1,cheater,main-0165,1790681024072,1790686801794,1790686805287,1790686821088,1
bench_verify,main,4,1,line-0,main-0166,1790681047880,1790686826891,1790686830288,1790686847558,1
bench_verify,main,4,1,honest,main-0166,1790681073449,1790686853775,1790686857236,1790686871032,1
bench_verify,main,4,1,pressure,main-0166,1790681097954,1790686876527,1790686879937,1790686894911,1
bench_verify,main,4,1,cheater,main-0166,1790681128155,1790686900168,1790686903574,1790686917119,1
bench_verify,main,4,1,line-0,main-0167,1790681149946,1790686923712,1790686927172,1790686941642,1
bench_verify,main,4,1,honest,main-0167,1790681178445,1790686948712,1790686952105,1790686966794,1
bench_verify,main,4,1,pressure,main-0167,1790681213104,1790686972383,1790686977722,1790686993183,1
bench_verify,main,4,1,cheater,main-0167,1790681246741,1790686999898,1790687003365,1790687017960,1
bench_verify,main,4,1,line-0,main-0168,1790681271276,1790687023537,1790687027090,1790687043559,1
bench_verify,main,4,1,honest,main-0168,1790681294380,1790687048764,1790687052277,1790687067034,1
bench_verify,main,4,1,pressure,main-0168,1790681319207,1790687073095,1790687076546,1790687092011,1
bench_verify,main,4,1,cheater,main-0168,1790681350919,1790687097162,1790687101991,1790687118395,1
bench_verify,main,4,1,line-0,main-0169,1790681371790,1790687124522,1790687127939,1790687144412,1
bench_verify,main,4,1,honest,main-0169,1790681414448,1790687151237,1790687154755,1790687170278,1
bench_verify,main,4,1,pressure,main-0169,1790681451854,1790687175468,1790687178860,1790687193517,1
bench_verify,main,4,1,cheater,main-0169,1790681485337,1790687200741,1790687204168,1790687219013,1
bench_verify,main,4,1,line-0,main-0170,1790681507312,1790687224119,1790687227544,1790687242969,1
bench_verify,main,4,1,honest,main-0170,1790681552919,1790687247954,1790687251438,1790687267020,1
bench_verify,main,4,1,pressure,main-0170,1790681587394,1790687273059,1790687276631,1790687291677,1
bench_verify,main,4,1,cheater,main-0170,1790681625621,1790687297136,1790687300388,1790687315592,1
bench_verify,main,4,1,line-0,main-0171,1790681646195,1790687321212,1790687324684,1790687339368,1
bench_verify,main,4,1,honest,main-0171,1790681682808,1790687346854,1790687350286,1790687365988,1
bench_verify,main,4,1,pressure,main-0171,1790681724812,1790687373500,1790687376743,1790687391959,1
bench_verify,main,4,1,cheater,main-0171,1790681767012,1790687398588,1790687401707,1790687415847,1
bench_verify,main,4,1,line-0,main-0172,1790681787656,1790687422419,1790687425805,1790687441292,1
bench_verify,main,4,1,honest,main-0172,1790681826633,1790687446242,1790687449816,1790687465411,1
bench_verify,main,4,1,pressure,main-0172,1790681866831,1790687471060,1790687474306,1790687488076,1
bench_verify,main,4,1,cheater,main-0172,1790681905761,1790687493714,1790687497449,1790687512094,1
bench_verify,main,4,1,line-0,main-0173,1790681927216,1790687519058,1790687522324,1790687536169,1
bench_verify,main,4,1,honest,main-0173,1790681964552,1790687541820,1790687545249,1790687561795,1
bench_verify,main,4,1,pressure,main-0173,1790681999028,1790687567910,1790687571687,1790687587259,1
bench_verify,main,4,1,cheater,main-0173,1790682033713,1790687593157,1790687596529,1790687611744,1
bench_verify,main,4,1,line-0,main-0174,1790682054261,1790687619151,1790687622637,1790687637914,1
bench_verify,main,4,1,honest,main-0174,1790682081130,1790687643535,1790687647193,1790687663138,1
bench_verify,main,4,1,pressure,main-0174,1790682103245,1790687668276,1790687671572,1790687686468,1
bench_verify,main,4,1,cheater,main-0174,1790682131217,1790687691575,1790687695234,1790687711575,1
bench_verify,main,4,1,line-0,main-0175,1790682152856,1790687717486,1790687720859,1790687736563,1
bench_verify,main,4,1,honest,main-0175,1790682182901,1790687742332,1790687745709,1790687761900,1
bench_verify,main,4,1,pressure,main-0175,1790682211423,1790687766929,1790687770622,1790687785150,1
bench_verify,main,4,1,cheater,main-0175,1790682240210,1790687791164,1790687794539,1790687811240,1
bench_verify,main,4,1,line-0,main-0177,1790682261670,1790687816977,1790687820339,1790687835786,1
bench_verify,main,4,1,honest,main-0177,1790682288218,1790687840833,1790687844120,1790687860757,1
bench_verify,main,4,1,pressure,main-0177,1790682320356,1790687866829,1790687870395,1790687885831,1
bench_verify,main,4,1,cheater,main-0177,1790682351613,1790687891425,1790687894877,1790687910424,1
bench_verify,main,4,1,line-0,main-0178,1790682372708,1790687917042,1790687920274,1790687933820,1
bench_verify,main,4,1,honest,main-0178,1790682399869,1790687939442,1790687942804,1790687959272,1
bench_verify,main,4,1,pressure,main-0178,1790682422958,1790687965964,1790687969329,1790687984943,1
bench_verify,main,4,1,cheater,main-0178,1790682450157,1790687990027,1790687993327,1790688008811,1
bench_verify,main,4,1,line-0,main-0179,1790682470789,1790688013878,1790688017282,1790688032936,1
bench_verify,main,4,1,honest,main-0179,1790682493498,1790688039181,1790688042512,1790688058033,1
bench_verify,main,4,1,pressure,main-0179,1790682515500,1790688063925,1790688067579,1790688083323,1
bench_verify,main,4,1,cheater,main-0179,1790682543742,1790688089428,1790688093095,1790688108531,1
bench_verify,main,4,1,line-0,main-0180,1790682564189,1790688114462,1790688117911,1790688133618,1
bench_verify,main,4,1,honest,main-0180,1790682601302,1790688140498,1790688143977,1790688159466,1
bench_verify,main,4,1,pressure,main-0180,1790682632694,1790688164646,1790688168006,1790688183310,1
bench_verify,main,4,1,cheater,main-0180,1790682664880,1790688188432,1790688192151,1790688208144,1
bench_verify,main,4,1,line-0,main-0181,1790682686764,1790688214418,1790688217931,1790688233195,1
bench_verify,main,4,1,honest,main-0181,1790682719721,1790688238229,1790688241850,1790688257745,1
bench_verify,main,4,1,pressure,main-0181,1790682747964,1790688262980,1790688266390,1790688281967,1
bench_verify,main,4,1,cheater,main-0181,1790682785701,1790688287872,1790688291189,1790688305818,1
bench_verify,main,4,1,line-0,main-0182,1790682808298,1790688310877,1790688314410,1790688329703,1
bench_verify,main,4,1,honest,main-0182,1790682846722,1790688337232,1790688340583,1790688355366,1
bench_verify,main,4,1,pressure,main-0182,1790682880367,1790688360936,1790688364381,1790688379144,1
bench_verify,main,4,1,cheater,main-0182,1790682927472,1790688384455,1790688387802,1790688403253,1
bench_verify,main,4,1,line-0,main-0184,1790682949915,1790688409959,1790688413379,1790688428298,1
bench_verify,main,4,1,honest,main-0184,1790682992081,1790688433648,1790688436883,1790688451752,1
bench_verify,main,4,1,pressure,main-0184,1790683026567,1790688457321,1790688460803,1790688474502,1
bench_verify,main,4,1,cheater,main-0184,1790683080232,1790688482346,1790688486074,1790688501762,1
bench_verify,main,4,1,line-0,main-0186,1790683102195,1790688507390,1790688510969,1790688525939,1
bench_verify,main,4,1,honest,main-0186,1790683142846,1790688532653,1790688535896,1790688550190,1
bench_verify,main,4,1,pressure,main-0186,1790683181636,1790688556528,1790688560113,1790688577182,1
bench_verify,main,4,1,cheater,main-0186,1790683215193,1790688582263,1790688585809,1790688601318,1
bench_verify,main,4,1,line-0,main-0187,1790683237520,1790688607776,1790688611380,1790688626942,1
bench_verify,main,4,1,honest,main-0187,1790683282503,1790688632048,1790688635411,1790688651112,1
bench_verify,main,4,1,pressure,main-0187,1790683325177,1790688656296,1790688659521,1790688675787,1
bench_verify,main,4,1,cheater,main-0187,1790683366823,1790688681979,1790688685426,1790688701437,1
bench_verify,main,4,1,line-0,main-0188,1790683388657,1790688707147,1790688710536,1790688726834,1
bench_verify,main,4,1,honest,main-0188,1790683417817,1790688733029,1790688736583,1790688752311,1
bench_verify,main,4,1,pressure,main-0188,1790683442179,1790688758151,1790688761668,1790688777345,1
bench_verify,main,4,1,cheater,main-0188,1790683470210,1790688782553,1790688785921,1790688801563,1
bench_verify,main,4,1,line-0,main-0189,1790683491146,1790688807704,1790688811195,1790688826753,1
bench_verify,main,4,1,honest,main-0189,1790683518962,1790688832593,1790688836169,1790688852108,1
bench_verify,main,4,1,pressure,main-0189,1790683546078,1790688858347,1790688862104,1790688877919,1
bench_verify,main,4,1,cheater,main-0189,1790683573160,1790688883703,1790688887239,1790688903155,1
bench_verify,main,4,1,line-0,main-0190,1790683597066,1790688909821,1790688913275,1790688928479,1
bench_verify,main,4,1,honest,main-0190,1790683625676,1790688934862,1790688938009,1790688954782,1
bench_verify,main,4,1,pressure,main-0190,1790683656039,1790688960866,1790688964310,1790688980002,1
bench_verify,main,4,1,cheater,main-0190,1790683684226,1790688985955,1790688989338,1790689005817,1
bench_verify,main,4,1,line-0,main-0191,1790683705905,1790689011936,1790689015377,1790689031076,1
bench_verify,main,4,1,honest,main-0191,1790683734499,1790689036803,1790689040366,1790689057285,1
bench_verify,main,4,1,pressure,main-0191,1790683757888,1790689063412,1790689067104,1790689082899,1
bench_verify,main,4,1,cheater,main-0191,1790683785954,1790689088703,1790689092044,1790689108148,1
bench_verify,main,4,1,line-0,main-0192,1790683810226,1790689114397,1790689117793,1790689133506,1
bench_verify,main,4,1,honest,main-0192,1790683833423,1790689139328,1790689142825,1790689158465,1
bench_verify,main,4,1,pressure,main-0192,1790683856818,1790689164542,1790689168000,1790689183984,1
bench_verify,main,4,1,cheater,main-0192,1790683884681,1790689189880,1790689193453,1790689209419,1
bench_verify,main,4,1,line-0,main-0194,1790683905460,1790689216836,1790689220250,1790689236120,1
bench_verify,main,4,1,honest,main-0194,1790683934616,1790689241951,1790689245838,1790689261302,1
bench_verify,main,4,1,pressure,main-0194,1790683960015,1790689268626,1790689272056,1790689287101,1
bench_verify,main,4,1,cheater,main-0194,1790683990949,1790689292405,1790689295633,1790689310546,1
bench_verify,main,4,1,line-0,main-0195,1790684012975,1790689315934,1790689319308,1790689334331,1
bench_verify,main,4,1,honest,main-0195,1790684040887,1790689340994,1790689344496,1790689359375,1
bench_verify,main,4,1,pressure,main-0195,1790684065945,1790689365998,1790689369545,1790689386648,1
bench_verify,main,4,1,cheater,main-0195,1790684092771,1790689392890,1790689396199,1790689411113,1
bench_verify,main,4,1,line-0,main-0196,1790684114120,1790689416876,1790689420175,1790689435797,1
bench_verify,main,4,1,honest,main-0196,1790684147889,1790689441959,1790689445476,1790689461523,1
bench_verify,main,4,1,pressure,main-0196,1790684187428,1790689467247,1790689470763,1790689486052,1
bench_verify,main,4,1,cheater,main-0196,1790684225699,1790689492502,1790689495736,1790689512394,1
bench_verify,main,4,1,line-0,main-0198,1790684247697,1790689518157,1790689521678,1790689537521,1
bench_verify,main,4,1,honest,main-0198,1790684304042,1790689542653,1790689545837,1790689560256,1
bench_verify,main,4,1,pressure,main-0198,1790684351018,1790689565304,1790689568897,1790689584517,1
bench_verify,main,4,1,cheater,main-0198,1790684396614,1790689590669,1790689594184,1790689608861,1
bench_verify,main,4,1,line-0,main-0199,1790684420231,1790689614736,1790689618699,1790689634574,1
bench_verify,main,4,1,honest,main-0199,1790684450994,1790689639612,1790689643161,1790689657761,1
bench_verify,main,4,1,pressure,main-0199,1790684481282,1790689664650,1790689668145,1790689683260,1
bench_verify,main,4,1,cheater,main-0199,1790684517439,1790689688323,1790689691807,1790689707059,1
bench_verify,main,4,1,line-0,main-0176,1790684542063,1790689713903,1790689717131,1790689732790,1
bench_verify,main,4,1,honest,main-0176,1790684572311,1790689739302,1790689742769,1790689759102,1
bench_verify,main,4,1,pressure,main-0176,1790684608398,1790689764166,1790689768039,1790689783568,1
bench_verify,main,4,1,cheater,main-0176,1790684654688,1790689789698,1790689793109,1790689807348,1
bench_verify,main,4,1,line-0,main-0183,1790684676923,1790689813672,1790689817323,1790689832999,1
bench_verify,main,4,1,honest,main-0183,1790684716839,1790689839134,1790689842648,1790689858414,1
bench_verify,main,4,1,pressure,main-0183,1790684754706,1790689864365,1790689867765,1790689883376,1
bench_verify,main,4,1,cheater,main-0183,1790684801612,1790689889456,1790689892847,1790689908654,1
bench_verify,main,4,1,line-0,main-0185,1790684822965,1790689914497,1790689918248,1790689933647,1
bench_verify,main,4,1,honest,main-0185,1790684858692,1790689938788,1790689942510,1790689958113,1
bench_verify,main,4,1,pressure,main-0185,1790684904036,1790689964794,1790689973443,1790689989811,1
bench_verify,main,4,1,cheater,main-0185,1790684951072,1790689995008,1790689998498,1790690012941,1
bench_verify,main,4,1,line-0,main-0193,1790684973325,1790690019361,1790690022658,1790690037804,1
bench_verify,main,4,1,honest,main-0193,1790684998652,1790690043529,1790690047076,1790690062729,1
bench_verify,main,4,1,pressure,main-0193,1790685022301,1790690069455,1790690072945,1790690087438,1
bench_verify,main,4,1,cheater,main-0193,1790685063339,1790690093051,1790690096545,1790690111966,1
bench_verify,main,4,1,line-0,main-0197,1790685084972,1790690119394,1790690122768,1790690137686,1
bench_verify,main,4,1,honest,main-0197,1790685128485,1790690143379,1790690146787,1790690162681,1
bench_verify,main,4,1,pressure,main-0197,1790685170333,1790690169453,1790690172940,1790690187803,1
bench_verify,main,4,1,cheater,main-0197,1790685216482,1790690193201,1790690196689,1790690211973,1
bench_attempt,main,5,1,line-0,main-0200,1790690247753,1790690263343,1790690290129,1790690300055,1
bench_attempt,main,5,1,honest,main-0200,1790690247821,1790690305874,1790690311417,1790690397873,1
bench_attempt,main,5,1,pressure,main-0200,1790690247888,1790690403508,1790690409155,1790690443283,1
bench_attempt,main,5,1,cheater,main-0200,1790690247953,1790690449116,1790690454474,1790690490480,1
bench_attempt,main,5,1,line-0,main-0202,1790690248017,1790690496126,1790690501940,1790690511775,1
bench_attempt,main,5,1,honest,main-0202,1790690248082,1790690517755,1790690523516,1790690535991,1
bench_attempt,main,5,1,pressure,main-0202,1790690248146,1790690542500,1790690547850,1790690568766,1
bench_attempt,main,5,1,cheater,main-0202,1790690248210,1790690574646,1790690580402,1790690598459,1
bench_attempt,main,5,1,line-0,main-0203,1790690248275,1790690603999,1790690609538,1790690621065,1
bench_attempt,main,5,1,honest,main-0203,1790690248339,1790690626940,1790690632669,1790690659003,1
bench_attempt,main,5,1,pressure,main-0203,1790690248416,1790690664431,1790690669927,1790690696075,1
bench_attempt,main,5,1,cheater,main-0203,1790690248480,1790690701580,1790690707504,1790690725001,1
bench_attempt,main,5,1,line-0,main-0204,1790690248544,1790690730716,1790690736266,1790690747574,1
bench_attempt,main,5,1,honest,main-0204,1790690248608,1790690753350,1790690758875,1790690772053,1
bench_attempt,main,5,1,pressure,main-0204,1790690248673,1790690778557,1790690784188,1790690800352,1
bench_attempt,main,5,1,cheater,main-0204,1790690248737,1790690805508,1790690811453,1790690829181,1
bench_attempt,main,5,1,line-0,main-0205,1790690248801,1790690834702,1790690840297,1790690851418,1
bench_attempt,main,5,1,honest,main-0205,1790690248865,1790690857319,1790690864113,1790690876468,1
bench_attempt,main,5,1,pressure,main-0205,1790690248929,1790690881947,1790690887613,1790690900332,1
bench_attempt,main,5,1,cheater,main-0205,1790690248993,1790690907022,1790690912462,1790690931170,1
bench_attempt,main,5,1,line-0,main-0206,1790690249056,1790690936688,1790690942590,1790690952860,1
bench_attempt,main,5,1,honest,main-0206,1790690249121,1790690958673,1790690964341,1790690981909,1
bench_attempt,main,5,1,pressure,main-0206,1790690249184,1790690988264,1790690993893,1790691007151,1
bench_attempt,main,5,1,cheater,main-0206,1790690249254,1790691013388,1790691020105,1790691038078,1
bench_attempt,main,5,1,line-0,main-0207,1790690249320,1790691043666,1790691049150,1790691060168,1
bench_attempt,main,5,1,honest,main-0207,1790690249384,1790691065896,1790691071572,1790691083667,1
bench_attempt,main,5,1,pressure,main-0207,1790690249447,1790691089191,1790691094899,1790691111110,1
bench_attempt,main,5,1,cheater,main-0207,1790690249512,1790691117174,1790691122768,1790691141014,1
bench_attempt,main,5,1,line-0,main-0208,1790690249576,1790691147497,1790691152949,1790691164001,1
bench_attempt,main,5,1,honest,main-0208,1790690249639,1790691169905,1790691175334,1790691194746,1
bench_attempt,main,5,1,pressure,main-0208,1790690249704,1790691200142,1790691205527,1790691224268,1
bench_attempt,main,5,1,cheater,main-0208,1790690249768,1790691229750,1790691235734,1790691255123,1
bench_attempt,main,5,1,line-0,main-0209,1790690249832,1790691260714,1790691266110,1790691277449,1
bench_attempt,main,5,1,honest,main-0209,1790690249895,1790691283223,1790691288831,1790691312749,1
bench_attempt,main,5,1,pressure,main-0209,1790690249959,1790691319114,1790691324803,1790691340783,1
bench_attempt,main,5,1,cheater,main-0209,1790690250023,1790691348424,1790691354071,1790691373759,1
bench_attempt,main,5,1,line-0,main-0210,1790690250086,1790691379361,1790691385307,1790691396388,1
bench_attempt,main,5,1,honest,main-0210,1790690250150,1790691402305,1790691408028,1790691423090,1
bench_attempt,main,5,1,pressure,main-0210,1790690250213,1790691428696,1790691434190,1790691454809,1
bench_attempt,main,5,1,cheater,main-0210,1790690250277,1790691462004,1790691467574,1790691486064,1
bench_attempt,main,5,1,line-0,main-0211,1790690250340,1790691492674,1790691498462,1790691510004,1
bench_attempt,main,5,1,honest,main-0211,1790690250404,1790691516000,1790691521658,1790691534996,1
bench_attempt,main,5,1,pressure,main-0211,1790690250468,1790691540526,1790691547393,1790691559232,1
bench_attempt,main,5,1,cheater,main-0211,1790690250531,1790691564845,1790691570718,1790691588321,1
bench_attempt,main,5,1,line-0,main-0212,1790690250594,1790691593823,1790691599357,1790691610938,1
bench_attempt,main,5,1,honest,main-0212,1790690250659,1790691616810,1790691622664,1790691634925,1
bench_attempt,main,5,1,pressure,main-0212,1790690250723,1790691640473,1790691646227,1790691661784,1
bench_attempt,main,5,1,cheater,main-0212,1790690250787,1790691667205,1790691672895,1790691692427,1
bench_attempt,main,5,1,line-0,main-0213,1790690250850,1790691698925,1790691704571,1790691715909,1
bench_attempt,main,5,1,honest,main-0213,1790690250915,1790691721789,1790691727339,1790691754753,1
bench_attempt,main,5,1,pressure,main-0213,1790690250978,1790691760449,1790691766220,1790691795051,1
bench_attempt,main,5,1,cheater,main-0213,1790690251042,1790691801697,1790691807178,1790691843705,1
bench_attempt,main,5,1,line-0,main-0214,1790690251106,1790691849378,1790691855645,1790691866807,1
bench_attempt,main,5,1,honest,main-0214,1790690251169,1790691872702,1790691878639,1790691909808,1
bench_attempt,main,5,1,pressure,main-0214,1790690251233,1790691915749,1790691921441,1790691953069,1
bench_attempt,main,5,1,cheater,main-0214,1790690251296,1790691958682,1790691964603,1790691994475,1
bench_attempt,main,5,1,line-0,main-0216,1790690251360,1790692001015,1790692007315,1790692018492,1
bench_attempt,main,5,1,honest,main-0216,1790690251424,1790692024385,1790692029993,1790692045002,1
bench_attempt,main,5,1,pressure,main-0216,1790690251487,1790692050840,1790692057964,1790692077333,1
bench_attempt,main,5,1,cheater,main-0216,1790690251551,1790692082851,1790692088481,1790692108188,1
bench_attempt,main,5,1,line-0,main-0217,1790690251615,1790692114953,1790692120743,1790692132467,1
bench_attempt,main,5,1,honest,main-0217,1790690251680,1790692139467,1790692145133,1790692160017,1
bench_attempt,main,5,1,pressure,main-0217,1790690251743,1790692166578,1790692172267,1790692190029,1
bench_attempt,main,5,1,cheater,main-0217,1790690251806,1790692195629,1790692201587,1790692220713,1
bench_attempt,main,5,1,line-0,main-0218,1790690251874,1790692226311,1790692231991,1790692243061,1
bench_attempt,main,5,1,honest,main-0218,1790690251937,1790692249138,1790692255092,1790692269182,1
bench_attempt,main,5,1,pressure,main-0218,1790690252000,1790692275835,1790692281589,1790692296551,1
bench_attempt,main,5,1,cheater,main-0218,1790690252064,1790692302087,1790692307772,1790692327023,1
bench_attempt,main,5,1,line-0,main-0219,1790690252127,1790692332973,1790692338761,1790692352865,1
bench_attempt,main,5,1,honest,main-0219,1790690252191,1790692361915,1790692367472,1790692429840,1
bench_attempt,main,5,1,pressure,main-0219,1790690252254,1790692435395,1790692441209,1790692495980,1
bench_attempt,main,5,1,cheater,main-0219,1790690252317,1790692501730,1790692507529,1790692600852,1
bench_attempt,main,5,1,line-0,main-0221,1790690252382,1790692607593,1790692613409,1790692626055,1
bench_attempt,main,5,1,honest,main-0221,1790690252446,1790692634068,1790692639661,1790692657255,1
bench_attempt,main,5,1,pressure,main-0221,1790690252509,1790692663844,1790692669313,1790692688998,1
bench_attempt,main,5,1,cheater,main-0221,1790690252572,1790692695569,1790692701422,1790692723127,1
bench_attempt,main,5,1,line-0,main-0222,1790690252636,1790692730118,1790692735748,1790692747024,1
bench_attempt,main,5,1,honest,main-0222,1790690252699,1790692753013,1790692759020,1790692777072,1
bench_attempt,main,5,1,pressure,main-0222,1790690252764,1790692782605,1790692788336,1790692801489,1
bench_attempt,main,5,1,cheater,main-0222,1790690252827,1790692807139,1790692812850,1790692831191,1
bench_attempt,main,5,1,line-0,main-0223,1790690252890,1790692836736,1790692842417,1790692856000,1
bench_attempt,main,5,1,honest,main-0223,1790690252954,1790692865075,1790692870804,1790692895678,1
bench_attempt,main,5,1,pressure,main-0223,1790690253017,1790692902828,1790692909692,1790692936967,1
bench_attempt,main,5,1,cheater,main-0223,1790690253081,1790692942381,1790692948343,1790692979260,1
bench_attempt,main,5,1,line-0,main-0224,1790690253144,1790692984991,1790692991965,1790693003081,1
bench_attempt,main,5,1,honest,main-0224,1790690253207,1790693009023,1790693014633,1790693028175,1
bench_attempt,main,5,1,pressure,main-0224,1790690253270,1790693033737,1790693039602,1790693055458,1
bench_attempt,main,5,1,cheater,main-0224,1790690253334,1790693060461,1790693065994,1790693085664,1
bench_attempt,main,5,1,line-0,main-0225,1790690253397,1790693091713,1790693097709,1790693108844,1
bench_attempt,main,5,1,honest,main-0225,1790690253461,1790693115758,1790693121434,1790693153760,1
bench_attempt,main,5,1,pressure,main-0225,1790690253528,1790693160529,1790693166292,1790693184275,1
bench_attempt,main,5,1,cheater,main-0225,1790690253592,1790693190104,1790693196104,1790693217269,1
bench_attempt,main,5,1,line-0,main-0226,1790690253661,1790693223917,1790693229580,1790693240904,1
bench_attempt,main,5,1,honest,main-0226,1790690253728,1790693246827,1790693252827,1790693283276,1
bench_attempt,main,5,1,pressure,main-0226,1790690253796,1790693288862,1790693294559,1790693322540,1
bench_attempt,main,5,1,cheater,main-0226,1790690253862,1790693328183,1790693333810,1790693360960,1
bench_attempt,main,5,1,line-0,main-0227,1790690253930,1790693367129,1790693373166,1790693383515,1
bench_attempt,main,5,1,honest,main-0227,1790690253994,1790693389555,1790693395448,1790693414072,1
bench_attempt,main,5,1,pressure,main-0227,1790690254058,1790693419807,1790693425386,1790693439289,1
bench_attempt,main,5,1,cheater,main-0227,1790690254122,1790693444915,1790693450696,1790693471987,1
bench_attempt,main,5,1,line-0,main-0228,1790690254185,1790693478152,1790693484017,1790693495369,1
bench_attempt,main,5,1,honest,main-0228,1790690254248,1790693501355,1790693507371,1790693526865,1
bench_attempt,main,5,1,pressure,main-0228,1790690254318,1790693532457,1790693538255,1790693555895,1
bench_attempt,main,5,1,cheater,main-0228,1790690254382,1790693562539,1790693568701,1790693586668,1
bench_attempt,main,5,1,line-0,main-0229,1790690254446,1790693592249,1790693598076,1790693610908,1
bench_attempt,main,5,1,honest,main-0229,1790690254509,1790693618292,1790693623999,1790693670793,1
bench_attempt,main,5,1,pressure,main-0229,1790690254573,1790693676509,1790693682186,1790693714170,1
bench_attempt,main,5,1,cheater,main-0229,1790690254636,1790693719876,1790693725795,1790693751067,1
bench_attempt,main,5,1,line-0,main-0230,1790690254700,1790693756674,1790693762630,1790693775873,1
bench_attempt,main,5,1,honest,main-0230,1790690254763,1790693782949,1790693788978,1790693836554,1
bench_attempt,main,5,1,pressure,main-0230,1790690254827,1790693843609,1790693849189,1790693884836,1
bench_attempt,main,5,1,cheater,main-0230,1790690254891,1790693890555,1790693896117,1790693930334,1
bench_attempt,main,5,1,line-0,main-0231,1790690254955,1790693936797,1790693942647,1790693954078,1
bench_attempt,main,5,1,honest,main-0231,1790690255019,1790693962120,1790693968093,1790693981853,1
bench_attempt,main,5,1,pressure,main-0231,1790690255083,1790693987667,1790693993517,1790694006873,1
bench_attempt,main,5,1,cheater,main-0231,1790690255146,1790694012448,1790694019222,1790694037142,1
bench_attempt,main,5,1,line-0,main-0232,1790690255210,1790694042340,1790694048064,1790694059518,1
bench_attempt,main,5,1,honest,main-0232,1790690255273,1790694065451,1790694072504,1790694117637,1
bench_attempt,main,5,1,pressure,main-0232,1790690255338,1790694124280,1790694129865,1790694171143,1
bench_attempt,main,5,1,cheater,main-0232,1790690255402,1790694176780,1790694182441,1790694210332,1
bench_attempt,main,5,1,line-0,main-0233,1790690255465,1790694216849,1790694222690,1790694232862,1
bench_attempt,main,5,1,honest,main-0233,1790690255529,1790694238927,1790694244638,1790694270749,1
bench_attempt,main,5,1,pressure,main-0233,1790690255592,1790694276479,1790694282434,1790694297281,1
bench_attempt,main,5,1,cheater,main-0233,1790690255656,1790694302918,1790694308600,1790694328019,1
bench_attempt,main,5,1,line-0,main-0234,1790690255719,1790694333935,1790694339767,1790694351343,1
bench_attempt,main,5,1,honest,main-0234,1790690255783,1790694357459,1790694363391,1790694408584,1
bench_attempt,main,5,1,pressure,main-0234,1790690255847,1790694414526,1790694420813,1790694491651,1
bench_attempt,main,5,1,cheater,main-0234,1790690255913,1790694497829,1790694504128,1790694572865,1
bench_attempt,main,5,1,line-0,main-0235,1790690255976,1790694578874,1790694585117,1790694598279,1
bench_attempt,main,5,1,honest,main-0235,1790690256039,1790694605846,1790694611959,1790694639147,1
bench_attempt,main,5,1,pressure,main-0235,1790690256104,1790694644996,1790694651271,1790694672791,1
bench_attempt,main,5,1,cheater,main-0235,1790690256168,1790694678743,1790694685150,1790694703950,1
bench_attempt,main,5,1,line-0,main-0236,1790690256231,1790694710038,1790694715804,1790694728519,1
bench_attempt,main,5,1,honest,main-0236,1790690256294,1790694734548,1790694740850,1790694755249,1
bench_attempt,main,5,1,pressure,main-0236,1790690256358,1790694762656,1790694768511,1790694789716,1
bench_attempt,main,5,1,cheater,main-0236,1790690256421,1790694796662,1790694802667,1790694824036,1
bench_attempt,main,5,1,line-0,main-0237,1790690256485,1790694831326,1790694837476,1790694850297,1
bench_attempt,main,5,1,honest,main-0237,1790690256549,1790694856363,1790694862461,1790695092997,1
bench_attempt,main,5,1,pressure,main-0237,1790690256613,1790695098919,1790695106625,1790695145386,1
bench_attempt,main,5,1,cheater,main-0237,1790690256676,1790695151241,1790695157332,1790695194977,1
bench_attempt,main,5,1,line-0,main-0239,1790690256739,1790695200928,1790695207011,1790695218102,1
bench_attempt,main,5,1,honest,main-0239,1790690256803,1790695226453,1790695232457,1790695246479,1
bench_attempt,main,5,1,pressure,main-0239,1790690256867,1790695252756,1790695258417,1790695273772,1
bench_attempt,main,5,1,cheater,main-0239,1790690256930,1790695279650,1790695285500,1790695303391,1
bench_attempt,main,5,1,line-0,main-0240,1790690256994,1790695309147,1790695315066,1790695327668,1
bench_attempt,main,5,1,honest,main-0240,1790690257057,1790695333944,1790695340075,1790695378609,1
bench_attempt,main,5,1,pressure,main-0240,1790690257120,1790695384789,1790695390754,1790695424026,1
bench_attempt,main,5,1,cheater,main-0240,1790690257184,1790695429185,1790695435149,1790695474711,1
bench_attempt,main,5,1,line-0,main-0241,1790690257247,1790695480492,1790695486434,1790695498270,1
bench_attempt,main,5,1,honest,main-0241,1790690257310,1790695505648,1790695511549,1790695531170,1
bench_attempt,main,5,1,pressure,main-0241,1790690257374,1790695537086,1790695542896,1790695556754,1
bench_attempt,main,5,1,cheater,main-0241,1790690257438,1790695562566,1790695568596,1790695587148,1
bench_attempt,main,5,1,line-0,main-0242,1790690257501,1790695592914,1790695598954,1790695611128,1
bench_attempt,main,5,1,honest,main-0242,1790690257565,1790695618525,1790695624271,1790695711360,1
bench_attempt,main,5,1,pressure,main-0242,1790690257628,1790695718134,1790695723849,1790695757945,1
bench_attempt,main,5,1,cheater,main-0242,1790690257692,1790695764548,1790695770304,1790695803061,1
bench_attempt,main,5,1,line-0,main-0243,1790690257756,1790695808800,1790695814894,1790695826554,1
bench_attempt,main,5,1,honest,main-0243,1790690257819,1790695833738,1790695839789,1790695881637,1
bench_attempt,main,5,1,pressure,main-0243,1790690257883,1790695887835,1790695893392,1790695933476,1
bench_attempt,main,5,1,cheater,main-0243,1790690257946,1790695939135,1790695944880,1790695977846,1
bench_attempt,main,5,1,line-0,main-0245,1790690258009,1790695984455,1790695990002,1790696001397,1
bench_attempt,main,5,1,honest,main-0245,1790690258073,1790696008392,1790696014029,1790696047609,1
bench_attempt,main,5,1,pressure,main-0245,1790690258136,1790696054337,1790696059842,1790696077797,1
bench_attempt,main,5,1,cheater,main-0245,1790690258201,1790696083426,1790696089370,1790696119131,1
bench_attempt,main,5,1,line-0,main-0246,1790690258265,1790696125133,1790696130832,1790696142605,1
bench_attempt,main,5,1,honest,main-0246,1790690258328,1790696149789,1790696155387,1790696177424,1
bench_attempt,main,5,1,pressure,main-0246,1790690258392,1790696184085,1790696189791,1790696208583,1
bench_attempt,main,5,1,cheater,main-0246,1790690258455,1790696214220,1790696219980,1790696250828,1
bench_attempt,main,5,1,line-0,main-0247,1790690258519,1790696256459,1790696262088,1790696273414,1
bench_attempt,main,5,1,honest,main-0247,1790690258583,1790696279379,1790696285389,1790696298247,1
bench_attempt,main,5,1,pressure,main-0247,1790690258646,1790696304907,1790696310549,1790696325449,1
bench_attempt,main,5,1,cheater,main-0247,1790690258710,1790696331200,1790696336718,1790696355320,1
bench_attempt,main,5,1,line-0,main-0248,1790690258777,1790696360918,1790696366686,1790696378236,1
bench_attempt,main,5,1,honest,main-0248,1790690258844,1790696384352,1790696389922,1790696415689,1
bench_attempt,main,5,1,pressure,main-0248,1790690258907,1790696421048,1790696427182,1790696451345,1
bench_attempt,main,5,1,cheater,main-0248,1790690258971,1790696458117,1790696463745,1790696489298,1
bench_attempt,main,5,1,line-0,main-0249,1790690259034,1790696494754,1790696500772,1790696510947,1
bench_attempt,main,5,1,honest,main-0249,1790690259098,1790696516914,1790696522651,1790696542029,1
bench_attempt,main,5,1,pressure,main-0249,1790690259162,1790696548334,1790696553994,1790696572138,1
bench_attempt,main,5,1,cheater,main-0249,1790690259225,1790696578377,1790696584176,1790696604093,1
bench_attempt,main,5,1,line-0,main-0201,1790690259289,1790696610780,1790696616714,1790696628218,1
bench_attempt,main,5,1,honest,main-0201,1790690259357,1790696634364,1790696639966,1790696677551,1
bench_attempt,main,5,1,pressure,main-0201,1790690259428,1790696683160,1790696688811,1790696733339,1
bench_attempt,main,5,1,cheater,main-0201,1790690259492,1790696739056,1790696745075,1790696791122,1
bench_attempt,main,5,1,line-0,main-0215,1790690259556,1790696797838,1790696803513,1790696816111,1
bench_attempt,main,5,1,honest,main-0215,1790690259620,1790696822070,1790696827759,1790696860468,1
bench_attempt,main,5,1,pressure,main-0215,1790690259683,1790696867222,1790696873002,1790696916625,1
bench_attempt,main,5,1,cheater,main-0215,1790690259747,1790696922479,1790696928056,1790696975034,1
bench_attempt,main,5,1,line-0,main-0220,1790690259811,1790696980690,1790696986995,1790696998515,1
bench_attempt,main,5,1,honest,main-0220,1790690259874,1790697004465,1790697010345,1790697063322,1
bench_attempt,main,5,1,pressure,main-0220,1790690259938,1790697068665,1790697074322,1790697155017,1
bench_attempt,main,5,1,cheater,main-0220,1790690260002,1790697161923,1790697167722,1790697498481,1
bench_attempt,main,5,1,line-0,main-0238,1790690260065,1790697505053,1790697510769,1790697523164,1
bench_attempt,main,5,1,honest,main-0238,1790690260130,1790697530250,1790697536101,1790697554487,1
bench_attempt,main,5,1,pressure,main-0238,1790690260193,1790697560180,1790697565984,1790697588833,1
bench_attempt,main,5,1,cheater,main-0238,1790690260257,1790697595318,1790697600943,1790697634738,1
bench_attempt,main,5,1,line-0,main-0244,1790690260321,1790697641604,1790697647509,1790697658866,1
bench_attempt,main,5,1,honest,main-0244,1790690260384,1790697666099,1790697672005,1790697727165,1
bench_attempt,main,5,1,pressure,main-0244,1790690260449,1790697732818,1790697738698,1790697795846,1
bench_attempt,main,5,1,cheater,main-0244,1790690260513,1790697801647,1790697807761,1790697989789,1
bench_verify,main,5,1,line-0,main-0200,1790690308007,1790697996555,1790698002351,1790698018447,1
bench_verify,main,5,1,honest,main-0200,1790690405649,1790698025528,1790698029408,1790698044977,1
bench_verify,main,5,1,pressure,main-0200,1790690451278,1790698051054,1790698054567,1790698071026,1
bench_verify,main,5,1,cheater,main-0200,1790690498273,1790698076524,1790698080104,1790698096049,1
bench_verify,main,5,1,line-0,main-0202,1790690519803,1790698102456,1790698106109,1790698122254,1
bench_verify,main,5,1,honest,main-0202,1790690544641,1790698128359,1790698131997,1790698147974,1
bench_verify,main,5,1,pressure,main-0202,1790690576849,1790698154494,1790698158070,1790698174904,1
bench_verify,main,5,1,cheater,main-0202,1790690606111,1790698181167,1790698184711,1790698200796,1
bench_verify,main,5,1,line-0,main-0203,1790690629085,1790698207200,1790698210996,1790698227156,1
bench_verify,main,5,1,honest,main-0203,1790690666580,1790698233375,1790698237019,1790698252970,1
bench_verify,main,5,1,pressure,main-0203,1790690703714,1790698259540,1790698263096,1790698279143,1
bench_verify,main,5,1,cheater,main-0203,1790690732708,1790698285385,1790698289067,1790698305455,1
bench_verify,main,5,1,line-0,main-0204,1790690755465,1790698312059,1790698315585,1790698331728,1
bench_verify,main,5,1,honest,main-0204,1790690780713,1790698338364,1790698341939,1790698358140,1
bench_verify,main,5,1,pressure,main-0204,1790690807641,1790698364590,1790698368312,1790698384579,1
bench_verify,main,5,1,cheater,main-0204,1790690836813,1790698390765,1790698394366,1790698410553,1
bench_verify,main,5,1,line-0,main-0205,1790690859338,1790698417056,1790698420749,1790698436754,1
bench_verify,main,5,1,honest,main-0205,1790690884164,1790698442769,1790698446356,1790698462426,1
bench_verify,main,5,1,pressure,main-0205,1790690909125,1790698467916,1790698471502,1790698488667,1
bench_verify,main,5,1,cheater,main-0205,1790690938869,1790698495045,1790698498666,1790698514725,1
bench_verify,main,5,1,line-0,main-0206,1790690960705,1790698520889,1790698524758,1790698541287,1
bench_verify,main,5,1,honest,main-0206,1790690990515,1790698548298,1790698552093,1790698568287,1
bench_verify,main,5,1,pressure,main-0206,1790691015533,1790698574430,1790698578071,1790698595367,1
bench_verify,main,5,1,cheater,main-0206,1790691045797,1790698601757,1790698605319,1790698621364,1
bench_verify,main,5,1,line-0,main-0207,1790691068026,1790698627494,1790698631014,1790698646844,1
bench_verify,main,5,1,honest,main-0207,1790691091316,1790698652329,1790698656076,1790698671951,1
bench_verify,main,5,1,pressure,main-0207,1790691119345,1790698678421,1790698682035,1790698697986,1
bench_verify,main,5,1,cheater,main-0207,1790691149635,1790698704017,1790698707905,1790698723724,1
bench_verify,main,5,1,line-0,main-0208,1790691171934,1790698729171,1790698732778,1790698748734,1
bench_verify,main,5,1,honest,main-0208,1790691202262,1790698755199,1790698758783,1790698774782,1
bench_verify,main,5,1,pressure,main-0208,1790691231933,1790698780817,1790698784460,1790698800106,1
bench_verify,main,5,1,cheater,main-0208,1790691262857,1790698805532,1790698809111,1790698826129,1
bench_verify,main,5,1,line-0,main-0209,1790691285368,1790698832172,1790698835899,1790698851364,1
bench_verify,main,5,1,honest,main-0209,1790691321251,1790698857535,1790698861104,1790698877954,1
bench_verify,main,5,1,pressure,main-0209,1790691350613,1790698884429,1790698888088,1790698904010,1
bench_verify,main,5,1,cheater,main-0209,1790691381553,1790698910197,1790698913790,1790698929745,1
bench_verify,main,5,1,line-0,main-0210,1790691404387,1790698935139,1790698938794,1790698954691,1
bench_verify,main,5,1,honest,main-0210,1790691430846,1790698961149,1790698964753,1790698981698,1
bench_verify,main,5,1,pressure,main-0210,1790691464139,1790698987788,1790698991411,1790699007326,1
bench_verify,main,5,1,cheater,main-0210,1790691494836,1790699013899,1790699017691,1790699033525,1
bench_verify,main,5,1,line-0,main-0211,1790691518062,1790699039776,1790699043466,1790699059457,1
bench_verify,main,5,1,honest,main-0211,1790691542740,1790699064899,1790699068435,1790699084321,1
bench_verify,main,5,1,pressure,main-0211,1790691567011,1790699090683,1790699094321,1790699109935,1
bench_verify,main,5,1,cheater,main-0211,1790691596019,1790699116146,1790699119941,1790699135982,1
bench_verify,main,5,1,line-0,main-0212,1790691618971,1790699142466,1790699146046,1790699162913,1
bench_verify,main,5,1,honest,main-0212,1790691642603,1790699169175,1790699172850,1790699188805,1
bench_verify,main,5,1,pressure,main-0212,1790691669244,1790699195281,1790699198877,1790699214770,1
bench_verify,main,5,1,cheater,main-0212,1790691701054,1790699221028,1790699224856,1790699240945,1
bench_verify,main,5,1,line-0,main-0213,1790691723937,1790699247451,1790699251008,1790699266884,1
bench_verify,main,5,1,honest,main-0213,1790691762471,1790699273009,1790699276655,1790699292214,1
bench_verify,main,5,1,pressure,main-0213,1790691803832,1790699297613,1790699301271,1790699317351,1
bench_verify,main,5,1,cheater,main-0213,1790691851517,1790699323757,1790699327401,1790699343721,1
bench_verify,main,5,1,line-0,main-0214,1790691874747,1790699349796,1790699353442,1790699369295,1
bench_verify,main,5,1,honest,main-0214,1790691917867,1790699374778,1790699378420,1790699395300,1
bench_verify,main,5,1,pressure,main-0214,1790691960752,1790699401881,1790699405756,1790699421663,1
bench_verify,main,5,1,cheater,main-0214,1790692003041,1790699427865,1790699431506,1790699447000,1
bench_verify,main,5,1,line-0,main-0216,1790692026571,1790699452403,1790699456054,1790699472303,1
bench_verify,main,5,1,honest,main-0216,1790692052887,1790699478658,1790699482332,1790699498390,1
bench_verify,main,5,1,pressure,main-0216,1790692085057,1790699504515,1790699508156,1790699524017,1
bench_verify,main,5,1,cheater,main-0216,1790692117087,1790699529580,1790699533284,1790699550953,1
bench_verify,main,5,1,line-0,main-0217,1790692141489,1790699556397,1790699559984,1790699575822,1
bench_verify,main,5,1,honest,main-0217,1790692168727,1790699581270,1790699584795,1790699601679,1
bench_verify,main,5,1,pressure,main-0217,1790692197853,1790699608053,1790699611813,1790699627815,1
bench_verify,main,5,1,cheater,main-0217,1790692228464,1790699633963,1790699637480,1790699653680,1
bench_verify,main,5,1,line-0,main-0218,1790692251306,1790699659040,1790699662753,1790699678637,1
bench_verify,main,5,1,honest,main-0218,1790692277986,1790699685034,1790699688635,1790699704935,1
bench_verify,main,5,1,pressure,main-0218,1790692304236,1790699711343,1790699715062,1790699731106,1
bench_verify,main,5,1,cheater,main-0218,1790692335030,1790699737583,1790699741181,1790699758143,1
bench_verify,main,5,1,line-0,main-0219,1790692364070,1790699764195,1790699767902,1790699783518,1
bench_verify,main,5,1,honest,main-0219,1790692437546,1790699788906,1790699792374,1790699808321,1
bench_verify,main,5,1,pressure,main-0219,1790692503812,1790699814826,1790699818518,1790699834552,1
bench_verify,main,5,1,cheater,main-0219,1790692609831,1790699840710,1790699844283,1790699860139,1
bench_verify,main,5,1,line-0,main-0221,1790692636240,1790699865641,1790699869219,1790699885499,1
bench_verify,main,5,1,honest,main-0221,1790692665888,1790699892050,1790699895930,1790699911906,1
bench_verify,main,5,1,pressure,main-0221,1790692697720,1790699918089,1790699921927,1790699938431,1
bench_verify,main,5,1,cheater,main-0221,1790692732260,1790699944936,1790699948476,1790699964093,1
bench_verify,main,5,1,line-0,main-0222,1790692755065,1790699970173,1790699973850,1790699990806,1
bench_verify,main,5,1,honest,main-0222,1790692784824,1790699997092,1790700000859,1790700016421,1
bench_verify,main,5,1,pressure,main-0222,1790692809317,1790700022683,1790700026270,1790700042349,1
bench_verify,main,5,1,cheater,main-0222,1790692838966,1790700049219,1790700052748,1790700068230,1
bench_verify,main,5,1,line-0,main-0223,1790692867243,1790700073634,1790700077296,1790700093379,1
bench_verify,main,5,1,honest,main-0223,1790692904900,1790700100545,1790700104182,1790700120124,1
bench_verify,main,5,1,pressure,main-0223,1790692944436,1790700126290,1790700129933,1790700145795,1
bench_verify,main,5,1,cheater,main-0223,1790692987176,1790700151231,1790700154798,1790700171655,1
bench_verify,main,5,1,line-0,main-0224,1790693011179,1790700177998,1790700181754,1790700197459,1
bench_verify,main,5,1,honest,main-0224,1790693035918,1790700203485,1790700207685,1790700223912,1
bench_verify,main,5,1,pressure,main-0224,1790693062637,1790700229328,1790700233012,1790700248837,1
bench_verify,main,5,1,cheater,main-0224,1790693093891,1790700255288,1790700258902,1790700274937,1
bench_verify,main,5,1,line-0,main-0225,1790693118053,1790700281178,1790700284841,1790700300685,1
bench_verify,main,5,1,honest,main-0225,1790693162688,1790700307254,1790700311004,1790700326624,1
bench_verify,main,5,1,pressure,main-0225,1790693192267,1790700332843,1790700336700,1790700352636,1
bench_verify,main,5,1,cheater,main-0225,1790693226089,1790700359630,1790700363361,1790700379360,1
bench_verify,main,5,1,line-0,main-0226,1790693248934,1790700385437,1790700389335,1790700405428,1
bench_verify,main,5,1,honest,main-0226,1790693291091,1790700411322,1790700415184,1790700431112,1
bench_verify,main,5,1,pressure,main-0226,1790693330399,1790700437547,1790700441227,1790700457102,1
bench_verify,main,5,1,cheater,main-0226,1790693369348,1790700463305,1790700466903,1790700483268,1
bench_verify,main,5,1,line-0,main-0227,1790693391739,1790700489837,1790700493551,1790700509298,1
bench_verify,main,5,1,honest,main-0227,1790693421852,1790700515450,1790700518906,1790700536849,1
bench_verify,main,5,1,pressure,main-0227,1790693447052,1790700542928,1790700546855,1790700562717,1
bench_verify,main,5,1,cheater,main-0227,1790693480520,1790700568968,1790700572669,1790700588909,1
bench_verify,main,5,1,line-0,main-0228,1790693503440,1790700594387,1790700598338,1790700614162,1
bench_verify,main,5,1,honest,main-0228,1790693534626,1790700621575,1790700625288,1790700641215,1
bench_verify,main,5,1,pressure,main-0228,1790693564595,1790700647382,1790700650975,1790700667280,1
bench_verify,main,5,1,cheater,main-0228,1790693594497,1790700673851,1790700677667,1790700693633,1
bench_verify,main,5,1,line-0,main-0229,1790693620345,1790700699791,1790700703366,1790700719639,1
bench_verify,main,5,1,honest,main-0229,1790693678580,1790700727170,1790700730807,1790700746796,1
bench_verify,main,5,1,pressure,main-0229,1790693722148,1790700752908,1790700756547,1790700772864,1
bench_verify,main,5,1,cheater,main-0229,1790693758833,1790700779399,1790700782978,1790700798870,1
bench_verify,main,5,1,line-0,main-0230,1790693785022,1790700805123,1790700808708,1790700825192,1
bench_verify,main,5,1,honest,main-0230,1790693845685,1790700831588,1790700835276,1790700851225,1
bench_verify,main,5,1,pressure,main-0230,1790693892623,1790700857506,1790700861074,1790700876829,1
bench_verify,main,5,1,cheater,main-0230,1790693939000,1790700882292,1790700885974,1790700902488,1
bench_verify,main,5,1,line-0,main-0231,1790693964410,1790700909252,1790700912921,1790700929316,1
bench_verify,main,5,1,honest,main-0231,1790693989923,1790700935363,1790700939071,1790700955054,1
bench_verify,main,5,1,pressure,main-0231,1790694014635,1790700962462,1790700966019,1790700982067,1
bench_verify,main,5,1,cheater,main-0231,1790694044544,1790700988053,1790700991680,1790701007636,1
bench_verify,main,5,1,line-0,main-0232,1790694067656,1790701015083,1790701018654,1790701034787,1
bench_verify,main,5,1,honest,main-0232,1790694126470,1790701041052,1790701044596,1790701060531,1
bench_verify,main,5,1,pressure,main-0232,1790694178973,1790701067925,1790701071507,1790701087566,1
bench_verify,main,5,1,cheater,main-0232,1790694218966,1790701093736,1790701097273,1790701113363,1
bench_verify,main,5,1,line-0,main-0233,1790694241088,1790701119848,1790701123400,1790701139778,1
bench_verify,main,5,1,honest,main-0233,1790694278699,1790701146061,1790701149861,1790701165719,1
bench_verify,main,5,1,pressure,main-0233,1790694305191,1790701172322,1790701176235,1790701193089,1
bench_verify,main,5,1,cheater,main-0233,1790694336110,1790701199450,1790701203137,1790701219211,1
bench_verify,main,5,1,line-0,main-0234,1790694359539,1790701225675,1790701229327,1790701245699,1
bench_verify,main,5,1,honest,main-0234,1790694416589,1790701251915,1790701255422,1790701271749,1
bench_verify,main,5,1,pressure,main-0234,1790694499971,1790701278209,1790701281844,1790701297530,1
bench_verify,main,5,1,cheater,main-0234,1790694581082,1790701303759,1790701307581,1790701323892,1
bench_verify,main,5,1,line-0,main-0235,1790694608029,1790701329486,1790701333432,1790701349316,1
bench_verify,main,5,1,honest,main-0235,1790694647186,1790701355484,1790701359059,1790701375113,1
bench_verify,main,5,1,pressure,main-0235,1790694680956,1790701381257,1790701384772,1790701400823,1
bench_verify,main,5,1,cheater,main-0235,1790694712148,1790701406249,1790701409917,1790701425868,1
bench_verify,main,5,1,line-0,main-0236,1790694736760,1790701433251,1790701436783,1790701452826,1
bench_verify,main,5,1,honest,main-0236,1790694764856,1790701459153,1790701462908,1790701479210,1
bench_verify,main,5,1,pressure,main-0236,1790694798764,1790701485636,1790701489241,1790701505378,1
bench_verify,main,5,1,cheater,main-0236,1790694833477,1790701511416,1790701515053,1790701532048,1
bench_verify,main,5,1,line-0,main-0237,1790694858448,1790701539368,1790701542807,1790701558884,1
bench_verify,main,5,1,honest,main-0237,1790695101039,1790701565079,1790701568575,1790701585172,1
bench_verify,main,5,1,pressure,main-0237,1790695153462,1790701591709,1790701595387,1790701611380,1
bench_verify,main,5,1,cheater,main-0237,1790695203007,1790701617563,1790701621280,1790701637498,1
bench_verify,main,5,1,line-0,main-0239,1790695228653,1790701643082,1790701646941,1790701662554,1
bench_verify,main,5,1,honest,main-0239,1790695254951,1790701669076,1790701672657,1790701688653,1
bench_verify,main,5,1,pressure,main-0239,1790695281711,1790701694923,1790701698730,1790701715094,1
bench_verify,main,5,1,cheater,main-0239,1790695311395,1790701721537,1790701725096,1790701742044,1
bench_verify,main,5,1,line-0,main-0240,1790695336028,1790701748210,1790701751826,1790701768028,1
bench_verify,main,5,1,honest,main-0240,1790695386897,1790701774567,1790701778249,1790701794134,1
bench_verify,main,5,1,pressure,main-0240,1790695431364,1790701800413,1790701804100,1790701820365,1
bench_verify,main,5,1,cheater,main-0240,1790695482674,1790701826841,1790701830428,1790701846803,1
bench_verify,main,5,1,line-0,main-0241,1790695507854,1790701852977,1790701856516,1790701873135,1
bench_verify,main,5,1,honest,main-0241,1790695539225,1790701880602,1790701884192,1790701900337,1
bench_verify,main,5,1,pressure,main-0241,1790695564850,1790701906502,1790701910160,1790701928326,1
bench_verify,main,5,1,cheater,main-0241,1790695595278,1790701935412,1790701939086,1790701956067,1
bench_verify,main,5,1,line-0,main-0242,1790695620722,1790701962323,1790701965922,1790701985035,1
bench_verify,main,5,1,honest,main-0242,1790695720237,1790701990987,1790701994573,1790702012261,1
bench_verify,main,5,1,pressure,main-0242,1790695766670,1790702018538,1790702022238,1790702039630,1
bench_verify,main,5,1,cheater,main-0242,1790695811106,1790702046264,1790702049904,1790702067530,1
bench_verify,main,5,1,line-0,main-0243,1790695835921,1790702072931,1790702076781,1790702093346,1
bench_verify,main,5,1,honest,main-0243,1790695890040,1790702099920,1790702103860,1790702120332,1
bench_verify,main,5,1,pressure,main-0243,1790695941292,1790702126707,1790702130291,1790702147110,1
bench_verify,main,5,1,cheater,main-0243,1790695986524,1790702153757,1790702157428,1790702174285,1
bench_verify,main,5,1,line-0,main-0245,1790696010616,1790702181067,1790702184999,1790702201432,1
bench_verify,main,5,1,honest,main-0245,1790696056371,1790702206955,1790702210614,1790702227174,1
bench_verify,main,5,1,pressure,main-0245,1790696085673,1790702233326,1790702237019,1790702253418,1
bench_verify,main,5,1,cheater,main-0245,1790696127351,1790702259908,1790702263604,1790702280566,1
bench_verify,main,5,1,line-0,main-0246,1790696151871,1790702286789,1790702290483,1790702307418,1
bench_verify,main,5,1,honest,main-0246,1790696186161,1790702314147,1790702317786,1790702334020,1
bench_verify,main,5,1,pressure,main-0246,1790696216276,1790702340541,1790702344392,1790702361838,1
bench_verify,main,5,1,cheater,main-0246,1790696258653,1790702368572,1790702372551,1790702389386,1
bench_verify,main,5,1,line-0,main-0247,1790696281450,1790702396122,1790702399861,1790702416683,1
bench_verify,main,5,1,honest,main-0247,1790696307142,1790702422354,1790702426290,1790702442849,1
bench_verify,main,5,1,pressure,main-0247,1790696333381,1790702448405,1790702452287,1790702469534,1
bench_verify,main,5,1,cheater,main-0247,1790696363136,1790702475093,1790702478801,1790702496505,1
bench_verify,main,5,1,line-0,main-0248,1790696386541,1790702502042,1790702505845,1790702522651,1
bench_verify,main,5,1,honest,main-0248,1790696423138,1790702529454,1790702533160,1790702549764,1
bench_verify,main,5,1,pressure,main-0248,1790696460292,1790702556179,1790702559733,1790702576420,1
bench_verify,main,5,1,cheater,main-0248,1790696496849,1790702583149,1790702587197,1790702604203,1
bench_verify,main,5,1,line-0,main-0249,1790696519103,1790702611048,1790702614835,1790702631344,1
bench_verify,main,5,1,honest,main-0249,1790696550543,1790702638961,1790702642805,1790702659498,1
bench_verify,main,5,1,pressure,main-0249,1790696580621,1790702666795,1790702670388,1790702687234,1
bench_verify,main,5,1,cheater,main-0249,1790696613023,1790702693931,1790702697482,1790702713728,1
bench_verify,main,5,1,line-0,main-0201,1790696636531,1790702720315,1790702724112,1790702741817,1
bench_verify,main,5,1,honest,main-0201,1790696685288,1790702748052,1790702751626,1790702768316,1
bench_verify,main,5,1,pressure,main-0201,1790696741156,1790702773993,1790702777811,1790702794220,1
bench_verify,main,5,1,cheater,main-0201,1790696800011,1790702800937,1790702804900,1790702821721,1
bench_verify,main,5,1,line-0,main-0215,1790696824292,1790702827958,1790702831698,1790702848516,1
bench_verify,main,5,1,honest,main-0215,1790696869310,1790702856447,1790702860025,1790702876669,1
bench_verify,main,5,1,pressure,main-0215,1790696924690,1790702883452,1790702887360,1790702904342,1
bench_verify,main,5,1,cheater,main-0215,1790696982860,1790702909907,1790702913580,1790702930630,1
bench_verify,main,5,1,line-0,main-0220,1790697006702,1790702936937,1790702940821,1790702957286,1
bench_verify,main,5,1,honest,main-0220,1790697070912,1790702962813,1790702966368,1790702983270,1
bench_verify,main,5,1,pressure,main-0220,1790697164024,1790702990625,1790702994375,1790703010746,1
bench_verify,main,5,1,cheater,main-0220,1790697507296,1790703017469,1790703021198,1790703038141,1
bench_verify,main,5,1,line-0,main-0238,1790697532528,1790703044374,1790703048004,1790703064430,1
bench_verify,main,5,1,honest,main-0238,1790697562375,1790703071090,1790703074750,1790703091450,1
bench_verify,main,5,1,pressure,main-0238,1790697597574,1790703098259,1790703101949,1790703118827,1
bench_verify,main,5,1,cheater,main-0238,1790697643908,1790703125580,1790703129185,1790703146979,1
bench_verify,main,5,1,line-0,main-0244,1790697668339,1790703153206,1790703157167,1790703174068,1
bench_verify,main,5,1,honest,main-0244,1790697734953,1790703179612,1790703183572,1790703200355,1
bench_verify,main,5,1,pressure,main-0244,1790697803864,1790703205857,1790703209728,1790703227585,1
bench_verify,main,5,1,cheater,main-0244,1790697998778,1790703234324,1790703238273,1790703255517,1
bench_attempt,main,6,1,line-0,main-0250,1790703302310,1790703319538,1790703328731,1790703340036,1
bench_attempt,main,6,1,honest,main-0250,1790703302386,1790703346254,1790703352157,1790703447481,1
bench_attempt,main,6,1,pressure,main-0250,1790703302461,1790703453789,1790703460216,1790703489916,1
bench_attempt,main,6,1,cheater,main-0250,1790703302534,1790703497110,1790703502963,1790703535315,1
bench_attempt,main,6,1,line-0,main-0251,1790703302607,1790703541230,1790703547438,1790703559652,1
bench_attempt,main,6,1,honest,main-0251,1790703302681,1790703566945,1790703572841,1790703598545,1
bench_attempt,main,6,1,pressure,main-0251,1790703302754,1790703605181,1790703611141,1790703640328,1
bench_attempt,main,6,1,cheater,main-0251,1790703302828,1790703646200,1790703652403,1790703671257,1
bench_attempt,main,6,1,line-0,main-0252,1790703302901,1790703677256,1790703683265,1790703695264,1
bench_attempt,main,6,1,honest,main-0252,1790703302975,1790703701713,1790703707880,1790703725147,1
bench_attempt,main,6,1,pressure,main-0252,1790703303050,1790703731064,1790703736824,1790703751701,1
bench_attempt,main,6,1,cheater,main-0252,1790703303123,1790703757559,1790703763783,1790703782124,1
bench_attempt,main,6,1,line-0,main-0253,1790703303196,1790703788016,1790703793815,1790703806038,1
bench_attempt,main,6,1,honest,main-0253,1790703303268,1790703812193,1790703818373,1790703844521,1
bench_attempt,main,6,1,pressure,main-0253,1790703303341,1790703850408,1790703856242,1790703892812,1
bench_attempt,main,6,1,cheater,main-0253,1790703303415,1790703898767,1790703904476,1790703932154,1
bench_attempt,main,6,1,line-0,main-0255,1790703303487,1790703937907,1790703944168,1790703956036,1
bench_attempt,main,6,1,honest,main-0255,1790703303560,1790703962232,1790703968359,1790703983628,1
bench_attempt,main,6,1,pressure,main-0255,1790703303634,1790703989418,1790703995281,1790704010194,1
bench_attempt,main,6,1,cheater,main-0255,1790703303710,1790704015946,1790704021911,1790704040242,1
bench_attempt,main,6,1,line-0,main-0256,1790703303789,1790704047527,1790704053183,1790704065969,1
bench_attempt,main,6,1,honest,main-0256,1790703303866,1790704073179,1790704079289,1790704097767,1
bench_attempt,main,6,1,pressure,main-0256,1790703303942,1790704103619,1790704109571,1790704133125,1
bench_attempt,main,6,1,cheater,main-0256,1790703304015,1790704138676,1790704144542,1790704163485,1
bench_attempt,main,6,1,line-0,main-0257,1790703304089,1790704170349,1790704176163,1790704190222,1
bench_attempt,main,6,1,honest,main-0257,1790703304161,1790704197338,1790704203582,1790704217760,1
bench_attempt,main,6,1,pressure,main-0257,1790703304236,1790704224700,1790704230499,1790704244896,1
bench_attempt,main,6,1,cheater,main-0257,1790703304308,1790704250714,1790704256566,1790704273845,1
bench_attempt,main,6,1,line-0,main-0258,1790703304381,1790704281106,1790704287227,1790704301310,1
bench_attempt,main,6,1,honest,main-0258,1790703304454,1790704308500,1790704314595,1790704331988,1
bench_attempt,main,6,1,pressure,main-0258,1790703304527,1790704338564,1790704344601,1790704364034,1
bench_attempt,main,6,1,cheater,main-0258,1790703304599,1790704370587,1790704376309,1790704394993,1
bench_attempt,main,6,1,line-0,main-0260,1790703304672,1790704401986,1790704407688,1790704420653,1
bench_attempt,main,6,1,honest,main-0260,1790703304744,1790704426790,1790704432646,1790704447220,1
bench_attempt,main,6,1,pressure,main-0260,1790703304817,1790704453403,1790704459662,1790704474099,1
bench_attempt,main,6,1,cheater,main-0260,1790703304889,1790704481242,1790704487277,1790704513164,1
bench_attempt,main,6,1,line-0,main-0261,1790703304962,1790704519219,1790704525179,1790704538777,1
bench_attempt,main,6,1,honest,main-0261,1790703305035,1790704546321,1790704552474,1790704577415,1
bench_attempt,main,6,1,pressure,main-0261,1790703305107,1790704583315,1790704589714,1790704618216,1
bench_attempt,main,6,1,cheater,main-0261,1790703305180,1790704625473,1790704631690,1790704652996,1
bench_attempt,main,6,1,line-0,main-0262,1790703305253,1790704659999,1790704665823,1790704680069,1
bench_attempt,main,6,1,honest,main-0262,1790703305325,1790704688521,1790704694685,1790704708841,1
bench_attempt,main,6,1,pressure,main-0262,1790703305399,1790704716577,1790704722561,1790704736537,1
bench_attempt,main,6,1,cheater,main-0262,1790703305471,1790704742407,1790704748170,1790704767499,1
bench_attempt,main,6,1,line-0,main-0263,1790703305544,1790704774091,1790704779868,1790704793019,1
bench_attempt,main,6,1,honest,main-0263,1790703305616,1790704800303,1790704806402,1790704828577,1
bench_attempt,main,6,1,pressure,main-0263,1790703305689,1790704835594,1790704841784,1790704863710,1
bench_attempt,main,6,1,cheater,main-0263,1790703305761,1790704869703,1790704876030,1790704900139,1
bench_attempt,main,6,1,line-0,main-0264,1790703305834,1790704906105,1790704912629,1790704923320,1
bench_attempt,main,6,1,honest,main-0264,1790703305914,1790704929665,1790704935759,1790704975437,1
bench_attempt,main,6,1,pressure,main-0264,1790703305988,1790704981386,1790704987554,1790705024298,1
bench_attempt,main,6,1,cheater,main-0264,1790703306062,1790705030323,1790705036326,1790705062684,1
bench_attempt,main,6,1,line-0,main-0265,1790703306134,1790705068653,1790705074832,1790705086838,1
bench_attempt,main,6,1,honest,main-0265,1790703306218,1790705094348,1790705100083,1790705118521,1
bench_attempt,main,6,1,pressure,main-0265,1790703306296,1790705124688,1790705130927,1790705149946,1
bench_attempt,main,6,1,cheater,main-0265,1790703306369,1790705155860,1790705161612,1790705184902,1
bench_attempt,main,6,1,line-0,main-0266,1790703306442,1790705190735,1790705196562,1790705208799,1
bench_attempt,main,6,1,honest,main-0266,1790703306515,1790705216187,1790705222272,1790705236895,1
bench_attempt,main,6,1,pressure,main-0266,1790703306590,1790705242989,1790705248906,1790705264969,1
bench_attempt,main,6,1,cheater,main-0266,1790703306665,1790705270956,1790705277332,1790705295499,1
bench_attempt,main,6,1,line-0,main-0267,1790703306738,1790705301397,1790705307133,1790705319726,1
bench_attempt,main,6,1,honest,main-0267,1790703306812,1790705326114,1790705332526,1790705345470,1
bench_attempt,main,6,1,pressure,main-0267,1790703306885,1790705352443,1790705358615,1790705374053,1
bench_attempt,main,6,1,cheater,main-0267,1790703306958,1790705380134,1790705386181,1790705404552,1
bench_attempt,main,6,1,line-0,main-0268,1790703307031,1790705410712,1790705416617,1790705430160,1
bench_attempt,main,6,1,honest,main-0268,1790703307104,1790705438716,1790705445070,1790705470135,1
bench_attempt,main,6,1,pressure,main-0268,1790703307177,1790705477039,1790705483029,1790705514488,1
bench_attempt,main,6,1,cheater,main-0268,1790703307249,1790705521551,1790705527518,1790705553443,1
bench_attempt,main,6,1,line-0,main-0269,1790703307322,1790705559524,1790705565496,1790705578893,1
bench_attempt,main,6,1,honest,main-0269,1790703307394,1790705586427,1790705592493,1790705606546,1
bench_attempt,main,6,1,pressure,main-0269,1790703307468,1790705613807,1790705619642,1790705633480,1
bench_attempt,main,6,1,cheater,main-0269,1790703307541,1790705640481,1790705646731,1790705665203,1
bench_attempt,main,6,1,line-0,main-0270,1790703307614,1790705673031,1790705679109,1790705691557,1
bench_attempt,main,6,1,honest,main-0270,1790703307687,1790705698013,1790705704218,1790705718310,1
bench_attempt,main,6,1,pressure,main-0270,1790703307759,1790705725719,1790705732656,1790705748077,1
bench_attempt,main,6,1,cheater,main-0270,1790703307832,1790705754436,1790705760690,1790705779392,1
bench_attempt,main,6,1,line-0,main-0271,1790703307905,1790705785372,1790705791455,1790705805287,1
bench_attempt,main,6,1,honest,main-0271,1790703307977,1790705812991,1790705819300,1790705845606,1
bench_attempt,main,6,1,pressure,main-0271,1790703308055,1790705851619,1790705858116,1790705882173,1
bench_attempt,main,6,1,cheater,main-0271,1790703308131,1790705889268,1790705895840,1790705920680,1
bench_attempt,main,6,1,line-0,main-0272,1790703308203,1790705926784,1790705933083,1790705944842,1
bench_attempt,main,6,1,honest,main-0272,1790703308276,1790705953477,1790705959358,1790705972970,1
bench_attempt,main,6,1,pressure,main-0272,1790703308348,1790705979820,1790705985685,1790706000056,1
bench_attempt,main,6,1,cheater,main-0272,1790703308421,1790706006095,1790706012365,1790706030858,1
bench_attempt,main,6,1,line-0,main-0273,1790703308495,1790706036809,1790706042878,1790706055302,1
bench_attempt,main,6,1,honest,main-0273,1790703308567,1790706062738,1790706069302,1790706088300,1
bench_attempt,main,6,1,pressure,main-0273,1790703308641,1790706094596,1790706100619,1790706115486,1
bench_attempt,main,6,1,cheater,main-0273,1790703308714,1790706121610,1790706128110,1790706147522,1
bench_attempt,main,6,1,line-0,main-0274,1790703308786,1790706153728,1790706159649,1790706172199,1
bench_attempt,main,6,1,honest,main-0274,1790703308859,1790706180853,1790706187137,1790706208213,1
bench_attempt,main,6,1,pressure,main-0274,1790703308932,1790706215384,1790706221517,1790706244698,1
bench_attempt,main,6,1,cheater,main-0274,1790703309004,1790706250990,1790706256895,1790706280800,1
bench_attempt,main,6,1,line-0,main-0275,1790703309078,1790706286980,1790706293120,1790706305638,1
bench_attempt,main,6,1,honest,main-0275,1790703309150,1790706312098,1790706318450,1790706332975,1
bench_attempt,main,6,1,pressure,main-0275,1790703309223,1790706340163,1790706346155,1790706364111,1
bench_attempt,main,6,1,cheater,main-0275,1790703309295,1790706370642,1790706377239,1790706394295,1
bench_attempt,main,6,1,line-0,main-0276,1790703309369,1790706400635,1790706406513,1790706419285,1
bench_attempt,main,6,1,honest,main-0276,1790703309441,1790706425717,1790706432207,1790706451989,1
bench_attempt,main,6,1,pressure,main-0276,1790703309514,1790706458181,1790706464301,1790706482292,1
bench_attempt,main,6,1,cheater,main-0276,1790703309588,1790706490257,1790706496385,1790706514729,1
bench_attempt,main,6,1,line-0,main-0278,1790703309660,1790706522156,1790706528630,1790706541268,1
bench_attempt,main,6,1,honest,main-0278,1790703309733,1790706547740,1790706554118,1790706568677,1
bench_attempt,main,6,1,pressure,main-0278,1790703309806,1790706574667,1790706580813,1790706602722,1
bench_attempt,main,6,1,cheater,main-0278,1790703309879,1790706609752,1790706616248,1790706641233,1
bench_attempt,main,6,1,line-0,main-0279,1790703309952,1790706647148,1790706653710,1790706665557,1
bench_attempt,main,6,1,honest,main-0279,1790703310025,1790706672925,1790706679077,1790706697847,1
bench_attempt,main,6,1,pressure,main-0279,1790703310099,1790706703548,1790706709637,1790706728190,1
bench_attempt,main,6,1,cheater,main-0279,1790703310174,1790706734236,1790706740419,1790706758485,1
bench_attempt,main,6,1,line-0,main-0282,1790703310246,1790706765558,1790706771669,1790706784977,1
bench_attempt,main,6,1,honest,main-0282,1790703310319,1790706791351,1790706797743,1790706829260,1
bench_attempt,main,6,1,pressure,main-0282,1790703310392,1790706836068,1790706842231,1790706874586,1
bench_attempt,main,6,1,cheater,main-0282,1790703310465,1790706882066,1790706888168,1790706922392,1
bench_attempt,main,6,1,line-0,main-0283,1790703310538,1790706928386,1790706934593,1790706945808,1
bench_attempt,main,6,1,honest,main-0283,1790703310611,1790706952338,1790706958706,1790706973156,1
bench_attempt,main,6,1,pressure,main-0283,1790703310684,1790706980233,1790706986476,1790707004881,1
bench_attempt,main,6,1,cheater,main-0283,1790703310756,1790707012752,1790707018788,1790707036957,1
bench_attempt,main,6,1,line-0,main-0284,1790703310828,1790707043615,1790707049745,1790707061374,1
bench_attempt,main,6,1,honest,main-0284,1790703310902,1790707069900,1790707075997,1790707090090,1
bench_attempt,main,6,1,pressure,main-0284,1790703310974,1790707096043,1790707102232,1790707116131,1
bench_attempt,main,6,1,cheater,main-0284,1790703311047,1790707122130,1790707128289,1790707146371,1
bench_attempt,main,6,1,line-0,main-0285,1790703311119,1790707152372,1790707158612,1790707170225,1
bench_attempt,main,6,1,honest,main-0285,1790703311192,1790707178589,1790707184628,1790707202238,1
bench_attempt,main,6,1,pressure,main-0285,1790703311264,1790707208370,1790707214746,1790707238180,1
bench_attempt,main,6,1,cheater,main-0285,1790703311342,1790707244267,1790707250737,1790707274878,1
bench_attempt,main,6,1,line-0,main-0286,1790703311414,1790707280943,1790707287544,1790707298714,1
bench_attempt,main,6,1,honest,main-0286,1790703311487,1790707305103,1790707311577,1790707330798,1
bench_attempt,main,6,1,pressure,main-0286,1790703311560,1790707336957,1790707342937,1790707365740,1
bench_attempt,main,6,1,cheater,main-0286,1790703311634,1790707371863,1790707377916,1790707397175,1
bench_attempt,main,6,1,line-0,main-0287,1790703311706,1790707404297,1790707410191,1790707422511,1
bench_attempt,main,6,1,honest,main-0287,1790703311779,1790707430018,1790707436141,1790707457281,1
bench_attempt,main,6,1,pressure,main-0287,1790703311852,1790707465088,1790707471283,1790707488967,1
bench_attempt,main,6,1,cheater,main-0287,1790703311925,1790707496902,1790707503172,1790707525272,1
bench_attempt,main,6,1,line-0,main-0288,1790703311998,1790707532372,1790707538548,1790707551797,1
bench_attempt,main,6,1,honest,main-0288,1790703312071,1790707559160,1790707565780,1790707583792,1
bench_attempt,main,6,1,pressure,main-0288,1790703312144,1790707590237,1790707596556,1790707614362,1
bench_attempt,main,6,1,cheater,main-0288,1790703312216,1790707621836,1790707627850,1790707646574,1
bench_attempt,main,6,1,line-0,main-0289,1790703312289,1790707653864,1790707659963,1790707673129,1
bench_attempt,main,6,1,honest,main-0289,1790703312362,1790707679445,1790707685834,1790707710210,1
bench_attempt,main,6,1,pressure,main-0289,1790703312434,1790707716308,1790707722876,1790707745060,1
bench_attempt,main,6,1,cheater,main-0289,1790703312507,1790707751860,1790707758257,1790707782929,1
bench_attempt,main,6,1,line-0,main-0290,1790703312580,1790707789033,1790707795538,1790707806250,1
bench_attempt,main,6,1,honest,main-0290,1790703312652,1790707813603,1790707819995,1790707834063,1
bench_attempt,main,6,1,pressure,main-0290,1790703312725,1790707841236,1790707847312,1790707860409,1
bench_attempt,main,6,1,cheater,main-0290,1790703312797,1790707866673,1790707872578,1790707891612,1
bench_attempt,main,6,1,line-0,main-0291,1790703312871,1790707898964,1790707904804,1790707917453,1
bench_attempt,main,6,1,honest,main-0291,1790703312943,1790707924963,1790707931405,1790707949241,1
bench_attempt,main,6,1,pressure,main-0291,1790703313017,1790707955303,1790707961462,1790707985209,1
bench_attempt,main,6,1,cheater,main-0291,1790703313090,1790707991558,1790707997898,1790708018180,1
bench_attempt,main,6,1,line-0,main-0292,1790703313163,1790708024184,1790708030491,1790708043189,1
bench_attempt,main,6,1,honest,main-0292,1790703313236,1790708049735,1790708056477,1790708090883,1
bench_attempt,main,6,1,pressure,main-0292,1790703313308,1790708097080,1790708103230,1790708162921,1
bench_attempt,main,6,1,cheater,main-0292,1790703313381,1790708169061,1790708175585,1790708214401,1
bench_attempt,main,6,1,line-0,main-0293,1790703313454,1790708221084,1790708227421,1790708239671,1
bench_attempt,main,6,1,honest,main-0293,1790703313527,1790708247171,1790708253300,1790708286849,1
bench_attempt,main,6,1,pressure,main-0293,1790703313600,1790708293674,1790708300192,1790708326268,1
bench_attempt,main,6,1,cheater,main-0293,1790703313672,1790708332578,1790708338859,1790708363033,1
bench_attempt,main,6,1,line-0,main-0294,1790703313745,1790708369124,1790708375376,1790708387752,1
bench_attempt,main,6,1,honest,main-0294,1790703313818,1790708394383,1790708401085,1790708428717,1
bench_attempt,main,6,1,pressure,main-0294,1790703313891,1790708434815,1790708441380,1790708469153,1
bench_attempt,main,6,1,cheater,main-0294,1790703313964,1790708475505,1790708481798,1790708500608,1
bench_attempt,main,6,1,line-0,main-0295,1790703314037,1790708506749,1790708512855,1790708525559,1
bench_attempt,main,6,1,honest,main-0295,1790703314109,1790708532219,1790708538632,1790708564433,1
bench_attempt,main,6,1,pressure,main-0295,1790703314182,1790708570539,1790708577056,1790708605901,1
bench_attempt,main,6,1,cheater,main-0295,1790703314254,1790708613036,1790708619231,1790708646199,1
bench_attempt,main,6,1,line-0,main-0297,1790703314327,1790708653959,1790708660146,1790708672564,1
bench_attempt,main,6,1,honest,main-0297,1790703314404,1790708679172,1790708685499,1790708704397,1
bench_attempt,main,6,1,pressure,main-0297,1790703314481,1790708710843,1790708717219,1790708735819,1
bench_attempt,main,6,1,cheater,main-0297,1790703314554,1790708742679,1790708748970,1790708774221,1
bench_attempt,main,6,1,line-0,main-0298,1790703314628,1790708781469,1790708788101,1790708799108,1
bench_attempt,main,6,1,honest,main-0298,1790703314701,1790708805727,1790708812270,1790708826731,1
bench_attempt,main,6,1,pressure,main-0298,1790703314774,1790708833876,1790708840133,1790708854979,1
bench_attempt,main,6,1,cheater,main-0298,1790703314848,1790708861832,1790708868034,1790708885858,1
bench_attempt,main,6,1,line-0,main-0299,1790703314921,1790708892020,1790708898260,1790708910404,1
bench_attempt,main,6,1,honest,main-0299,1790703314994,1790708917939,1790708924117,1790708938239,1
bench_attempt,main,6,1,pressure,main-0299,1790703315066,1790708944347,1790708950624,1790708963787,1
bench_attempt,main,6,1,cheater,main-0299,1790703315139,1790708970679,1790708976903,1790708994093,1
bench_attempt,main,6,1,line-0,main-0300,1790703315211,1790709000222,1790709006833,1790709018014,1
bench_attempt,main,6,1,honest,main-0300,1790703315284,1790709024750,1790709031160,1790709051241,1
bench_attempt,main,6,1,pressure,main-0300,1790703315358,1790709058304,1790709064809,1790709078173,1
bench_attempt,main,6,1,cheater,main-0300,1790703315431,1790709085400,1790709091526,1790709110213,1
bench_attempt,main,6,1,line-0,main-0254,1790703315504,1790709116689,1790709123185,1790709134548,1
bench_attempt,main,6,1,honest,main-0254,1790703315577,1790709143408,1790709149697,1790709170677,1
bench_attempt,main,6,1,pressure,main-0254,1790703315650,1790709176894,1790709183031,1790709197999,1
bench_attempt,main,6,1,cheater,main-0254,1790703315722,1790709204180,1790709210741,1790709256980,1
bench_attempt,main,6,1,line-0,main-0259,1790703315794,1790709263077,1790709269518,1790709282213,1
bench_attempt,main,6,1,honest,main-0259,1790703315867,1790709288910,1790709294958,1790709316167,1
bench_attempt,main,6,1,pressure,main-0259,1790703315940,1790709322722,1790709328866,1790709349841,1
bench_attempt,main,6,1,cheater,main-0259,1790703316013,1790709357209,1790709363565,1790709392400,1
bench_attempt,main,6,1,line-0,main-0277,1790703316086,1790709398554,1790709405212,1790709416346,1
bench_attempt,main,6,1,honest,main-0277,1790703316159,1790709423051,1790709429449,1790709449385,1
bench_attempt,main,6,1,pressure,main-0277,1790703316232,1790709455559,1790709461705,1790709476451,1
bench_attempt,main,6,1,cheater,main-0277,1790703316304,1790709482708,1790709489325,1790709517215,1
bench_attempt,main,6,1,line-0,main-0280,1790703316381,1790709523361,1790709529668,1790709541813,1
bench_attempt,main,6,1,honest,main-0280,1790703316455,1790709549349,1790709555719,1790709634891,1
bench_attempt,main,6,1,pressure,main-0280,1790703316527,1790709641056,1790709647178,1790709724384,1
bench_attempt,main,6,1,cheater,main-0280,1790703316600,1790709731762,1790709737923,1790709790845,1
bench_attempt,main,6,1,line-0,main-0281,1790703316673,1790709796988,1790709803211,1790709816212,1
bench_attempt,main,6,1,honest,main-0281,1790703316746,1790709822972,1790709829612,1790709851684,1
bench_attempt,main,6,1,pressure,main-0281,1790703316819,1790709857787,1790709864395,1790709896259,1
bench_attempt,main,6,1,cheater,main-0281,1790703316892,1790709902481,1790709908738,1790709940146,1
bench_verify,main,6,1,line-0,main-0250,1790703348623,1790709946334,1790709952953,1790709971273,1
bench_verify,main,6,1,honest,main-0250,1790703455956,1790709978871,1790709982610,1790709999454,1
bench_verify,main,6,1,pressure,main-0250,1790703499273,1790710006324,1790710010471,1790710027741,1
bench_verify,main,6,1,cheater,main-0250,1790703543524,1790710034234,1790710038143,1790710054963,1
bench_verify,main,6,1,line-0,main-0251,1790703569148,1790710061833,1790710065919,1790710083550,1
bench_verify,main,6,1,honest,main-0251,1790703607352,1790710090039,1790710094230,1790710110643,1
bench_verify,main,6,1,pressure,main-0251,1790703648457,1790710116506,1790710120230,1790710137923,1
bench_verify,main,6,1,cheater,main-0251,1790703679433,1790710143793,1790710147626,1790710164918,1
bench_verify,main,6,1,line-0,main-0252,1790703703918,1790710171864,1790710175964,1790710192764,1
bench_verify,main,6,1,honest,main-0252,1790703733313,1790710199233,1790710203131,1790710220831,1
bench_verify,main,6,1,pressure,main-0252,1790703759904,1790710227396,1790710231149,1790710247820,1
bench_verify,main,6,1,cheater,main-0252,1790703790275,1790710253647,1790710257823,1790710274818,1
bench_verify,main,6,1,line-0,main-0253,1790703814386,1790710283039,1790710287000,1790710303650,1
bench_verify,main,6,1,honest,main-0253,1790703852678,1790710310240,1790710315190,1790710332111,1
bench_verify,main,6,1,pressure,main-0253,1790703900991,1790710339953,1790710343860,1790710360211,1
bench_verify,main,6,1,cheater,main-0253,1790703940155,1790710367191,1790710371114,1790710388049,1
bench_verify,main,6,1,line-0,main-0255,1790703964396,1790710395849,1790710399751,1790710416797,1
bench_verify,main,6,1,honest,main-0255,1790703991652,1790710423314,1790710427258,1790710444251,1
bench_verify,main,6,1,pressure,main-0255,1790704018165,1790710451121,1790710455052,1790710471738,1
bench_verify,main,6,1,cheater,main-0255,1790704049688,1790710477861,1790710481869,1790710499681,1
bench_verify,main,6,1,line-0,main-0256,1790704075320,1790710506211,1790710510008,1790710526588,1
bench_verify,main,6,1,honest,main-0256,1790704105889,1790710532671,1790710536957,1790710554450,1
bench_verify,main,6,1,pressure,main-0256,1790704140929,1790710561497,1790710565602,1790710581884,1
bench_verify,main,6,1,cheater,main-0256,1790704172594,1790710588837,1790710592746,1790710610633,1
bench_verify,main,6,1,line-0,main-0257,1790704199576,1790710617743,1790710621793,1790710638799,1
bench_verify,main,6,1,honest,main-0257,1790704226966,1790710645920,1790710650090,1790710667064,1
bench_verify,main,6,1,pressure,main-0257,1790704253010,1790710673184,1790710677097,1790710694385,1
bench_verify,main,6,1,cheater,main-0257,1790704283270,1790710700241,1790710704096,1790710721000,1
bench_verify,main,6,1,line-0,main-0258,1790704310799,1790710727947,1790710731895,1790710749276,1
bench_verify,main,6,1,honest,main-0258,1790704340863,1790710756221,1790710760134,1790710777531,1
bench_verify,main,6,1,pressure,main-0258,1790704372735,1790710784569,1790710788688,1790710805305,1
bench_verify,main,6,1,cheater,main-0258,1790704404151,1790710812196,1790710816045,1790710833956,1
bench_verify,main,6,1,line-0,main-0260,1790704429090,1790710840483,1790710844388,1790710861299,1
bench_verify,main,6,1,honest,main-0260,1790704455732,1790710868189,1790710872065,1790710889926,1
bench_verify,main,6,1,pressure,main-0260,1790704483451,1790710897307,1790710901338,1790710918043,1
bench_verify,main,6,1,cheater,main-0260,1790704521487,1790710925779,1790710929482,1790710947429,1
bench_verify,main,6,1,line-0,main-0261,1790704548581,1790710954458,1790710958616,1790710975998,1
bench_verify,main,6,1,honest,main-0261,1790704585609,1790710981871,1790710985717,1790711002656,1
bench_verify,main,6,1,pressure,main-0261,1790704627910,1790711009763,1790711013806,1790711030526,1
bench_verify,main,6,1,cheater,main-0261,1790704662308,1790711038636,1790711042472,1790711059482,1
bench_verify,main,6,1,line-0,main-0262,1790704690790,1790711066025,1790711070027,1790711087117,1
bench_verify,main,6,1,honest,main-0262,1790704718863,1790711093120,1790711097169,1790711114214,1
bench_verify,main,6,1,pressure,main-0262,1790704744726,1790711121362,1790711125279,1790711142169,1
bench_verify,main,6,1,cheater,main-0262,1790704776399,1790711148814,1790711152659,1790711170186,1
bench_verify,main,6,1,line-0,main-0263,1790704802537,1790711176055,1790711180033,1790711197507,1
bench_verify,main,6,1,honest,main-0263,1790704837835,1790711203573,1790711207475,1790711224586,1
bench_verify,main,6,1,pressure,main-0263,1790704871986,1790711231699,1790711235830,1790711252525,1
bench_verify,main,6,1,cheater,main-0263,1790704908285,1790711259119,1790711263068,1790711280281,1
bench_verify,main,6,1,line-0,main-0264,1790704932038,1790711287330,1790711291140,1790711309102,1
bench_verify,main,6,1,honest,main-0264,1790704983683,1790711315234,1790711319186,1790711336325,1
bench_verify,main,6,1,pressure,main-0264,1790705032638,1790711343412,1790711347353,1790711364319,1
bench_verify,main,6,1,cheater,main-0264,1790705070925,1790711370776,1790711374765,1790711392066,1
bench_verify,main,6,1,line-0,main-0265,1790705096597,1790711398967,1790711402853,1790711419560,1
bench_verify,main,6,1,honest,main-0265,1790705126939,1790711425576,1790711429349,1790711446362,1
bench_verify,main,6,1,pressure,main-0265,1790705158118,1790711453444,1790711457500,1790711474087,1
bench_verify,main,6,1,cheater,main-0265,1790705193015,1790711480551,1790711484460,1790711501470,1
bench_verify,main,6,1,line-0,main-0266,1790705218443,1790711508091,1790711511889,1790711528652,1
bench_verify,main,6,1,honest,main-0266,1790705245199,1790711534816,1790711538755,1790711556577,1
bench_verify,main,6,1,pressure,main-0266,1790705273324,1790711563159,1790711567271,1790711583910,1
bench_verify,main,6,1,cheater,main-0266,1790705303688,1790711589992,1790711593836,1790711611861,1
bench_verify,main,6,1,line-0,main-0267,1790705328424,1790711618401,1790711622336,1790711639294,1
bench_verify,main,6,1,honest,main-0267,1790705354718,1790711646238,1790711650180,1790711667933,1
bench_verify,main,6,1,pressure,main-0267,1790705382451,1790711674430,1790711678448,1790711695453,1
bench_verify,main,6,1,cheater,main-0267,1790705413073,1790711701432,1790711705472,1790711722471,1
bench_verify,main,6,1,line-0,main-0268,1790705440882,1790711729144,1790711733238,1790711749791,1
bench_verify,main,6,1,honest,main-0268,1790705479251,1790711755564,1790711759528,1790711777010,1
bench_verify,main,6,1,pressure,main-0268,1790705523895,1790711784248,1790711788262,1790711805236,1
bench_verify,main,6,1,cheater,main-0268,1790705561728,1790711811810,1790711815761,1790711835350,1
bench_verify,main,6,1,line-0,main-0269,1790705588690,1790711841235,1790711845135,1790711861902,1
bench_verify,main,6,1,honest,main-0269,1790705616120,1790711867902,1790711872057,1790711888994,1
bench_verify,main,6,1,pressure,main-0269,1790705642757,1790711894910,1790711898849,1790711915641,1
bench_verify,main,6,1,cheater,main-0269,1790705675298,1790711921715,1790711925800,1790711943121,1
bench_verify,main,6,1,line-0,main-0270,1790705700269,1790711950396,1790711954319,1790711971156,1
bench_verify,main,6,1,honest,main-0270,1790705728070,1790711977789,1790711981664,1790711999368,1
bench_verify,main,6,1,pressure,main-0270,1790705756840,1790712005336,1790712009420,1790712026440,1
bench_verify,main,6,1,cheater,main-0270,1790705787693,1790712032468,1790712036649,1790712054260,1
bench_verify,main,6,1,line-0,main-0271,1790705815345,1790712061403,1790712065467,1790712083538,1
bench_verify,main,6,1,honest,main-0271,1790705853913,1790712089484,1790712093310,1790712111416,1
bench_verify,main,6,1,pressure,main-0271,1790705891615,1790712118113,1790712121963,1790712139946,1
bench_verify,main,6,1,cheater,main-0271,1790705929195,1790712145982,1790712149711,1790712167036,1
bench_verify,main,6,1,line-0,main-0272,1790705955766,1790712174206,1790712178343,1790712195188,1
bench_verify,main,6,1,honest,main-0272,1790705982178,1790712203359,1790712207231,1790712224295,1
bench_verify,main,6,1,pressure,main-0272,1790706008321,1790712231523,1790712235579,1790712253607,1
bench_verify,main,6,1,cheater,main-0272,1790706039128,1790712259805,1790712263820,1790712280951,1
bench_verify,main,6,1,line-0,main-0273,1790706065127,1790712288098,1790712292238,1790712308884,1
bench_verify,main,6,1,honest,main-0273,1790706096856,1790712315775,1790712319704,1790712336889,1
bench_verify,main,6,1,pressure,main-0273,1790706124091,1790712343466,1790712347440,1790712364236,1
bench_verify,main,6,1,cheater,main-0273,1790706156068,1790712370269,1790712374153,1790712393060,1
bench_verify,main,6,1,line-0,main-0274,1790706183090,1790712398986,1790712403105,1790712422125,1
bench_verify,main,6,1,honest,main-0274,1790706217699,1790712428102,1790712431944,1790712449207,1
bench_verify,main,6,1,pressure,main-0274,1790706253341,1790712456959,1790712460770,1790712477626,1
bench_verify,main,6,1,cheater,main-0274,1790706289375,1790712484413,1790712488545,1790712506186,1
bench_verify,main,6,1,line-0,main-0275,1790706314444,1790712512848,1790712516783,1790712533415,1
bench_verify,main,6,1,honest,main-0275,1790706342624,1790712539444,1790712543492,1790712560647,1
bench_verify,main,6,1,pressure,main-0275,1790706373027,1790712567679,1790712571863,1790712589207,1
bench_verify,main,6,1,cheater,main-0275,1790706402989,1790712595344,1790712599329,1790712616931,1
bench_verify,main,6,1,line-0,main-0276,1790706428097,1790712623523,1790712627438,1790712644059,1
bench_verify,main,6,1,honest,main-0276,1790706460574,1790712649897,1790712653860,1790712671095,1
bench_verify,main,6,1,pressure,main-0276,1790706492462,1790712678220,1790712682397,1790712699037,1
bench_verify,main,6,1,cheater,main-0276,1790706524506,1790712705637,1790712709610,1790712728027,1
bench_verify,main,6,1,line-0,main-0278,1790706550062,1790712734725,1790712738569,1790712755563,1
bench_verify,main,6,1,honest,main-0278,1790706577099,1790712761781,1790712765686,1790712783173,1
bench_verify,main,6,1,pressure,main-0278,1790706612008,1790712790402,1790712794393,1790712811288,1
bench_verify,main,6,1,cheater,main-0278,1790706649579,1790712818014,1790712822205,1790712840514,1
bench_verify,main,6,1,line-0,main-0279,1790706675369,1790712847142,1790712851308,1790712869067,1
bench_verify,main,6,1,honest,main-0279,1790706705841,1790712876259,1790712880299,1790712897246,1
bench_verify,main,6,1,pressure,main-0279,1790706736590,1790712903989,1790712907996,1790712926042,1
bench_verify,main,6,1,cheater,main-0279,1790706767882,1790712932626,1790712936594,1790712953197,1
bench_verify,main,6,1,line-0,main-0282,1790706793770,1790712959420,1790712963447,1790712980522,1
bench_verify,main,6,1,honest,main-0282,1790706838417,1790712987740,1790712991771,1790713010203,1
bench_verify,main,6,1,pressure,main-0282,1790706884349,1790713016951,1790713021100,1790713037872,1
bench_verify,main,6,1,cheater,main-0282,1790706930706,1790713043772,1790713047704,1790713064735,1
bench_verify,main,6,1,line-0,main-0283,1790706954600,1790713070692,1790713074480,1790713091677,1
bench_verify,main,6,1,honest,main-0283,1790706982583,1790713099769,1790713103793,1790713121983,1
bench_verify,main,6,1,pressure,main-0283,1790707015099,1790713128924,1790713132895,1790713149985,1
bench_verify,main,6,1,cheater,main-0283,1790707045989,1790713156540,1790713160497,1790713178429,1
bench_verify,main,6,1,line-0,main-0284,1790707072259,1790713185371,1790713189402,1790713206133,1
bench_verify,main,6,1,honest,main-0284,1790707098388,1790713212279,1790713216404,1790713234163,1
bench_verify,main,6,1,pressure,main-0284,1790707124554,1790713241261,1790713245159,1790713262002,1
bench_verify,main,6,1,cheater,main-0284,1790707154735,1790713269056,1790713273257,1790713290027,1
bench_verify,main,6,1,line-0,main-0285,1790707180906,1790713296122,1790713300159,1790713316885,1
bench_verify,main,6,1,honest,main-0285,1790707210682,1790713322827,1790713326871,1790713344990,1
bench_verify,main,6,1,pressure,main-0285,1790707246601,1790713351549,1790713355592,1790713372495,1
bench_verify,main,6,1,cheater,main-0285,1790707283195,1790713378383,1790713382317,1790713399450,1
bench_verify,main,6,1,line-0,main-0286,1790707307327,1790713406650,1790713410718,1790713428844,1
bench_verify,main,6,1,honest,main-0286,1790707339308,1790713435537,1790713439654,1790713456748,1
bench_verify,main,6,1,pressure,main-0286,1790707374229,1790713463333,1790713467352,1790713485203,1
bench_verify,main,6,1,cheater,main-0286,1790707406696,1790713491267,1790713495356,1790713512662,1
bench_verify,main,6,1,line-0,main-0287,1790707432358,1790713519755,1790713523913,1790713541340,1
bench_verify,main,6,1,honest,main-0287,1790707467414,1790713548388,1790713552260,1790713569468,1
bench_verify,main,6,1,pressure,main-0287,1790707499383,1790713576047,1790713580042,1790713597022,1
bench_verify,main,6,1,cheater,main-0287,1790707534648,1790713603076,1790713607208,1790713624832,1
bench_verify,main,6,1,line-0,main-0288,1790707561508,1790713631762,1790713635698,1790713653408,1
bench_verify,main,6,1,honest,main-0288,1790707592698,1790713659456,1790713663662,1790713681053,1
bench_verify,main,6,1,pressure,main-0288,1790707624103,1790713687208,1790713691252,1790713708914,1
bench_verify,main,6,1,cheater,main-0288,1790707656280,1790713714878,1790713718715,1790713735777,1
bench_verify,main,6,1,line-0,main-0289,1790707681762,1790713742946,1790713746967,1790713764260,1
bench_verify,main,6,1,honest,main-0289,1790707718689,1790713771156,1790713775102,1790713792300,1
bench_verify,main,6,1,pressure,main-0289,1790707754194,1790713799294,1790713803366,1790713821143,1
bench_verify,main,6,1,cheater,main-0289,1790707791372,1790713827255,1790713831367,1790713848821,1
bench_verify,main,6,1,line-0,main-0290,1790707815945,1790713856981,1790713860964,1790713877762,1
bench_verify,main,6,1,honest,main-0290,1790707843595,1790713883811,1790713887922,1790713905023,1
bench_verify,main,6,1,pressure,main-0290,1790707868982,1790713912047,1790713915968,1790713932771,1
bench_verify,main,6,1,cheater,main-0290,1790707901233,1790713939738,1790713943612,1790713961621,1
bench_verify,main,6,1,line-0,main-0291,1790707927300,1790713968817,1790713972944,1790713990235,1
bench_verify,main,6,1,honest,main-0291,1790707957750,1790713996128,1790714000266,1790714017579,1
bench_verify,main,6,1,pressure,main-0291,1790707993982,1790714024694,1790714028674,1790714045528,1
bench_verify,main,6,1,cheater,main-0291,1790708026567,1790714052122,1790714056248,1790714073066,1
bench_verify,main,6,1,line-0,main-0292,1790708052068,1790714080251,1790714084149,1790714101281,1
bench_verify,main,6,1,honest,main-0292,1790708099357,1790714107966,1790714111972,1790714128864,1
bench_verify,main,6,1,pressure,main-0292,1790708171350,1790714136100,1790714140053,1790714157744,1
bench_verify,main,6,1,cheater,main-0292,1790708223381,1790714163940,1790714167773,1790714184730,1
bench_verify,main,6,1,line-0,main-0293,1790708249483,1790714191656,1790714195878,1790714214248,1
bench_verify,main,6,1,honest,main-0293,1790708295973,1790714220766,1790714224919,1790714241439,1
bench_verify,main,6,1,pressure,main-0293,1790708334845,1790714247724,1790714251519,1790714268791,1
bench_verify,main,6,1,cheater,main-0293,1790708371477,1790714274838,1790714278794,1790714296044,1
bench_verify,main,6,1,line-0,main-0294,1790708396772,1790714303224,1790714307170,1790714323797,1
bench_verify,main,6,1,honest,main-0294,1790708437165,1790714330441,1790714334480,1790714351097,1
bench_verify,main,6,1,pressure,main-0294,1790708477828,1790714357159,1790714361170,1790714378044,1
bench_verify,main,6,1,cheater,main-0294,1790708509085,1790714384051,1790714388064,1790714405607,1
bench_verify,main,6,1,line-0,main-0295,1790708534510,1790714412651,1790714416740,1790714433704,1
bench_verify,main,6,1,honest,main-0295,1790708572839,1790714440379,1790714444500,1790714461586,1
bench_verify,main,6,1,pressure,main-0295,1790708615539,1790714467636,1790714471611,1790714488530,1
bench_verify,main,6,1,cheater,main-0295,1790708656253,1790714494470,1790714498586,1790714515466,1
bench_verify,main,6,1,line-0,main-0297,1790708681522,1790714523346,1790714527536,1790714544399,1
bench_verify,main,6,1,honest,main-0297,1790708713252,1790714552090,1790714556254,1790714572785,1
bench_verify,main,6,1,pressure,main-0297,1790708745052,1790714578674,1790714582537,1790714599470,1
bench_verify,main,6,1,cheater,main-0297,1790708783836,1790714605453,1790714609494,1790714626718,1
bench_verify,main,6,1,line-0,main-0298,1790708808099,1790714633783,1790714637850,1790714655690,1
bench_verify,main,6,1,honest,main-0298,1790708836201,1790714663299,1790714667508,1790714684388,1
bench_verify,main,6,1,pressure,main-0298,1790708864125,1790714690353,1790714694499,1790714711791,1
bench_verify,main,6,1,cheater,main-0298,1790708894299,1790714718003,1790714721864,1790714740018,1
bench_verify,main,6,1,line-0,main-0299,1790708920208,1790714746633,1790714750731,1790714767652,1
bench_verify,main,6,1,honest,main-0299,1790708946779,1790714773774,1790714777666,1790714794479,1
bench_verify,main,6,1,pressure,main-0299,1790708972955,1790714802327,1790714806578,1790714823419,1
bench_verify,main,6,1,cheater,main-0299,1790709002632,1790714830038,1790714834216,1790714851437,1
bench_verify,main,6,1,line-0,main-0300,1790709027083,1790714857507,1790714861470,1790714878498,1
bench_verify,main,6,1,honest,main-0300,1790709060684,1790714884713,1790714888625,1790714905920,1
bench_verify,main,6,1,pressure,main-0300,1790709087706,1790714913050,1790714917060,1790714934353,1
bench_verify,main,6,1,cheater,main-0300,1790709119037,1790714942369,1790714946574,1790714963135,1
bench_verify,main,6,1,line-0,main-0254,1790709145720,1790714969089,1790714973162,1790714990974,1
bench_verify,main,6,1,honest,main-0254,1790709179195,1790714997057,1790715001099,1790715018056,1
bench_verify,main,6,1,pressure,main-0254,1790709206497,1790715024037,1790715028092,1790715044705,1
bench_verify,main,6,1,cheater,main-0254,1790709265546,1790715050928,1790715054823,1790715071713,1
bench_verify,main,6,1,line-0,main-0259,1790709291200,1790715079051,1790715082925,1790715099495,1
bench_verify,main,6,1,honest,main-0259,1790709325170,1790715106121,1790715110197,1790715128065,1
bench_verify,main,6,1,pressure,main-0259,1790709359599,1790715134622,1790715138815,1790715155437,1
bench_verify,main,6,1,cheater,main-0259,1790709400958,1790715161651,1790715165539,1790715182781,1
bench_verify,main,6,1,line-0,main-0277,1790709425370,1790715189484,1790715193507,1790715210714,1
bench_verify,main,6,1,honest,main-0277,1790709457952,1790715216765,1790715220774,1790715238006,1
bench_verify,main,6,1,pressure,main-0277,1790709485053,1790715245202,1790715249186,1790715265756,1
bench_verify,main,6,1,cheater,main-0277,1790709525661,1790715272410,1790715276595,1790715293818,1
bench_verify,main,6,1,line-0,main-0280,1790709551730,1790715299784,1790715303862,1790715320805,1
bench_verify,main,6,1,honest,main-0280,1790709643339,1790715326847,1790715331068,1790715348262,1
bench_verify,main,6,1,pressure,main-0280,1790709734060,1790715355433,1790715359454,1790715376596,1
bench_verify,main,6,1,cheater,main-0280,1790709799421,1790715382745,1790715386981,1790715404201,1
bench_verify,main,6,1,line-0,main-0281,1790709825356,1790715411288,1790715415286,1790715432168,1
bench_verify,main,6,1,honest,main-0281,1790709860203,1790715438888,1790715442932,1790715460694,1
bench_verify,main,6,1,pressure,main-0281,1790709904866,1790715467784,1790715471776,1790715488990,1
bench_verify,main,6,1,cheater,main-0281,1790709948657,1790715495098,1790715499071,1790715516281,1
bench_attempt,main,7,1,line-0,main-0301,1790715561177,1790715580551,1790715593386,1790715604626,1
bench_attempt,main,7,1,honest,main-0301,1790715561264,1790715611581,1790715617846,1790715670143,1
bench_attempt,main,7,1,pressure,main-0301,1790715561342,1790715677827,1790715684347,1790715718855,1
bench_attempt,main,7,1,cheater,main-0301,1790715561421,1790715725524,1790715732246,1790715759657,1
bench_attempt,main,7,1,line-0,main-0302,1790715561502,1790715766242,1790715772962,1790715784647,1
bench_attempt,main,7,1,honest,main-0302,1790715561582,1790715794010,1790715800403,1790715815393,1
bench_attempt,main,7,1,pressure,main-0302,1790715561693,1790715822049,1790715828358,1790715843619,1
bench_attempt,main,7,1,cheater,main-0302,1790715561775,1790715851125,1790715857738,1790715875548,1
bench_attempt,main,7,1,line-0,main-0303,1790715561859,1790715882314,1790715889236,1790715900851,1
bench_attempt,main,7,1,honest,main-0303,1790715561937,1790715908798,1790715915261,1790715929890,1
bench_attempt,main,7,1,pressure,main-0303,1790715562018,1790715936346,1790715942946,1790715966785,1
bench_attempt,main,7,1,cheater,main-0303,1790715562097,1790715974239,1790715983037,1790716007359,1
bench_attempt,main,7,1,line-0,main-0304,1790715562176,1790716013921,1790716020780,1790716033119,1
bench_attempt,main,7,1,honest,main-0304,1790715562287,1790716041145,1790716047576,1790716093148,1
bench_attempt,main,7,1,pressure,main-0304,1790715562365,1790716099878,1790716106620,1790716142057,1
bench_attempt,main,7,1,cheater,main-0304,1790715562444,1790716148641,1790716155103,1790716201703,1
bench_attempt,main,7,1,line-0,main-0305,1790715562523,1790716208400,1790716215060,1790716227769,1
bench_attempt,main,7,1,honest,main-0305,1790715562601,1790716235629,1790716242234,1790716277498,1
bench_attempt,main,7,1,pressure,main-0305,1790715562680,1790716285412,1790716291720,1790716327009,1
bench_attempt,main,7,1,cheater,main-0305,1790715562800,1790716334178,1790716340791,1790716372385,1
bench_attempt,main,7,1,line-0,main-0306,1790715562914,1790716378722,1790716385399,1790716397816,1
bench_attempt,main,7,1,honest,main-0306,1790715562996,1790716405816,1790716412263,1790716433752,1
bench_attempt,main,7,1,pressure,main-0306,1790715563076,1790716441259,1790716447826,1790716467888,1
bench_attempt,main,7,1,cheater,main-0306,1790715563155,1790716475973,1790716482495,1790716513379,1
bench_attempt,main,7,1,line-0,main-0307,1790715563235,1790716520088,1790716526881,1790716539641,1
bench_attempt,main,7,1,honest,main-0307,1790715563315,1790716547453,1790716554069,1790716570214,1
bench_attempt,main,7,1,pressure,main-0307,1790715563396,1790716576587,1790716583626,1790716597101,1
bench_attempt,main,7,1,cheater,main-0307,1790715563514,1790716604944,1790716611257,1790716630890,1
bench_attempt,main,7,1,line-0,main-0309,1790715563592,1790716637984,1790716645074,1790716656661,1
bench_attempt,main,7,1,honest,main-0309,1790715563673,1790716664613,1790716671129,1790716691936,1
bench_attempt,main,7,1,pressure,main-0309,1790715563754,1790716699113,1790716705673,1790716730766,1
bench_attempt,main,7,1,cheater,main-0309,1790715563834,1790716737303,1790716743808,1790716772130,1
bench_attempt,main,7,1,line-0,main-0310,1790715563913,1790716778814,1790716785530,1790716798218,1
bench_attempt,main,7,1,honest,main-0310,1790715563993,1790716806021,1790716812633,1790716836300,1
bench_attempt,main,7,1,pressure,main-0310,1790715564106,1790716842905,1790716849343,1790716865029,1
bench_attempt,main,7,1,cheater,main-0310,1790715564184,1790716872828,1790716879149,1790716898806,1
bench_attempt,main,7,1,line-0,main-0311,1790715564265,1790716906683,1790716913285,1790716927105,1
bench_attempt,main,7,1,honest,main-0311,1790715564345,1790716933900,1790716940477,1790716954329,1
bench_attempt,main,7,1,pressure,main-0311,1790715564424,1790716964434,1790716970980,1790716986984,1
bench_attempt,main,7,1,cheater,main-0311,1790715564504,1790716995999,1790717002621,1790717020560,1
bench_attempt,main,7,1,line-0,main-0312,1790715564586,1790717027369,1790717034038,1790717046460,1
bench_attempt,main,7,1,honest,main-0312,1790715564697,1790717054457,1790717060992,1790717087247,1
bench_attempt,main,7,1,pressure,main-0312,1790715564775,1790717093733,1790717100293,1790717125804,1
bench_attempt,main,7,1,cheater,main-0312,1790715564853,1790717133389,1790717140052,1790717165293,1
bench_attempt,main,7,1,line-0,main-0314,1790715564932,1790717171712,1790717178707,1790717190414,1
bench_attempt,main,7,1,honest,main-0314,1790715565011,1790717198297,1790717204868,1790717225770,1
bench_attempt,main,7,1,pressure,main-0314,1790715565090,1790717232485,1790717239222,1790717258263,1
bench_attempt,main,7,1,cheater,main-0314,1790715565168,1790717264873,1790717271331,1790717293592,1
bench_attempt,main,7,1,line-0,main-0315,1790715565279,1790717300759,1790717307386,1790717319054,1
bench_attempt,main,7,1,honest,main-0315,1790715565358,1790717326950,1790717333200,1790717352599,1
bench_attempt,main,7,1,pressure,main-0315,1790715565437,1790717359000,1790717366054,1790717380305,1
bench_attempt,main,7,1,cheater,main-0315,1790715565516,1790717387799,1790717394403,1790717414386,1
bench_attempt,main,7,1,line-0,main-0316,1790715565595,1790717421908,1790717428507,1790717442144,1
bench_attempt,main,7,1,honest,main-0316,1790715565675,1790717449997,1790717456605,1790717475564,1
bench_attempt,main,7,1,pressure,main-0316,1790715565754,1790717482686,1790717489330,1790717505729,1
bench_attempt,main,7,1,cheater,main-0316,1790715565871,1790717514021,1790717520512,1790717541067,1
bench_attempt,main,7,1,line-0,main-0317,1790715565954,1790717548546,1790717555194,1790717567932,1
bench_attempt,main,7,1,honest,main-0317,1790715566035,1790717574670,1790717581323,1790717609015,1
bench_attempt,main,7,1,pressure,main-0317,1790715566114,1790717615431,1790717622004,1790717648220,1
bench_attempt,main,7,1,cheater,main-0317,1790715566194,1790717654926,1790717661287,1790717688212,1
bench_attempt,main,7,1,line-0,main-0319,1790715566273,1790717694991,1790717701666,1790717715314,1
bench_attempt,main,7,1,honest,main-0319,1790715566353,1790717723243,1790717729804,1790717744745,1
bench_attempt,main,7,1,pressure,main-0319,1790715566464,1790717751268,1790717757791,1790717773732,1
bench_attempt,main,7,1,cheater,main-0319,1790715566542,1790717780978,1790717787531,1790717809110,1
bench_attempt,main,7,1,line-0,main-0320,1790715566620,1790717815890,1790717822171,1790717834971,1
bench_attempt,main,7,1,honest,main-0320,1790715566699,1790717841908,1790717848738,1790717865527,1
bench_attempt,main,7,1,pressure,main-0320,1790715566778,1790717872722,1790717878982,1790717893591,1
bench_attempt,main,7,1,cheater,main-0320,1790715566864,1790717900026,1790717907006,1790717926314,1
bench_attempt,main,7,1,line-0,main-0321,1790715566943,1790717933021,1790717939776,1790717952503,1
bench_attempt,main,7,1,honest,main-0321,1790715567054,1790717960446,1790717967046,1790717982736,1
bench_attempt,main,7,1,pressure,main-0321,1790715567131,1790717989226,1790717995829,1790718009700,1
bench_attempt,main,7,1,cheater,main-0321,1790715567210,1790718018021,1790718024568,1790718044802,1
bench_attempt,main,7,1,line-0,main-0325,1790715567288,1790718051416,1790718057856,1790718070622,1
bench_attempt,main,7,1,honest,main-0325,1790715567367,1790718078597,1790718085272,1790718100253,1
bench_attempt,main,7,1,pressure,main-0325,1790715567445,1790718106713,1790718113051,1790718133103,1
bench_attempt,main,7,1,cheater,main-0325,1790715567523,1790718140598,1790718147264,1790718166587,1
bench_attempt,main,7,1,line-0,main-0326,1790715567633,1790718174071,1790718180734,1790718194489,1
bench_attempt,main,7,1,honest,main-0326,1790715567711,1790718203489,1790718210096,1790718225103,1
bench_attempt,main,7,1,pressure,main-0326,1790715567791,1790718231578,1790718238200,1790718253109,1
bench_attempt,main,7,1,cheater,main-0326,1790715567870,1790718259722,1790718266571,1790718287489,1
bench_attempt,main,7,1,line-0,main-0327,1790715567949,1790718294216,1790718300938,1790718312659,1
bench_attempt,main,7,1,honest,main-0327,1790715568029,1790718321783,1790718328402,1790718358973,1
bench_attempt,main,7,1,pressure,main-0327,1790715568108,1790718365771,1790718372542,1790718396373,1
bench_attempt,main,7,1,cheater,main-0327,1790715568223,1790718402890,1790718409551,1790718430326,1
bench_attempt,main,7,1,line-0,main-0328,1790715568305,1790718436748,1790718443824,1790718455576,1
bench_attempt,main,7,1,honest,main-0328,1790715568383,1790718463316,1790718470055,1790718484737,1
bench_attempt,main,7,1,pressure,main-0328,1790715568462,1790718491293,1790718497945,1790718522006,1
bench_attempt,main,7,1,cheater,main-0328,1790715568541,1790718528757,1790718535524,1790718554571,1
bench_attempt,main,7,1,line-0,main-0330,1790715568620,1790718561107,1790718567719,1790718580561,1
bench_attempt,main,7,1,honest,main-0330,1790715568698,1790718588456,1790718595067,1790718609414,1
bench_attempt,main,7,1,pressure,main-0330,1790715568809,1790718617665,1790718624372,1790718640095,1
bench_attempt,main,7,1,cheater,main-0330,1790715568887,1790718646722,1790718653549,1790718672617,1
bench_attempt,main,7,1,line-0,main-0331,1790715568966,1790718679363,1790718686162,1790718698957,1
bench_attempt,main,7,1,honest,main-0331,1790715569045,1790718706799,1790718713854,1790718731369,1
bench_attempt,main,7,1,pressure,main-0331,1790715569123,1790718737152,1790718743433,1790718759231,1
bench_attempt,main,7,1,cheater,main-0331,1790715569201,1790718765676,1790718772759,1790718791439,1
bench_attempt,main,7,1,line-0,main-0332,1790715569279,1790718798249,1790718804913,1790718817725,1
bench_attempt,main,7,1,honest,main-0332,1790715569391,1790718825587,1790718832418,1790718858222,1
bench_attempt,main,7,1,pressure,main-0332,1790715569469,1790718864665,1790718871008,1790718898628,1
bench_attempt,main,7,1,cheater,main-0332,1790715569549,1790718905195,1790718911855,1790718933192,1
bench_attempt,main,7,1,line-0,main-0333,1790715569628,1790718940983,1790718947420,1790718961272,1
bench_attempt,main,7,1,honest,main-0333,1790715569706,1790718969319,1790718976364,1790718994084,1
bench_attempt,main,7,1,pressure,main-0333,1790715569785,1790719001345,1790719007979,1790719033556,1
bench_attempt,main,7,1,cheater,main-0333,1790715569863,1790719040735,1790719047783,1790719067990,1
bench_attempt,main,7,1,line-0,main-0335,1790715569975,1790719074494,1790719081115,1790719093887,1
bench_attempt,main,7,1,honest,main-0335,1790715570053,1790719101880,1790719108507,1790719123201,1
bench_attempt,main,7,1,pressure,main-0335,1790715570132,1790719129746,1790719136310,1790719151181,1
bench_attempt,main,7,1,cheater,main-0335,1790715570211,1790719158425,1790719165055,1790719184976,1
bench_attempt,main,7,1,line-0,main-0336,1790715570290,1790719191490,1790719198162,1790719209923,1
bench_attempt,main,7,1,honest,main-0336,1790715570369,1790719217839,1790719224583,1790719244062,1
bench_attempt,main,7,1,pressure,main-0336,1790715570448,1790719251309,1790719257944,1790719275607,1
bench_attempt,main,7,1,cheater,main-0336,1790715570560,1790719283242,1790719289722,1790719313558,1
bench_attempt,main,7,1,line-0,main-0337,1790715570638,1790719320241,1790719326743,1790719340219,1
bench_attempt,main,7,1,honest,main-0337,1790715570718,1790719348227,1790719355204,1790719387384,1
bench_attempt,main,7,1,pressure,main-0337,1790715570797,1790719394887,1790719401640,1790719430652,1
bench_attempt,main,7,1,cheater,main-0337,1790715570877,1790719437099,1790719443874,1790719474306,1
bench_attempt,main,7,1,line-0,main-0338,1790715570955,1790719480775,1790719487467,1790719501091,1
bench_attempt,main,7,1,honest,main-0338,1790715571035,1790719509045,1790719516107,1790719592938,1
bench_attempt,main,7,1,pressure,main-0338,1790715571145,1790719600633,1790719607198,1790719627444,1
bench_attempt,main,7,1,cheater,main-0338,1790715571223,1790719635060,1790719641772,1790719711295,1
bench_attempt,main,7,1,line-0,main-0339,1790715571303,1790719717824,1790719724581,1790719738264,1
bench_attempt,main,7,1,honest,main-0339,1790715571383,1790719746282,1790719753272,1790719797964,1
bench_attempt,main,7,1,pressure,main-0339,1790715571462,1790719805598,1790719812322,1790719856840,1
bench_attempt,main,7,1,cheater,main-0339,1790715571541,1790719864478,1790719871488,1790719906297,1
bench_attempt,main,7,1,line-0,main-0340,1790715571621,1790719913621,1790719920251,1790719933171,1
bench_attempt,main,7,1,honest,main-0340,1790715571732,1790719941161,1790719947814,1790719985016,1
bench_attempt,main,7,1,pressure,main-0340,1790715571810,1790719991903,1790719998672,1790720026355,1
bench_attempt,main,7,1,cheater,main-0340,1790715571889,1790720032988,1790720039947,1790720064340,1
bench_attempt,main,7,1,line-0,main-0341,1790715571973,1790720070995,1790720077951,1790720089732,1
bench_attempt,main,7,1,honest,main-0341,1790715572053,1790720098793,1790720105202,1790720119981,1
bench_attempt,main,7,1,pressure,main-0341,1790715572132,1790720126516,1790720132904,1790720147780,1
bench_attempt,main,7,1,cheater,main-0341,1790715572211,1790720154528,1790720161346,1790720181513,1
bench_attempt,main,7,1,line-0,main-0342,1790715572321,1790720188140,1790720195080,1790720206910,1
bench_attempt,main,7,1,honest,main-0342,1790715572399,1790720216042,1790720222700,1790720238169,1
bench_attempt,main,7,1,pressure,main-0342,1790715572479,1790720248002,1790720254728,1790720272078,1
bench_attempt,main,7,1,cheater,main-0342,1790715572558,1790720280544,1790720287105,1790720307420,1
bench_attempt,main,7,1,line-0,main-0343,1790715572637,1790720314765,1790720321374,1790720334349,1
bench_attempt,main,7,1,honest,main-0343,1790715572716,1790720343360,1790720350501,1790720370904,1
bench_attempt,main,7,1,pressure,main-0343,1790715572794,1790720378506,1790720385293,1790720400068,1
bench_attempt,main,7,1,cheater,main-0343,1790715572905,1790720406667,1790720413298,1790720435415,1
bench_attempt,main,7,1,line-0,main-0344,1790715572983,1790720442000,1790720448721,1790720461681,1
bench_attempt,main,7,1,honest,main-0344,1790715573062,1790720471895,1790720478583,1790720495198,1
bench_attempt,main,7,1,pressure,main-0344,1790715573140,1790720503873,1790720510546,1790720527874,1
bench_attempt,main,7,1,cheater,main-0344,1790715573219,1790720534023,1790720541165,1790720564080,1
bench_attempt,main,7,1,line-0,main-0345,1790715573297,1790720571783,1790720578836,1790720590735,1
bench_attempt,main,7,1,honest,main-0345,1790715573375,1790720598867,1790720605484,1790720640503,1
bench_attempt,main,7,1,pressure,main-0345,1790715573484,1790720648401,1790720654855,1790720681885,1
bench_attempt,main,7,1,cheater,main-0345,1790715573562,1790720688375,1790720695505,1790720722841,1
bench_attempt,main,7,1,line-0,main-0347,1790715573641,1790720729420,1790720736112,1790720749070,1
bench_attempt,main,7,1,honest,main-0347,1790715573725,1790720757087,1790720763754,1790720780195,1
bench_attempt,main,7,1,pressure,main-0347,1790715573810,1790720786714,1790720793852,1790720808028,1
bench_attempt,main,7,1,cheater,main-0347,1790715573892,1790720815066,1790720821664,1790720841865,1
bench_attempt,main,7,1,line-0,main-0348,1790715573973,1790720849506,1790720856268,1790720869167,1
bench_attempt,main,7,1,honest,main-0348,1790715574082,1790720877254,1790720884343,1790720909126,1
bench_attempt,main,7,1,pressure,main-0348,1790715574161,1790720915708,1790720922482,1790720951099,1
bench_attempt,main,7,1,cheater,main-0348,1790715574241,1790720957858,1790720964773,1790720991892,1
bench_attempt,main,7,1,line-0,main-0349,1790715574320,1790720998774,1790721005540,1790721018511,1
bench_attempt,main,7,1,honest,main-0349,1790715574401,1790721026530,1790721033295,1790721064844,1
bench_attempt,main,7,1,pressure,main-0349,1790715574481,1790721071471,1790721078488,1790721117539,1
bench_attempt,main,7,1,cheater,main-0349,1790715574561,1790721123898,1790721130883,1790721162672,1
bench_attempt,main,7,1,line-0,main-0350,1790715574671,1790721169782,1790721176338,1790721189325,1
bench_attempt,main,7,1,honest,main-0350,1790715574749,1790721199562,1790721205959,1790721236981,1
bench_attempt,main,7,1,pressure,main-0350,1790715574827,1790721243618,1790721250298,1790721273341,1
bench_attempt,main,7,1,cheater,main-0350,1790715574906,1790721281055,1790721287852,1790721313115,1
bench_attempt,main,7,1,line-0,main-0351,1790715574984,1790721319778,1790721326496,1790721338398,1
bench_attempt,main,7,1,honest,main-0351,1790715575063,1790721346385,1790721353118,1790721368747,1
bench_attempt,main,7,1,pressure,main-0351,1790715575141,1790721375645,1790721382758,1790721397189,1
bench_attempt,main,7,1,cheater,main-0351,1790715575250,1790721403838,1790721410524,1790721429155,1
bench_attempt,main,7,1,line-0,main-0352,1790715575329,1790721436777,1790721443580,1790721457380,1
bench_attempt,main,7,1,honest,main-0352,1790715575407,1790721465447,1790721472581,1790721515510,1
bench_attempt,main,7,1,pressure,main-0352,1790715575485,1790721522080,1790721528919,1790721564121,1
bench_attempt,main,7,1,cheater,main-0352,1790715575564,1790721570643,1790721577430,1790721607941,1
bench_attempt,main,7,1,line-0,main-0353,1790715575642,1790721615253,1790721621662,1790721635763,1
bench_attempt,main,7,1,honest,main-0353,1790715575721,1790721643815,1790721650934,1790721666191,1
bench_attempt,main,7,1,pressure,main-0353,1790715575830,1790721672513,1790721679186,1790721699696,1
bench_attempt,main,7,1,cheater,main-0353,1790715575908,1790721706960,1790721713662,1790721733633,1
bench_attempt,main,7,1,line-0,main-0354,1790715575986,1790721740922,1790721747595,1790721760510,1
bench_attempt,main,7,1,honest,main-0354,1790715576065,1790721768548,1790721775606,1790721801761,1
bench_attempt,main,7,1,pressure,main-0354,1790715576143,1790721808590,1790721815688,1790721849580,1
bench_attempt,main,7,1,cheater,main-0354,1790715576222,1790721855402,1790721862162,1790721889488,1
bench_attempt,main,7,1,line-0,main-0296,1790715576301,1790721896216,1790721903088,1790721914854,1
bench_attempt,main,7,1,honest,main-0296,1790715576409,1790721922898,1790721929589,1790721950706,1
bench_attempt,main,7,1,pressure,main-0296,1790715576488,1790721958253,1790721964967,1790721992404,1
bench_attempt,main,7,1,cheater,main-0296,1790715576566,1790722000149,1790722007103,1790722037495,1
bench_attempt,main,7,1,line-0,main-0308,1790715576644,1790722045512,1790722052250,1790722065528,1
bench_attempt,main,7,1,honest,main-0308,1790715576723,1790722072535,1790722079613,1790722122472,1
bench_attempt,main,7,1,pressure,main-0308,1790715576802,1790722129809,1790722136474,1790722179341,1
bench_attempt,main,7,1,cheater,main-0308,1790715576880,1790722185893,1790722193036,1790722258649,1
bench_attempt,main,7,1,line-0,main-0313,1790715577002,1790722264784,1790722271514,1790722284469,1
bench_attempt,main,7,1,honest,main-0313,1790715577080,1790722292553,1790722299677,1790722334937,1
bench_attempt,main,7,1,pressure,main-0313,1790715577158,1790722341524,1790722348367,1790722380836,1
bench_attempt,main,7,1,cheater,main-0313,1790715577237,1790722388637,1790722395202,1790722438279,1
bench_attempt,main,7,1,line-0,main-0318,1790715577316,1790722445650,1790722452679,1790722464635,1
bench_attempt,main,7,1,honest,main-0318,1790715577394,1790722472949,1790722479652,1790722501851,1
bench_attempt,main,7,1,pressure,main-0318,1790715577473,1790722508167,1790722515087,1790722536158,1
bench_attempt,main,7,1,cheater,main-0318,1790715577583,1790722542803,1790722549560,1790722587944,1
bench_attempt,main,7,1,line-0,main-0322,1790715577660,1790722593796,1790722600523,1790722614405,1
bench_attempt,main,7,1,honest,main-0322,1790715577738,1790722623630,1790722630269,1790722659308,1
bench_attempt,main,7,1,pressure,main-0322,1790715577817,1790722665600,1790722672607,1790722712041,1
bench_attempt,main,7,1,cheater,main-0322,1790715577895,1790722718884,1790722725757,1790722771893,1
bench_verify,main,7,1,line-0,main-0301,1790715613993,1790722778525,1790722785164,1790722802951,1
bench_verify,main,7,1,honest,main-0301,1790715680417,1790722809241,1790722813631,1790722831504,1
bench_verify,main,7,1,pressure,main-0301,1790715727936,1790722839122,1790722843258,1790722862201,1
bench_verify,main,7,1,cheater,main-0301,1790715768667,1790722869481,1790722873682,1790722891854,1
bench_verify,main,7,1,line-0,main-0302,1790715796478,1790722898111,1790722902292,1790722920586,1
bench_verify,main,7,1,honest,main-0302,1790715824410,1790722926826,1790722930984,1790722948982,1
bench_verify,main,7,1,pressure,main-0302,1790715853579,1790722955323,1790722959428,1790722977341,1
bench_verify,main,7,1,cheater,main-0302,1790715884816,1790722983619,1790722987821,1790723005723,1
bench_verify,main,7,1,line-0,main-0303,1790715911253,1790723011891,1790723016138,1790723034147,1
bench_verify,main,7,1,honest,main-0303,1790715938781,1790723040479,1790723044639,1790723062907,1
bench_verify,main,7,1,pressure,main-0303,1790715976703,1790723069109,1790723073379,1790723091510,1
bench_verify,main,7,1,cheater,main-0303,1790716016435,1790723097803,1790723101954,1790723119755,1
bench_verify,main,7,1,line-0,main-0304,1790716043574,1790723125978,1790723130250,1790723148310,1
bench_verify,main,7,1,honest,main-0304,1790716102293,1790723154596,1790723158743,1790723177112,1
bench_verify,main,7,1,pressure,main-0304,1790716151072,1790723183453,1790723187626,1790723205385,1
bench_verify,main,7,1,cheater,main-0304,1790716210846,1790723211604,1790723215874,1790723234240,1
bench_verify,main,7,1,line-0,main-0305,1790716238092,1790723240656,1790723244684,1790723263739,1
bench_verify,main,7,1,honest,main-0305,1790716287797,1790723270057,1790723274191,1790723292116,1
bench_verify,main,7,1,pressure,main-0305,1790716336556,1790723298485,1790723302533,1790723320319,1
bench_verify,main,7,1,cheater,main-0305,1790716381196,1790723326502,1790723330818,1790723349119,1
bench_verify,main,7,1,line-0,main-0306,1790716408262,1790723355483,1790723359551,1790723377522,1
bench_verify,main,7,1,honest,main-0306,1790716443754,1790723383719,1790723387963,1790723405924,1
bench_verify,main,7,1,pressure,main-0306,1790716478396,1790723412127,1790723416440,1790723434290,1
bench_verify,main,7,1,cheater,main-0306,1790716522589,1790723440468,1790723444802,1790723462748,1
bench_verify,main,7,1,line-0,main-0307,1790716549963,1790723469028,1790723473161,1790723491103,1
bench_verify,main,7,1,honest,main-0307,1790716579118,1790723497381,1790723501633,1790723520016,1
bench_verify,main,7,1,pressure,main-0307,1790716607296,1790723526259,1790723530406,1790723548347,1
bench_verify,main,7,1,cheater,main-0307,1790716640487,1790723554567,1790723558798,1790723576630,1
bench_verify,main,7,1,line-0,main-0309,1790716666989,1790723582871,1790723587113,1790723606007,1
bench_verify,main,7,1,honest,main-0309,1790716701556,1790723612214,1790723616437,1790723634260,1
bench_verify,main,7,1,pressure,main-0309,1790716739673,1790723640494,1790723646667,1790723664980,1
bench_verify,main,7,1,cheater,main-0309,1790716781213,1790723671216,1790723675548,1790723693865,1
bench_verify,main,7,1,line-0,main-0310,1790716808542,1790723699985,1790723704226,1790723722180,1
bench_verify,main,7,1,honest,main-0310,1790716845380,1790723728557,1790723732573,1790723750346,1
bench_verify,main,7,1,pressure,main-0310,1790716875177,1790723756596,1790723760833,1790723779951,1
bench_verify,main,7,1,cheater,main-0310,1790716909220,1790723786938,1790723791152,1790723810030,1
bench_verify,main,7,1,line-0,main-0311,1790716936415,1790723817461,1790723821518,1790723839376,1
bench_verify,main,7,1,honest,main-0311,1790716966799,1790723845603,1790723849845,1790723867888,1
bench_verify,main,7,1,pressure,main-0311,1790716998367,1790723874048,1790723878250,1790723895973,1
bench_verify,main,7,1,cheater,main-0311,1790717029873,1790723902238,1790723906577,1790723924660,1
bench_verify,main,7,1,line-0,main-0312,1790717056850,1790723930983,1790723935013,1790723952841,1
bench_verify,main,7,1,honest,main-0312,1790717096274,1790723959056,1790723963205,1790723981210,1
bench_verify,main,7,1,pressure,main-0312,1790717135822,1790723987513,1790723991777,1790724009793,1
bench_verify,main,7,1,cheater,main-0312,1790717174237,1790724016050,1790724020244,1790724038138,1
bench_verify,main,7,1,line-0,main-0314,1790717200687,1790724044375,1790724048682,1790724066468,1
bench_verify,main,7,1,honest,main-0314,1790717234866,1790724072737,1790724076924,1790724094903,1
bench_verify,main,7,1,pressure,main-0314,1790717267252,1790724101256,1790724105335,1790724123170,1
bench_verify,main,7,1,cheater,main-0314,1790717303150,1790724129362,1790724133655,1790724151711,1
bench_verify,main,7,1,line-0,main-0315,1790717329360,1790724158118,1790724162036,1790724179889,1
bench_verify,main,7,1,honest,main-0315,1790717361504,1790724186133,1790724190382,1790724208661,1
bench_verify,main,7,1,pressure,main-0315,1790717390210,1790724214987,1790724219049,1790724236896,1
bench_verify,main,7,1,cheater,main-0315,1790717424373,1790724243102,1790724247279,1790724265080,1
bench_verify,main,7,1,line-0,main-0316,1790717452396,1790724271335,1790724275497,1790724293306,1
bench_verify,main,7,1,honest,main-0316,1790717485178,1790724299568,1790724303724,1790724321534,1
bench_verify,main,7,1,pressure,main-0316,1790717516541,1790724327847,1790724331846,1790724349876,1
bench_verify,main,7,1,cheater,main-0316,1790717551083,1790724356113,1790724360386,1790724378210,1
bench_verify,main,7,1,line-0,main-0317,1790717577208,1790724384655,1790724389149,1790724410740,1
bench_verify,main,7,1,honest,main-0317,1790717617802,1790724418955,1790724422951,1790724440918,1
bench_verify,main,7,1,pressure,main-0317,1790717657273,1790724447365,1790724451630,1790724469491,1
bench_verify,main,7,1,cheater,main-0317,1790717697401,1790724475847,1790724480247,1790724497996,1
bench_verify,main,7,1,line-0,main-0319,1790717725774,1790724504275,1790724508429,1790724526248,1
bench_verify,main,7,1,honest,main-0319,1790717753642,1790724532655,1790724536647,1790724554277,1
bench_verify,main,7,1,pressure,main-0319,1790717783322,1790724560544,1790724564771,1790724583553,1
bench_verify,main,7,1,cheater,main-0319,1790717818234,1790724590469,1790724594724,1790724613935,1
bench_verify,main,7,1,line-0,main-0320,1790717844282,1790724621010,1790724624996,1790724643594,1
bench_verify,main,7,1,honest,main-0320,1790717875085,1790724650559,1790724654727,1790724672588,1
bench_verify,main,7,1,pressure,main-0320,1790717902535,1790724678764,1790724682979,1790724702726,1
bench_verify,main,7,1,cheater,main-0320,1790717935568,1790724710885,1790724714916,1790724732744,1
bench_verify,main,7,1,line-0,main-0321,1790717962829,1790724739032,1790724743175,1790724761037,1
bench_verify,main,7,1,honest,main-0321,1790717991578,1790724767243,1790724771476,1790724789295,1
bench_verify,main,7,1,pressure,main-0321,1790718020432,1790724795496,1790724799603,1790724818007,1
bench_verify,main,7,1,cheater,main-0321,1790718053804,1790724824253,1790724828427,1790724846290,1
bench_verify,main,7,1,line-0,main-0325,1790718080998,1790724852575,1790724856741,1790724874623,1
bench_verify,main,7,1,honest,main-0325,1790718109143,1790724880954,1790724885122,1790724902966,1
bench_verify,main,7,1,pressure,main-0325,1790718143111,1790724909166,1790724913415,1790724931576,1
bench_verify,main,7,1,cheater,main-0325,1790718176665,1790724937901,1790724941990,1790724959841,1
bench_verify,main,7,1,line-0,main-0326,1790718206062,1790724966013,1790724970261,1790724988097,1
bench_verify,main,7,1,honest,main-0326,1790718234130,1790724994492,1790724998584,1790725016449,1
bench_verify,main,7,1,pressure,main-0326,1790718262209,1790725022672,1790725026853,1790725044958,1
bench_verify,main,7,1,cheater,main-0326,1790718296615,1790725051341,1790725055374,1790725072873,1
bench_verify,main,7,1,line-0,main-0327,1790718324154,1790725079082,1790725083319,1790725101183,1
bench_verify,main,7,1,honest,main-0327,1790718368300,1790725107448,1790725111575,1790725130321,1
bench_verify,main,7,1,pressure,main-0327,1790718405283,1790725136584,1790725140736,1790725158960,1
bench_verify,main,7,1,cheater,main-0327,1790718439242,1790725165171,1790725169474,1790725187367,1
bench_verify,main,7,1,line-0,main-0328,1790718465836,1790725193643,1790725197873,1790725215763,1
bench_verify,main,7,1,honest,main-0328,1790718493766,1790725222132,1790725226197,1790725244121,1
bench_verify,main,7,1,pressure,main-0328,1790718531259,1790725250360,1790725254604,1790725272829,1
bench_verify,main,7,1,cheater,main-0328,1790718563450,1790725279233,1790725283259,1790725301100,1
bench_verify,main,7,1,line-0,main-0330,1790718590862,1790725307384,1790725311548,1790725329513,1
bench_verify,main,7,1,honest,main-0330,1790718620111,1790725335865,1790725339918,1790725357814,1
bench_verify,main,7,1,pressure,main-0330,1790718649285,1790725364041,1790725368290,1790725386081,1
bench_verify,main,7,1,cheater,main-0330,1790718681923,1790725392469,1790725396570,1790725414454,1
bench_verify,main,7,1,line-0,main-0331,1790718709295,1790725420671,1790725424818,1790725442492,1
bench_verify,main,7,1,honest,main-0331,1790718739553,1790725449803,1790725454034,1790725472173,1
bench_verify,main,7,1,pressure,main-0331,1790718768171,1790725478521,1790725482600,1790725501496,1
bench_verify,main,7,1,cheater,main-0331,1790718800766,1790725507839,1790725511918,1790725529822,1
bench_verify,main,7,1,line-0,main-0332,1790718828094,1790725536248,1790725540282,1790725558045,1
bench_verify,main,7,1,honest,main-0332,1790718867122,1790725564366,1790725568528,1790725586428,1
bench_verify,main,7,1,pressure,main-0332,1790718907572,1790725592689,1790725596877,1790725614736,1
bench_verify,main,7,1,cheater,main-0332,1790718943462,1790725620917,1790725625179,1790725643154,1
bench_verify,main,7,1,line-0,main-0333,1790718971804,1790725649475,1790725653695,1790725672732,1
bench_verify,main,7,1,honest,main-0333,1790719003785,1790725679996,1790725684271,1790725703343,1
bench_verify,main,7,1,pressure,main-0333,1790719043215,1790725710771,1790725714944,1790725732438,1
bench_verify,main,7,1,cheater,main-0333,1790719076898,1790725738823,1790725742951,1790725761203,1
bench_verify,main,7,1,line-0,main-0335,1790719104343,1790725767514,1790725771703,1790725790113,1
bench_verify,main,7,1,honest,main-0335,1790719132135,1790725796454,1790725800584,1790725818574,1
bench_verify,main,7,1,pressure,main-0335,1790719160853,1790725824759,1790725829011,1790725847098,1
bench_verify,main,7,1,cheater,main-0335,1790719193888,1790725853448,1790725857615,1790725875913,1
bench_verify,main,7,1,line-0,main-0336,1790719220380,1790725882166,1790725886337,1790725904321,1
bench_verify,main,7,1,honest,main-0336,1790719253807,1790725910644,1790725915192,1790725933278,1
bench_verify,main,7,1,pressure,main-0336,1790719285703,1790725942472,1790725946735,1790725964790,1
bench_verify,main,7,1,cheater,main-0336,1790719322687,1790725972131,1790725976358,1790725994348,1
bench_verify,main,7,1,line-0,main-0337,1790719350725,1790726000749,1790726004949,1790726023041,1
bench_verify,main,7,1,honest,main-0337,1790719397385,1790726029320,1790726033533,1790726052645,1
bench_verify,main,7,1,pressure,main-0337,1790719439533,1790726058996,1790726063163,1790726081157,1
bench_verify,main,7,1,cheater,main-0337,1790719483192,1790726087482,1790726091584,1790726109682,1
bench_verify,main,7,1,line-0,main-0338,1790719511535,1790726115968,1790726120144,1790726138049,1
bench_verify,main,7,1,honest,main-0338,1790719603041,1790726144303,1790726148528,1790726166627,1
bench_verify,main,7,1,pressure,main-0338,1790719637480,1790726172809,1790726177164,1790726195572,1
bench_verify,main,7,1,cheater,main-0338,1790719720304,1790726202038,1790726206341,1790726225495,1
bench_verify,main,7,1,line-0,main-0339,1790719748793,1790726232815,1790726236982,1790726255444,1
bench_verify,main,7,1,honest,main-0339,1790719808035,1790726263592,1790726267741,1790726285889,1
bench_verify,main,7,1,pressure,main-0339,1790719866975,1790726292068,1790726296321,1790726314269,1
bench_verify,main,7,1,cheater,main-0339,1790719916059,1790726320595,1790726324734,1790726342813,1
bench_verify,main,7,1,line-0,main-0340,1790719943638,1790726349106,1790726353245,1790726371274,1
bench_verify,main,7,1,honest,main-0340,1790719994383,1790726377556,1790726381931,1790726400424,1
bench_verify,main,7,1,pressure,main-0340,1790720035512,1790726406701,1790726410952,1790726429009,1
bench_verify,main,7,1,cheater,main-0340,1790720073503,1790726435347,1790726439579,1790726458064,1
bench_verify,main,7,1,line-0,main-0341,1790720101189,1790726464317,1790726468548,1790726486526,1
bench_verify,main,7,1,honest,main-0341,1790720128958,1790726492823,1790726496960,1790726515041,1
bench_verify,main,7,1,pressure,main-0341,1790720156936,1790726521312,1790726525578,1790726543701,1
bench_verify,main,7,1,cheater,main-0341,1790720190555,1790726549970,1790726554187,1790726572320,1
bench_verify,main,7,1,line-0,main-0342,1790720218557,1790726578577,1790726582707,1790726600685,1
bench_verify,main,7,1,honest,main-0342,1790720250460,1790726606903,1790726611332,1790726629486,1
bench_verify,main,7,1,pressure,main-0342,1790720283048,1790726635901,1790726639972,1790726659018,1
bench_verify,main,7,1,cheater,main-0342,1790720317223,1790726665315,1790726669602,1790726688135,1
bench_verify,main,7,1,line-0,main-0343,1790720345927,1790726694554,1790726698621,1790726716614,1
bench_verify,main,7,1,honest,main-0343,1790720380988,1790726722956,1790726727262,1790726745392,1
bench_verify,main,7,1,pressure,main-0343,1790720409091,1790726751874,1790726756240,1790726774413,1
bench_verify,main,7,1,cheater,main-0343,1790720444482,1790726780731,1790726785219,1790726803278,1
bench_verify,main,7,1,line-0,main-0344,1790720474305,1790726812443,1790726816634,1790726834844,1
bench_verify,main,7,1,honest,main-0344,1790720506330,1790726842289,1790726846437,1790726864673,1
bench_verify,main,7,1,pressure,main-0344,1790720536512,1790726870980,1790726875233,1790726893406,1
bench_verify,main,7,1,cheater,main-0344,1790720574348,1790726899691,1790726904231,1790726922256,1
bench_verify,main,7,1,line-0,main-0345,1790720601317,1790726928504,1790726933127,1790726951289,1
bench_verify,main,7,1,honest,main-0345,1790720650821,1790726960509,1790726965013,1790726983258,1
bench_verify,main,7,1,pressure,main-0345,1790720690993,1790726989713,1790726994154,1790727012257,1
bench_verify,main,7,1,cheater,main-0345,1790720731817,1790727018502,1790727022692,1790727040754,1
bench_verify,main,7,1,line-0,main-0347,1790720759574,1790727047018,1790727051441,1790727069614,1
bench_verify,main,7,1,honest,main-0347,1790720789199,1790727075880,1790727080145,1790727098278,1
bench_verify,main,7,1,pressure,main-0347,1790720817562,1790727104663,1790727108746,1790727126818,1
bench_verify,main,7,1,cheater,main-0347,1790720852048,1790727133186,1790727137433,1790727155940,1
bench_verify,main,7,1,line-0,main-0348,1790720879739,1790727162277,1790727166369,1790727184587,1
bench_verify,main,7,1,honest,main-0348,1790720918231,1790727190911,1790727195476,1790727214275,1
bench_verify,main,7,1,pressure,main-0348,1790720960440,1790727223570,1790727228133,1790727246629,1
bench_verify,main,7,1,cheater,main-0348,1790721001196,1790727252972,1790727257082,1790727275223,1
bench_verify,main,7,1,line-0,main-0349,1790721029140,1790727281581,1790727285808,1790727304354,1
bench_verify,main,7,1,honest,main-0349,1790721073919,1790727310790,1790727315205,1790727334432,1
bench_verify,main,7,1,pressure,main-0349,1790721126312,1790727342512,1790727346774,1790727365549,1
bench_verify,main,7,1,cheater,main-0349,1790721172244,1790727371913,1790727376072,1790727394301,1
bench_verify,main,7,1,line-0,main-0350,1790721202011,1790727400657,1790727404827,1790727422964,1
bench_verify,main,7,1,honest,main-0350,1790721246097,1790727429311,1790727433503,1790727452243,1
bench_verify,main,7,1,pressure,main-0350,1790721283524,1790727458947,1790727463191,1790727482281,1
bench_verify,main,7,1,cheater,main-0350,1790721322189,1790727490610,1790727494715,1790727512866,1
bench_verify,main,7,1,line-0,main-0351,1790721348906,1790727519248,1790727523474,1790727542033,1
bench_verify,main,7,1,honest,main-0351,1790721378191,1790727548540,1790727552924,1790727571453,1
bench_verify,main,7,1,pressure,main-0351,1790721406331,1790727577939,1790727582097,1790727600684,1
bench_verify,main,7,1,cheater,main-0351,1790721439345,1790727607064,1790727611226,1790727630326,1
bench_verify,main,7,1,line-0,main-0352,1790721467953,1790727636718,1790727640904,1790727659046,1
bench_verify,main,7,1,honest,main-0352,1790721524595,1790727665445,1790727669658,1790727687807,1
bench_verify,main,7,1,pressure,main-0352,1790721573109,1790727694154,1790727698761,1790727717776,1
bench_verify,main,7,1,cheater,main-0352,1790721617684,1790727725997,1790727730443,1790727748607,1
bench_verify,main,7,1,line-0,main-0353,1790721646338,1790727755010,1790727759135,1790727777286,1
bench_verify,main,7,1,honest,main-0353,1790721674949,1790727783728,1790727787857,1790727805944,1
bench_verify,main,7,1,pressure,main-0353,1790721709524,1790727812336,1790727816802,1790727835001,1
bench_verify,main,7,1,cheater,main-0353,1790721743459,1790727841435,1790727845647,1790727863816,1
bench_verify,main,7,1,line-0,main-0354,1790721771085,1790727870168,1790727874402,1790727892737,1
bench_verify,main,7,1,honest,main-0354,1790721811135,1790727899049,1790727903389,1790727921958,1
bench_verify,main,7,1,pressure,main-0354,1790721857902,1790727928426,1790727932621,1790727951834,1
bench_verify,main,7,1,cheater,main-0354,1790721898667,1790727960087,1790727964401,1790727982952,1
bench_verify,main,7,1,line-0,main-0296,1790721925390,1790727989351,1790727993571,1790728012216,1
bench_verify,main,7,1,honest,main-0296,1790721960797,1790728020083,1790728024287,1790728044007,1
bench_verify,main,7,1,pressure,main-0296,1790722002559,1790728050345,1790728054646,1790728072537,1
bench_verify,main,7,1,cheater,main-0296,1790722047933,1790728079025,1790728083187,1790728101547,1
bench_verify,main,7,1,line-0,main-0308,1790722075005,1790728107938,1790728112114,1790728130344,1
bench_verify,main,7,1,honest,main-0308,1790722132254,1790728136778,1790728140976,1790728161976,1
bench_verify,main,7,1,pressure,main-0308,1790722188455,1790728170455,1790728174798,1790728192916,1
bench_verify,main,7,1,cheater,main-0308,1790722267392,1790728199336,1790728203620,1790728222013,1
bench_verify,main,7,1,line-0,main-0313,1790722295122,1790728228435,1790728232598,1790728251166,1
bench_verify,main,7,1,honest,main-0313,1790722344053,1790728257644,1790728261825,1790728281465,1
bench_verify,main,7,1,pressure,main-0313,1790722391168,1790728288535,1790728292774,1790728311414,1
bench_verify,main,7,1,cheater,main-0313,1790722448217,1790728319799,1790728324217,1790728342362,1
bench_verify,main,7,1,line-0,main-0318,1790722475552,1790728348855,1790728353056,1790728372487,1
bench_verify,main,7,1,honest,main-0318,1790722510769,1790728379052,1790728383215,1790728401355,1
bench_verify,main,7,1,pressure,main-0318,1790722545310,1790728407779,1790728412046,1790728431291,1
bench_verify,main,7,1,cheater,main-0318,1790722596368,1790728437792,1790728441968,1790728460595,1
bench_verify,main,7,1,line-0,main-0322,1790722626185,1790728467022,1790728471315,1790728489948,1
bench_verify,main,7,1,honest,main-0322,1790722668115,1790728496426,1790728500890,1790728519953,1
bench_verify,main,7,1,pressure,main-0322,1790722721404,1790728528214,1790728532381,1790728550995,1
bench_verify,main,7,1,cheater,main-0322,1790722780970,1790728557552,1790728562067,1790728579992,1
bench_attempt,main,8,1,line-0,main-0355,1790728631457,1790728653136,1790728660994,1790728673325,1
bench_attempt,main,8,1,honest,main-0355,1790728631549,1790728680515,1790728687455,1790728964988,1
bench_attempt,main,8,1,pressure,main-0355,1790728631642,1790728973215,1790728980318,1790728999603,1
bench_attempt,main,8,1,cheater,main-0355,1790728631729,1790729007836,1790729014874,1790729035026,1
bench_attempt,main,8,1,line-0,main-0356,1790728631816,1790729043269,1790729050288,1790729063828,1
bench_attempt,main,8,1,honest,main-0356,1790728631902,1790729072238,1790729079722,1790729100007,1
bench_attempt,main,8,1,pressure,main-0356,1790728632022,1790729107746,1790729115027,1790729129448,1
bench_attempt,main,8,1,cheater,main-0356,1790728632108,1790729137516,1790729144488,1790729165402,1
bench_attempt,main,8,1,line-0,main-0357,1790728632195,1790729173345,1790729180378,1790729194981,1
bench_attempt,main,8,1,honest,main-0357,1790728632282,1790729204654,1790729211509,1790729240358,1
bench_attempt,main,8,1,pressure,main-0357,1790728632370,1790729247277,1790729254556,1790729278094,1
bench_attempt,main,8,1,cheater,main-0357,1790728632456,1790729285107,1790729292063,1790729326169,1
bench_attempt,main,8,1,line-0,main-0358,1790728632542,1790729333969,1790729340835,1790729355592,1
bench_attempt,main,8,1,honest,main-0358,1790728632662,1790729366542,1790729373421,1790729395649,1
bench_attempt,main,8,1,pressure,main-0358,1790728632749,1790729402866,1790729409725,1790729425874,1
bench_attempt,main,8,1,cheater,main-0358,1790728632835,1790729434061,1790729440978,1790729461773,1
bench_attempt,main,8,1,line-0,main-0359,1790728632921,1790729469877,1790729476820,1790729490242,1
bench_attempt,main,8,1,honest,main-0359,1790728633007,1790729499803,1790729506993,1790729525846,1
bench_attempt,main,8,1,pressure,main-0359,1790728633093,1790729534076,1790729540956,1790729572533,1
bench_attempt,main,8,1,cheater,main-0359,1790728633179,1790729581830,1790729588761,1790729620552,1
bench_attempt,main,8,1,line-0,main-0360,1790728633297,1790729627549,1790729634795,1790729648373,1
bench_attempt,main,8,1,honest,main-0360,1790728633383,1790729656858,1790729664026,1790729685802,1
bench_attempt,main,8,1,pressure,main-0360,1790728633468,1790729693040,1790729700017,1790729715540,1
bench_attempt,main,8,1,cheater,main-0360,1790728633555,1790729724536,1790729731594,1790729752031,1
bench_attempt,main,8,1,line-0,main-0361,1790728633641,1790729760120,1790729767101,1790729780475,1
bench_attempt,main,8,1,honest,main-0361,1790728633727,1790729789059,1790729796484,1790729812412,1
bench_attempt,main,8,1,pressure,main-0361,1790728633812,1790729821431,1790729828427,1790729848583,1
bench_attempt,main,8,1,cheater,main-0361,1790728633932,1790729855164,1790729862102,1790729882789,1
bench_attempt,main,8,1,line-0,main-0362,1790728634017,1790729890478,1790729897401,1790729911172,1
bench_attempt,main,8,1,honest,main-0362,1790728634103,1790729919580,1790729926927,1790729945118,1
bench_attempt,main,8,1,pressure,main-0362,1790728634190,1790729953227,1790729960491,1790729975171,1
bench_attempt,main,8,1,cheater,main-0362,1790728634276,1790729982066,1790729989082,1790730010178,1
bench_attempt,main,8,1,line-0,main-0365,1790728634362,1790730016849,1790730024778,1790730038343,1
bench_attempt,main,8,1,honest,main-0365,1790728634448,1790730046780,1790730054153,1790730070209,1
bench_attempt,main,8,1,pressure,main-0365,1790728634568,1790730077151,1790730084408,1790730105276,1
bench_attempt,main,8,1,cheater,main-0365,1790728634654,1790730112333,1790730119229,1790730139597,1
bench_attempt,main,8,1,line-0,main-0366,1790728634740,1790730147671,1790730154656,1790730168048,1
bench_attempt,main,8,1,honest,main-0366,1790728634825,1790730177694,1790730184597,1790730201424,1
bench_attempt,main,8,1,pressure,main-0366,1790728634911,1790730208637,1790730215790,1790730230448,1
bench_attempt,main,8,1,cheater,main-0366,1790728634997,1790730239292,1790730246335,1790730267479,1
bench_attempt,main,8,1,line-0,main-0367,1790728635083,1790730273896,1790730280669,1790730295268,1
bench_attempt,main,8,1,honest,main-0367,1790728635203,1790730303725,1790730311114,1790730325629,1
bench_attempt,main,8,1,pressure,main-0367,1790728635289,1790730332928,1790730339960,1790730359241,1
bench_attempt,main,8,1,cheater,main-0367,1790728635374,1790730367342,1790730374195,1790730395107,1
bench_attempt,main,8,1,line-0,main-0368,1790728635459,1790730401984,1790730408972,1790730422896,1
bench_attempt,main,8,1,honest,main-0368,1790728635545,1790730431471,1790730438662,1790730458099,1
bench_attempt,main,8,1,pressure,main-0368,1790728635632,1790730465487,1790730472770,1790730487797,1
bench_attempt,main,8,1,cheater,main-0368,1790728635718,1790730495539,1790730502507,1790730521431,1
bench_attempt,main,8,1,line-0,main-0369,1790728635837,1790730528548,1790730535375,1790730548737,1
bench_attempt,main,8,1,honest,main-0369,1790728635924,1790730557349,1790730564565,1790730579344,1
bench_attempt,main,8,1,pressure,main-0369,1790728636009,1790730586707,1790730593768,1790730608331,1
bench_attempt,main,8,1,cheater,main-0369,1790728636095,1790730614640,1790730622092,1790730641352,1
bench_attempt,main,8,1,line-0,main-0370,1790728636181,1790730648325,1790730655925,1790730669131,1
bench_attempt,main,8,1,honest,main-0370,1790728636268,1790730677691,1790730684619,1790730702734,1
bench_attempt,main,8,1,pressure,main-0370,1790728636354,1790730711015,1790730717942,1790730736168,1
bench_attempt,main,8,1,cheater,main-0370,1790728636474,1790730744908,1790730752045,1790730772221,1
bench_attempt,main,8,1,line-0,main-0371,1790728636560,1790730780272,1790730787087,1790730800837,1
bench_attempt,main,8,1,honest,main-0371,1790728636645,1790730809297,1790730816379,1790730831188,1
bench_attempt,main,8,1,pressure,main-0371,1790728636736,1790730838612,1790730845653,1790730864089,1
bench_attempt,main,8,1,cheater,main-0371,1790728636821,1790730872579,1790730879662,1790730899365,1
bench_attempt,main,8,1,line-0,main-0372,1790728636907,1790730907455,1790730914598,1790730928077,1
bench_attempt,main,8,1,honest,main-0372,1790728636994,1790730937622,1790730944756,1790730982697,1
bench_attempt,main,8,1,pressure,main-0372,1790728637115,1790730989679,1790730996481,1790731029420,1
bench_attempt,main,8,1,cheater,main-0372,1790728637200,1790731037633,1790731044573,1790731066853,1
bench_attempt,main,8,1,line-0,main-0373,1790728637286,1790731073925,1790731080942,1790731094945,1
bench_attempt,main,8,1,honest,main-0373,1790728637371,1790731103513,1790731110841,1790731140976,1
bench_attempt,main,8,1,pressure,main-0373,1790728637456,1790731148112,1790731155395,1790731181807,1
bench_attempt,main,8,1,cheater,main-0373,1790728637543,1790731188823,1790731195931,1790731222283,1
bench_attempt,main,8,1,line-0,main-0374,1790728637630,1790731229546,1790731236624,1790731249910,1
bench_attempt,main,8,1,honest,main-0374,1790728637752,1790731258348,1790731265488,1790731287896,1
bench_attempt,main,8,1,pressure,main-0374,1790728637837,1790731296071,1790731303093,1790731325158,1
bench_attempt,main,8,1,cheater,main-0374,1790728637922,1790731333088,1790731340636,1790731360402,1
bench_attempt,main,8,1,line-0,main-0375,1790728638007,1790731367454,1790731374930,1790731388617,1
bench_attempt,main,8,1,honest,main-0375,1790728638093,1790731395947,1790731402979,1790731428409,1
bench_attempt,main,8,1,pressure,main-0375,1790728638179,1790731435455,1790731442906,1790731473984,1
bench_attempt,main,8,1,cheater,main-0375,1790728638265,1790731480973,1790731488043,1790731515688,1
bench_attempt,main,8,1,line-0,main-0376,1790728638386,1790731522744,1790731530067,1790731542527,1
bench_attempt,main,8,1,honest,main-0376,1790728638471,1790731551548,1790731558518,1790731573200,1
bench_attempt,main,8,1,pressure,main-0376,1790728638556,1790731581296,1790731588369,1790731603068,1
bench_attempt,main,8,1,cheater,main-0376,1790728638642,1790731611927,1790731618638,1790731639781,1
bench_attempt,main,8,1,line-0,main-0377,1790728638735,1790731648632,1790731655430,1790731668888,1
bench_attempt,main,8,1,honest,main-0377,1790728638824,1790731677315,1790731684792,1790731708862,1
bench_attempt,main,8,1,pressure,main-0377,1790728638913,1790731716690,1790731724095,1790731743465,1
bench_attempt,main,8,1,cheater,main-0377,1790728639036,1790731750840,1790731758322,1790731776570,1
bench_attempt,main,8,1,line-0,main-0378,1790728639121,1790731783986,1790731791429,1790731803816,1
bench_attempt,main,8,1,honest,main-0378,1790728639206,1790731813340,1790731820222,1790731842342,1
bench_attempt,main,8,1,pressure,main-0378,1790728639291,1790731850473,1790731857608,1790731879421,1
bench_attempt,main,8,1,cheater,main-0378,1790728639377,1790731886827,1790731893971,1790731914833,1
bench_attempt,main,8,1,line-0,main-0379,1790728639463,1790731921824,1790731929180,1790731941634,1
bench_attempt,main,8,1,honest,main-0379,1790728639549,1790731950279,1790731957174,1790731972679,1
bench_attempt,main,8,1,pressure,main-0379,1790728639669,1790731979961,1790731987187,1790732002811,1
bench_attempt,main,8,1,cheater,main-0379,1790728639755,1790732011765,1790732018808,1790732039343,1
bench_attempt,main,8,1,line-0,main-0380,1790728639839,1790732047486,1790732054514,1790732068299,1
bench_attempt,main,8,1,honest,main-0380,1790728639925,1790732078030,1790732085004,1790732101735,1
bench_attempt,main,8,1,pressure,main-0380,1790728640010,1790732109015,1790732116190,1790732131021,1
bench_attempt,main,8,1,cheater,main-0380,1790728640096,1790732140006,1790732146946,1790732167455,1
bench_attempt,main,8,1,line-0,main-0381,1790728640182,1790732175607,1790732182740,1790732197071,1
bench_attempt,main,8,1,honest,main-0381,1790728640303,1790732207220,1790732214525,1790732239141,1
bench_attempt,main,8,1,pressure,main-0381,1790728640389,1790732246274,1790732253733,1790732273967,1
bench_attempt,main,8,1,cheater,main-0381,1790728640475,1790732280986,1790732288526,1790732308918,1
bench_attempt,main,8,1,line-0,main-0382,1790728640560,1790732316025,1790732323129,1790732336685,1
bench_attempt,main,8,1,honest,main-0382,1790728640646,1790732345266,1790732352296,1790732368909,1
bench_attempt,main,8,1,pressure,main-0382,1790728640732,1790732376312,1790732383852,1790732398641,1
bench_attempt,main,8,1,cheater,main-0382,1790728640818,1790732404980,1790732412426,1790732432073,1
bench_attempt,main,8,1,line-0,main-0383,1790728640942,1790732439049,1790732446251,1790732459966,1
bench_attempt,main,8,1,honest,main-0383,1790728641028,1790732468514,1790732475641,1790732497886,1
bench_attempt,main,8,1,pressure,main-0383,1790728641114,1790732505638,1790732512822,1790732529290,1
bench_attempt,main,8,1,cheater,main-0383,1790728641200,1790732537614,1790732544608,1790732568028,1
bench_attempt,main,8,1,line-0,main-0384,1790728641287,1790732575021,1790732582206,1790732595845,1
bench_attempt,main,8,1,honest,main-0384,1790728641372,1790732605476,1790732612668,1790732646336,1
bench_attempt,main,8,1,pressure,main-0384,1790728641459,1790732654680,1790732661611,1790732700538,1
bench_attempt,main,8,1,cheater,main-0384,1790728641584,1790732707710,1790732714952,1790732747761,1
bench_attempt,main,8,1,line-0,main-0385,1790728641669,1790732755866,1790732762764,1790732776434,1
bench_attempt,main,8,1,honest,main-0385,1790728641762,1790732784877,1790732792292,1790732807091,1
bench_attempt,main,8,1,pressure,main-0385,1790728641849,1790732814432,1790732821487,1790732837585,1
bench_attempt,main,8,1,cheater,main-0385,1790728641935,1790732846592,1790732853912,1790732873594,1
bench_attempt,main,8,1,line-0,main-0386,1790728642021,1790732879946,1790732887018,1790732902337,1
bench_attempt,main,8,1,honest,main-0386,1790728642107,1790732912266,1790732919360,1790732940761,1
bench_attempt,main,8,1,pressure,main-0386,1790728642229,1790732949039,1790732956132,1790732971584,1
bench_attempt,main,8,1,cheater,main-0386,1790728642314,1790732978729,1790732985843,1790733005869,1
bench_attempt,main,8,1,line-0,main-0387,1790728642399,1790733013306,1790733020477,1790733034797,1
bench_attempt,main,8,1,honest,main-0387,1790728642485,1790733043367,1790733050791,1790733066855,1
bench_attempt,main,8,1,pressure,main-0387,1790728642570,1790733075909,1790733083077,1790733099518,1
bench_attempt,main,8,1,cheater,main-0387,1790728642656,1790733107810,1790733114988,1790733135576,1
bench_attempt,main,8,1,line-0,main-0388,1790728642743,1790733142989,1790733150058,1790733164606,1
bench_attempt,main,8,1,honest,main-0388,1790728642865,1790733173606,1790733180577,1790733201175,1
bench_attempt,main,8,1,pressure,main-0388,1790728642951,1790733207916,1790733215137,1790733230809,1
bench_attempt,main,8,1,cheater,main-0388,1790728643035,1790733237855,1790733245268,1790733267053,1
bench_attempt,main,8,1,line-0,main-0389,1790728643120,1790733275332,1790733282301,1790733296286,1
bench_attempt,main,8,1,honest,main-0389,1790728643206,1790733305324,1790733312784,1790733333196,1
bench_attempt,main,8,1,pressure,main-0389,1790728643292,1790733340630,1790733347839,1790733362869,1
bench_attempt,main,8,1,cheater,main-0389,1790728643378,1790733372076,1790733379005,1790733399549,1
bench_attempt,main,8,1,line-0,main-0390,1790728643500,1790733407744,1790733414770,1790733428612,1
bench_attempt,main,8,1,honest,main-0390,1790728643585,1790733437335,1790733444600,1790733482677,1
bench_attempt,main,8,1,pressure,main-0390,1790728643670,1790733489961,1790733497074,1790733523947,1
bench_attempt,main,8,1,cheater,main-0390,1790728643756,1790733530637,1790733538186,1790733570649,1
bench_attempt,main,8,1,line-0,main-0391,1790728643841,1790733577850,1790733585114,1790733598969,1
bench_attempt,main,8,1,honest,main-0391,1790728643927,1790733609010,1790733616133,1790733633474,1
bench_attempt,main,8,1,pressure,main-0391,1790728644013,1790733641653,1790733648659,1790733673151,1
bench_attempt,main,8,1,cheater,main-0391,1790728644135,1790733681437,1790733688642,1790733714787,1
bench_attempt,main,8,1,line-0,main-0392,1790728644221,1790733721873,1790733729320,1790733743374,1
bench_attempt,main,8,1,honest,main-0392,1790728644310,1790733750802,1790733757866,1790733789214,1
bench_attempt,main,8,1,pressure,main-0392,1790728644395,1790733796456,1790733803777,1790733835961,1
bench_attempt,main,8,1,cheater,main-0392,1790728644480,1790733844231,1790733851443,1790733875192,1
bench_attempt,main,8,1,line-0,main-0393,1790728644567,1790733882164,1790733889584,1790733902108,1
bench_attempt,main,8,1,honest,main-0393,1790728644653,1790733910858,1790733917818,1790733944255,1
bench_attempt,main,8,1,pressure,main-0393,1790728644774,1790733951752,1790733959030,1790733975437,1
bench_attempt,main,8,1,cheater,main-0393,1790728644860,1790733982498,1790733989809,1790734019137,1
bench_attempt,main,8,1,line-0,main-0394,1790728644945,1790734026445,1790734034040,1790734047701,1
bench_attempt,main,8,1,honest,main-0394,1790728645030,1790734055178,1790734062553,1790734079524,1
bench_attempt,main,8,1,pressure,main-0394,1790728645116,1790734087923,1790734094816,1790734124038,1
bench_attempt,main,8,1,cheater,main-0394,1790728645202,1790734131415,1790734138909,1790734163415,1
bench_attempt,main,8,1,line-0,main-0395,1790728645288,1790734171349,1790734178517,1790734192362,1
bench_attempt,main,8,1,honest,main-0395,1790728645447,1790734202260,1790734209404,1790734231229,1
bench_attempt,main,8,1,pressure,main-0395,1790728645533,1790734239355,1790734246673,1790734268853,1
bench_attempt,main,8,1,cheater,main-0395,1790728645618,1790734275612,1790734282677,1790734307992,1
bench_attempt,main,8,1,line-0,main-0396,1790728645703,1790734315191,1790734322889,1790734335962,1
bench_attempt,main,8,1,honest,main-0396,1790728645789,1790734344600,1790734351709,1790734375617,1
bench_attempt,main,8,1,pressure,main-0396,1790728645876,1790734382385,1790734389320,1790734405427,1
bench_attempt,main,8,1,cheater,main-0396,1790728645964,1790734413597,1790734420577,1790734443120,1
bench_attempt,main,8,1,line-0,main-0397,1790728646100,1790734450233,1790734457271,1790734471064,1
bench_attempt,main,8,1,honest,main-0397,1790728646186,1790734480883,1790734488203,1790734510879,1
bench_attempt,main,8,1,pressure,main-0397,1790728646272,1790734519520,1790734526490,1790734548621,1
bench_attempt,main,8,1,cheater,main-0397,1790728646357,1790734555943,1790734563144,1790734586415,1
bench_attempt,main,8,1,line-0,main-0398,1790728646443,1790734594677,1790734602177,1790734615646,1
bench_attempt,main,8,1,honest,main-0398,1790728646528,1790734624280,1790734631251,1790734651883,1
bench_attempt,main,8,1,pressure,main-0398,1790728646614,1790734660081,1790734667182,1790734682999,1
bench_attempt,main,8,1,cheater,main-0398,1790728646741,1790734691452,1790734698485,1790734719795,1
bench_attempt,main,8,1,line-0,main-0400,1790728646829,1790734728124,1790734735394,1790734749033,1
bench_attempt,main,8,1,honest,main-0400,1790728646915,1790734758955,1790734765846,1790734783204,1
bench_attempt,main,8,1,pressure,main-0400,1790728647000,1790734791323,1790734798423,1790734818231,1
bench_attempt,main,8,1,cheater,main-0400,1790728647086,1790734826677,1790734833983,1790734853219,1
bench_attempt,main,8,1,line-0,main-0401,1790728647171,1790734860708,1790734867689,1790734881841,1
bench_attempt,main,8,1,honest,main-0401,1790728647258,1790734891693,1790734898596,1790734920992,1
bench_attempt,main,8,1,pressure,main-0401,1790728647383,1790734929136,1790734936749,1790734960044,1
bench_attempt,main,8,1,cheater,main-0401,1790728647469,1790734967124,1790734974146,1790734997986,1
bench_attempt,main,8,1,line-0,main-0402,1790728647554,1790735005044,1790735011984,1790735025809,1
bench_attempt,main,8,1,honest,main-0402,1790728647639,1790735035878,1790735043071,1790735059955,1
bench_attempt,main,8,1,pressure,main-0402,1790728647724,1790735066980,1790735074578,1790735094827,1
bench_attempt,main,8,1,cheater,main-0402,1790728647810,1790735102720,1790735109745,1790735130064,1
bench_attempt,main,8,1,line-0,main-0323,1790728647897,1790735138324,1790735145454,1790735159548,1
bench_attempt,main,8,1,honest,main-0323,1790728648019,1790735167861,1790735175356,1790735201451,1
bench_attempt,main,8,1,pressure,main-0323,1790728648104,1790735208476,1790735216090,1790735246348,1
bench_attempt,main,8,1,cheater,main-0323,1790728648190,1790735255422,1790735262660,1790735304997,1
bench_attempt,main,8,1,line-0,main-0324,1790728648275,1790735312112,1790735319560,1790735332291,1
bench_attempt,main,8,1,honest,main-0324,1790728648360,1790735341267,1790735348526,1790735371224,1
bench_attempt,main,8,1,pressure,main-0324,1790728648446,1790735378884,1790735385909,1790735420215,1
bench_attempt,main,8,1,cheater,main-0324,1790728648532,1790735428486,1790735435708,1790735466419,1
bench_attempt,main,8,1,line-0,main-0329,1790728648653,1790735473090,1790735480598,1790735495306,1
bench_attempt,main,8,1,honest,main-0329,1790728648739,1790735502779,1790735509969,1790735551784,1
bench_attempt,main,8,1,pressure,main-0329,1790728648824,1790735559051,1790735566275,1790735641487,1
bench_attempt,main,8,1,cheater,main-0329,1790728648910,1790735650227,1790735657454,1790735713868,1
bench_attempt,main,8,1,line-0,main-0334,1790728648995,1790735720983,1790735728363,1790735741183,1
bench_attempt,main,8,1,honest,main-0334,1790728649081,1790735749521,1790735756661,1790735784880,1
bench_attempt,main,8,1,pressure,main-0334,1790728649168,1790735792218,1790735799575,1790735827372,1
bench_attempt,main,8,1,cheater,main-0334,1790728649290,1790735836531,1790735843551,1790735879043,1
bench_attempt,main,8,1,line-0,main-0346,1790728649376,1790735886318,1790735893707,1790735907688,1
bench_attempt,main,8,1,honest,main-0346,1790728649462,1790735916600,1790735923990,1790735947283,1
bench_attempt,main,8,1,pressure,main-0346,1790728649547,1790735954797,1790735962382,1790736002482,1
bench_attempt,main,8,1,cheater,main-0346,1790728649633,1790736009264,1790736016749,1790736056013,1
bench_verify,main,8,1,line-0,main-0355,1790728683188,1790736063401,1790736070678,1790736089053,1
bench_verify,main,8,1,honest,main-0355,1790728975828,1790736096550,1790736100902,1790736120252,1
bench_verify,main,8,1,pressure,main-0355,1790729010428,1790736127109,1790736131743,1790736152770,1
bench_verify,main,8,1,cheater,main-0355,1790729046002,1790736160182,1790736164925,1790736184065,1
bench_verify,main,8,1,line-0,main-0356,1790729074934,1790736191940,1790736196331,1790736217556,1
bench_verify,main,8,1,honest,main-0356,1790729110374,1790736225327,1790736229810,1790736249078,1
bench_verify,main,8,1,pressure,main-0356,1790729140054,1790736256896,1790736261379,1790736281772,1
bench_verify,main,8,1,cheater,main-0356,1790729176000,1790736289715,1790736294406,1790736314190,1
bench_verify,main,8,1,line-0,main-0357,1790729207192,1790736321669,1790736326058,1790736346950,1
bench_verify,main,8,1,honest,main-0357,1790729249902,1790736354392,1790736358818,1790736378490,1
bench_verify,main,8,1,pressure,main-0357,1790729287758,1790736385931,1790736390403,1790736412537,1
bench_verify,main,8,1,cheater,main-0357,1790729336588,1790736420422,1790736425207,1790736444515,1
bench_verify,main,8,1,line-0,main-0358,1790729369131,1790736452394,1790736456807,1790736477701,1
bench_verify,main,8,1,honest,main-0358,1790729405533,1790736485234,1790736489970,1790736509943,1
bench_verify,main,8,1,pressure,main-0358,1790729436710,1790736516644,1790736521340,1790736541530,1
bench_verify,main,8,1,cheater,main-0358,1790729472584,1790736548949,1790736553291,1790736573769,1
bench_verify,main,8,1,line-0,main-0359,1790729502331,1790736582591,1790736586972,1790736606609,1
bench_verify,main,8,1,honest,main-0359,1790729536699,1790736614143,1790736619231,1790736638893,1
bench_verify,main,8,1,pressure,main-0359,1790729584587,1790736646479,1790736651156,1790736671292,1
bench_verify,main,8,1,cheater,main-0359,1790729630130,1790736679219,1790736683956,1790736703752,1
bench_verify,main,8,1,line-0,main-0360,1790729659525,1790736711306,1790736716030,1790736735009,1
bench_verify,main,8,1,honest,main-0360,1790729695658,1790736742063,1790736746361,1790736766357,1
bench_verify,main,8,1,pressure,main-0360,1790729727104,1790736773767,1790736778526,1790736798698,1
bench_verify,main,8,1,cheater,main-0360,1790729762794,1790736805363,1790736809795,1790736828970,1
bench_verify,main,8,1,line-0,main-0361,1790729791736,1790736836852,1790736841595,1790736861501,1
bench_verify,main,8,1,honest,main-0361,1790729824099,1790736869781,1790736874093,1790736893479,1
bench_verify,main,8,1,pressure,main-0361,1790729857823,1790736900294,1790736905262,1790736925574,1
bench_verify,main,8,1,cheater,main-0361,1790729893141,1790736932213,1790736936948,1790736957313,1
bench_verify,main,8,1,line-0,main-0362,1790729922274,1790736965084,1790736969943,1790736990721,1
bench_verify,main,8,1,honest,main-0362,1790729955797,1790736998230,1790737002886,1790737021877,1
bench_verify,main,8,1,pressure,main-0362,1790729984718,1790737028723,1790737033664,1790737054171,1
bench_verify,main,8,1,cheater,main-0362,1790730019876,1790737060904,1790737065496,1790737085848,1
bench_verify,main,8,1,line-0,main-0365,1790730049423,1790737093358,1790737098009,1790737118074,1
bench_verify,main,8,1,honest,main-0365,1790730079852,1790737124807,1790737129143,1790737148206,1
bench_verify,main,8,1,pressure,main-0365,1790730114937,1790737155101,1790737159517,1790737178685,1
bench_verify,main,8,1,cheater,main-0365,1790730150300,1790737186582,1790737191260,1790737210451,1
bench_verify,main,8,1,line-0,main-0366,1790730180378,1790737217546,1790737222249,1790737242672,1
bench_verify,main,8,1,honest,main-0366,1790730211219,1790737249738,1790737254455,1790737274819,1
bench_verify,main,8,1,pressure,main-0366,1790730241926,1790737282783,1790737287404,1790737308210,1
bench_verify,main,8,1,cheater,main-0366,1790730276501,1790737315634,1790737320054,1790737340866,1
bench_verify,main,8,1,line-0,main-0367,1790730306432,1790737348411,1790737352657,1790737372165,1
bench_verify,main,8,1,honest,main-0367,1790730335636,1790737380135,1790737385218,1790737404503,1
bench_verify,main,8,1,pressure,main-0367,1790730370046,1790737411132,1790737415909,1790737436232,1
bench_verify,main,8,1,cheater,main-0367,1790730404647,1790737443947,1790737448825,1790737469195,1
bench_verify,main,8,1,line-0,main-0368,1790730434155,1790737477131,1790737481891,1790737502283,1
bench_verify,main,8,1,honest,main-0368,1790730468168,1790737510315,1790737514890,1790737534538,1
bench_verify,main,8,1,pressure,main-0368,1790730498187,1790737542039,1790737546788,1790737565999,1
bench_verify,main,8,1,cheater,main-0368,1790730531317,1790737573929,1790737578625,1790737597667,1
bench_verify,main,8,1,line-0,main-0369,1790730560106,1790737604571,1790737608938,1790737629238,1
bench_verify,main,8,1,honest,main-0369,1790730589375,1790737636969,1790737641478,1790737661892,1
bench_verify,main,8,1,pressure,main-0369,1790730617308,1790737669057,1790737673709,1790737694047,1
bench_verify,main,8,1,cheater,main-0369,1790730650929,1790737701223,1790737705958,1790737726378,1
bench_verify,main,8,1,line-0,main-0370,1790730680405,1790737733841,1790737738544,1790737758899,1
bench_verify,main,8,1,honest,main-0370,1790730713753,1790737765962,1790737770340,1790737791274,1
bench_verify,main,8,1,pressure,main-0370,1790730747604,1790737798323,1790737803078,1790737823504,1
bench_verify,main,8,1,cheater,main-0370,1790730782950,1790737831423,1790737836174,1790737856697,1
bench_verify,main,8,1,line-0,main-0371,1790730811990,1790737864803,1790737869467,1790737889140,1
bench_verify,main,8,1,honest,main-0371,1790730841330,1790737896651,1790737901371,1790737921120,1
bench_verify,main,8,1,pressure,main-0371,1790730875298,1790737928737,1790737933810,1790737953017,1
bench_verify,main,8,1,cheater,main-0371,1790730910127,1790737960136,1790737964898,1790737985315,1
bench_verify,main,8,1,line-0,main-0372,1790730940275,1790737992594,1790737997571,1790738018291,1
bench_verify,main,8,1,honest,main-0372,1790730992395,1790738026174,1790738030501,1790738050893,1
bench_verify,main,8,1,pressure,main-0372,1790731040349,1790738058792,1790738063944,1790738083616,1
bench_verify,main,8,1,cheater,main-0372,1790731076662,1790738091207,1790738095857,1790738115541,1
bench_verify,main,8,1,line-0,main-0373,1790731106254,1790738123069,1790738127819,1790738147072,1
bench_verify,main,8,1,honest,main-0373,1790731150832,1790738154963,1790738159674,1790738178855,1
bench_verify,main,8,1,pressure,main-0373,1790731191534,1790738186809,1790738191897,1790738211137,1
bench_verify,main,8,1,cheater,main-0373,1790731232208,1790738217906,1790738222966,1790738243775,1
bench_verify,main,8,1,line-0,main-0374,1790731261003,1790738251668,1790738256773,1790738276795,1
bench_verify,main,8,1,honest,main-0374,1790731298772,1790738284334,1790738289039,1790738308202,1
bench_verify,main,8,1,pressure,main-0374,1790731335790,1790738316172,1790738320848,1790738341132,1
bench_verify,main,8,1,cheater,main-0374,1790731370194,1790738349999,1790738355053,1790738374114,1
bench_verify,main,8,1,line-0,main-0375,1790731398638,1790738382363,1790738386783,1790738406041,1
bench_verify,main,8,1,honest,main-0375,1790731438173,1790738414009,1790738418700,1790738438770,1
bench_verify,main,8,1,pressure,main-0375,1790731483636,1790738445464,1790738450080,1790738470435,1
bench_verify,main,8,1,cheater,main-0375,1790731525355,1790738477640,1790738482697,1790738503042,1
bench_verify,main,8,1,line-0,main-0376,1790731554260,1790738510862,1790738515606,1790738535814,1
bench_verify,main,8,1,honest,main-0376,1790731583939,1790738542824,1790738547126,1790738567496,1
bench_verify,main,8,1,pressure,main-0376,1790731614518,1790738575493,1790738580207,1790738599618,1
bench_verify,main,8,1,cheater,main-0376,1790731651242,1790738607540,1790738612331,1790738632190,1
bench_verify,main,8,1,line-0,main-0377,1790731680021,1790738638968,1790738643769,1790738664408,1
bench_verify,main,8,1,honest,main-0377,1790731719356,1790738671560,1790738676261,1790738696645,1
bench_verify,main,8,1,pressure,main-0377,1790731753535,1790738704136,1790738709215,1790738729847,1
bench_verify,main,8,1,cheater,main-0377,1790731786728,1790738736611,1790738741168,1790738761656,1
bench_verify,main,8,1,line-0,main-0378,1790731816026,1790738769167,1790738773893,1790738794416,1
bench_verify,main,8,1,honest,main-0378,1790731853143,1790738802392,1790738807137,1790738828331,1
bench_verify,main,8,1,pressure,main-0378,1790731889578,1790738835995,1790738840989,1790738860012,1
bench_verify,main,8,1,cheater,main-0378,1790731924595,1790738867854,1790738872702,1790738893020,1
bench_verify,main,8,1,line-0,main-0379,1790731953000,1790738900639,1790738905651,1790738925336,1
bench_verify,main,8,1,honest,main-0379,1790731982633,1790738932841,1790738937592,1790738957299,1
bench_verify,main,8,1,pressure,main-0379,1790732014493,1790738964897,1790738970008,1790738989510,1
bench_verify,main,8,1,cheater,main-0379,1790732050252,1790738997413,1790739002169,1790739022481,1
bench_verify,main,8,1,line-0,main-0380,1790732080724,1790739030357,1790739035089,1790739055730,1
bench_verify,main,8,1,honest,main-0380,1790732111778,1790739063259,1790739067981,1790739087066,1
bench_verify,main,8,1,pressure,main-0380,1790732142678,1790739093993,1790739098910,1790739118932,1
bench_verify,main,8,1,cheater,main-0380,1790732178266,1790739126110,1790739130818,1790739151059,1
bench_verify,main,8,1,line-0,main-0381,1790732209994,1790739158139,1790739162852,1790739183958,1
bench_verify,main,8,1,honest,main-0381,1790732248942,1790739193306,1790739197768,1790739216924,1
bench_verify,main,8,1,pressure,main-0381,1790732283631,1790739223666,1790739228066,1790739248262,1
bench_verify,main,8,1,cheater,main-0381,1790732318662,1790739255685,1790739260503,1790739281137,1
bench_verify,main,8,1,line-0,main-0382,1790732347912,1790739288609,1790739293406,1790739313652,1
bench_verify,main,8,1,honest,main-0382,1790732379082,1790739320375,1790739325459,1790739345651,1
bench_verify,main,8,1,pressure,main-0382,1790732407758,1790739353121,1790739357889,1790739378075,1
bench_verify,main,8,1,cheater,main-0382,1790732441730,1790739385651,1790739390298,1790739410536,1
bench_verify,main,8,1,line-0,main-0383,1790732471240,1790739417560,1790739422055,1790739442879,1
bench_verify,main,8,1,honest,main-0383,1790732508344,1790739450418,1790739455187,1790739475581,1
bench_verify,main,8,1,pressure,main-0383,1790732540356,1790739482739,1790739487842,1790739508469,1
bench_verify,main,8,1,cheater,main-0383,1790732577738,1790739515558,1790739520241,1790739540523,1
bench_verify,main,8,1,line-0,main-0384,1790732608283,1790739548147,1790739552834,1790739573123,1
bench_verify,main,8,1,honest,main-0384,1790732657421,1790739580253,1790739584970,1790739605501,1
bench_verify,main,8,1,pressure,main-0384,1790732710455,1790739613029,1790739617650,1790739638431,1
bench_verify,main,8,1,cheater,main-0384,1790732758596,1790739645524,1790739650380,1790739670760,1
bench_verify,main,8,1,line-0,main-0385,1790732787584,1790739677610,1790739682603,1790739703033,1
bench_verify,main,8,1,honest,main-0385,1790732817116,1790739710268,1790739714974,1790739735728,1
bench_verify,main,8,1,pressure,main-0385,1790732849339,1790739742940,1790739748071,1790739769193,1
bench_verify,main,8,1,cheater,main-0385,1790732882681,1790739776738,1790739781443,1790739801204,1
bench_verify,main,8,1,line-0,main-0386,1790732915019,1790739810048,1790739814705,1790739837502,1
bench_verify,main,8,1,honest,main-0386,1790732951828,1790739845845,1790739850969,1790739869986,1
bench_verify,main,8,1,pressure,main-0386,1790732981442,1790739877122,1790739881971,1790739902871,1
bench_verify,main,8,1,cheater,main-0386,1790733015996,1790739910509,1790739915638,1790739935654,1
bench_verify,main,8,1,line-0,main-0387,1790733046016,1790739943144,1790739947908,1790739967079,1
bench_verify,main,8,1,honest,main-0387,1790733078589,1790739974975,1790739979383,1790740000446,1
bench_verify,main,8,1,pressure,main-0387,1790733110591,1790740007944,1790740012774,1790740032303,1
bench_verify,main,8,1,cheater,main-0387,1790733145734,1790740040327,1790740044908,1790740065740,1
bench_verify,main,8,1,line-0,main-0388,1790733176333,1790740073333,1790740078495,1790740099516,1
bench_verify,main,8,1,honest,main-0388,1790733210611,1790740107183,1790740112305,1790740131891,1
bench_verify,main,8,1,pressure,main-0388,1790733240572,1790740139378,1790740144143,1790740164944,1
bench_verify,main,8,1,cheater,main-0388,1790733278093,1790740173097,1790740178098,1790740197763,1
bench_verify,main,8,1,line-0,main-0389,1790733308007,1790740205285,1790740210078,1790740229806,1
bench_verify,main,8,1,honest,main-0389,1790733343338,1790740237318,1790740242110,1790740262195,1
bench_verify,main,8,1,pressure,main-0389,1790733374735,1790740269799,1790740274914,1790740294645,1
bench_verify,main,8,1,cheater,main-0389,1790733410482,1790740302210,1790740306939,1790740327838,1
bench_verify,main,8,1,line-0,main-0390,1790733440126,1790740335455,1790740340120,1790740360019,1
bench_verify,main,8,1,honest,main-0390,1790733492736,1790740368268,1790740373112,1790740393202,1
bench_verify,main,8,1,pressure,main-0390,1790733533292,1790740400836,1790740405952,1790740425089,1
bench_verify,main,8,1,cheater,main-0390,1790733580621,1790740433250,1790740438197,1790740458226,1
bench_verify,main,8,1,line-0,main-0391,1790733611773,1790740465874,1790740470945,1790740490675,1
bench_verify,main,8,1,honest,main-0391,1790733644394,1790740498205,1790740502961,1790740523328,1
bench_verify,main,8,1,pressure,main-0391,1790733684047,1790740531235,1790740536050,1790740555225,1
bench_verify,main,8,1,cheater,main-0391,1790733724669,1790740562507,1790740567525,1790740588835,1
bench_verify,main,8,1,line-0,main-0392,1790733753547,1790740596469,1790740601462,1790740621134,1
bench_verify,main,8,1,honest,main-0392,1790733799182,1790740628687,1790740633406,1790740653118,1
bench_verify,main,8,1,pressure,main-0392,1790733846948,1790740660701,1790740665041,1790740686291,1
bench_verify,main,8,1,cheater,main-0392,1790733884874,1790740693919,1790740698573,1790740717686,1
bench_verify,main,8,1,line-0,main-0393,1790733913666,1790740724634,1790740729591,1790740749951,1
bench_verify,main,8,1,honest,main-0393,1790733954515,1790740757186,1790740761838,1790740782148,1
bench_verify,main,8,1,pressure,main-0393,1790733985193,1790740789290,1790740794481,1790740815819,1
bench_verify,main,8,1,cheater,main-0393,1790734029143,1790740823411,1790740828520,1790740847620,1
bench_verify,main,8,1,line-0,main-0394,1790734057940,1790740854556,1790740859171,1790740879676,1
bench_verify,main,8,1,honest,main-0394,1790734090621,1790740886814,1790740891644,1790740912254,1
bench_verify,main,8,1,pressure,main-0394,1790734134132,1790740920209,1790740924998,1790740945566,1
bench_verify,main,8,1,cheater,main-0394,1790734174143,1790740953050,1790740958269,1790740978004,1
bench_verify,main,8,1,line-0,main-0395,1790734205040,1790740985637,1790740990354,1790741009481,1
bench_verify,main,8,1,honest,main-0395,1790734242201,1790741017597,1790741022243,1790741043596,1
bench_verify,main,8,1,pressure,main-0395,1790734278340,1790741051222,1790741055917,1790741077578,1
bench_verify,main,8,1,cheater,main-0395,1790734317905,1790741085181,1790741089925,1790741109123,1
bench_verify,main,8,1,line-0,main-0396,1790734347333,1790741117032,1790741121949,1790741141918,1
bench_verify,main,8,1,honest,main-0396,1790734385090,1790741149468,1790741154351,1790741175417,1
bench_verify,main,8,1,pressure,main-0396,1790734416290,1790741183427,1790741188133,1790741208214,1
bench_verify,main,8,1,cheater,main-0396,1790734452993,1790741215763,1790741220498,1790741239722,1
bench_verify,main,8,1,line-0,main-0397,1790734483672,1790741247718,1790741252881,1790741273485,1
bench_verify,main,8,1,honest,main-0397,1790734522292,1790741281091,1790741285448,1790741305873,1
bench_verify,main,8,1,pressure,main-0397,1790734558674,1790741313949,1790741319110,1790741338304,1
bench_verify,main,8,1,cheater,main-0397,1790734597413,1790741345142,1790741350283,1790741370811,1
bench_verify,main,8,1,line-0,main-0398,1790734626964,1790741378855,1790741383899,1790741404078,1
bench_verify,main,8,1,honest,main-0398,1790734662801,1790741411707,1790741416331,1790741435482,1
bench_verify,main,8,1,pressure,main-0398,1790734694149,1790741444429,1790741449160,1790741468215,1
bench_verify,main,8,1,cheater,main-0398,1790734730850,1790741476148,1790741480985,1790741500944,1
bench_verify,main,8,1,line-0,main-0400,1790734761647,1790741507872,1790741512972,1790741533336,1
bench_verify,main,8,1,honest,main-0400,1790734794074,1790741542239,1790741546928,1790741566069,1
bench_verify,main,8,1,pressure,main-0400,1790734829428,1790741574057,1790741578850,1790741600780,1
bench_verify,main,8,1,cheater,main-0400,1790734863379,1790741609663,1790741614795,1790741635076,1
bench_verify,main,8,1,line-0,main-0401,1790734894390,1790741642742,1790741647785,1790741667029,1
bench_verify,main,8,1,honest,main-0401,1790734931787,1790741675039,1790741679818,1790741699902,1
bench_verify,main,8,1,pressure,main-0401,1790734969906,1790741707532,1790741712652,1790741732723,1
bench_verify,main,8,1,cheater,main-0401,1790735007760,1790741740296,1790741745426,1790741764721,1
bench_verify,main,8,1,line-0,main-0402,1790735038619,1790741772673,1790741777814,1790741797538,1
bench_verify,main,8,1,honest,main-0402,1790735069717,1790741805501,1790741810293,1790741830088,1
bench_verify,main,8,1,pressure,main-0402,1790735105449,1790741837667,1790741842826,1790741862516,1
bench_verify,main,8,1,cheater,main-0402,1790735141094,1790741870050,1790741874854,1790741895025,1
bench_verify,main,8,1,line-0,main-0323,1790735170637,1790741902566,1790741907666,1790741928708,1
bench_verify,main,8,1,honest,main-0323,1790735211350,1790741936799,1790741941605,1790741961303,1
bench_verify,main,8,1,pressure,main-0323,1790735258072,1790741969035,1790741974195,1790741993409,1
bench_verify,main,8,1,cheater,main-0323,1790735314874,1790742000660,1790742005805,1790742026524,1
bench_verify,main,8,1,line-0,main-0324,1790735344062,1790742034554,1790742039321,1790742061015,1
bench_verify,main,8,1,honest,main-0324,1790735381611,1790742068652,1790742073699,1790742093156,1
bench_verify,main,8,1,pressure,main-0324,1790735431233,1790742101051,1790742105947,1790742125992,1
bench_verify,main,8,1,cheater,main-0324,1790735475819,1790742134078,1790742138718,1790742158780,1
bench_verify,main,8,1,line-0,main-0329,1790735505426,1790742165663,1790742170732,1790742192095,1
bench_verify,main,8,1,honest,main-0329,1790735561754,1790742199821,1790742204808,1790742225830,1
bench_verify,main,8,1,pressure,main-0329,1790735652971,1790742233490,1790742238585,1790742258704,1
bench_verify,main,8,1,cheater,main-0329,1790735723629,1790742266265,1790742271396,1790742291057,1
bench_verify,main,8,1,line-0,main-0334,1790735752300,1790742298657,1790742303402,1790742323706,1
bench_verify,main,8,1,honest,main-0334,1790735794994,1790742331334,1790742336400,1790742356110,1
bench_verify,main,8,1,pressure,main-0334,1790735839286,1790742363782,1790742368475,1790742389061,1
bench_verify,main,8,1,cheater,main-0334,1790735889113,1790742396687,1790742401382,1790742421492,1
bench_verify,main,8,1,line-0,main-0346,1790735919347,1790742429076,1790742434248,1790742454361,1
bench_verify,main,8,1,honest,main-0346,1790735957455,1790742461904,1790742467093,1790742486819,1
bench_verify,main,8,1,pressure,main-0346,1790736011966,1790742494461,1790742499269,1790742519710,1
bench_verify,main,8,1,cheater,main-0346,1790736066193,1790742527264,1790742532445,1790742551688,1
bench_attempt,main,9,1,line-0,main-0403,1790742612162,1790742636032,1790742642700,1790742655979,1
bench_attempt,main,9,1,honest,main-0403,1790742612260,1790742663631,1790742671169,1790742709794,1
bench_attempt,main,9,1,pressure,main-0403,1790742612356,1790742718864,1790742726886,1790742741494,1
bench_attempt,main,9,1,cheater,main-0403,1790742612453,1790742748820,1790742756395,1790742777532,1
bench_attempt,main,9,1,line-0,main-0404,1790742612548,1790742785679,1790742793660,1790742807075,1
bench_attempt,main,9,1,honest,main-0404,1790742612680,1790742815664,1790742823137,1790742848719,1
bench_attempt,main,9,1,pressure,main-0404,1790742612774,1790742856930,1790742864881,1790742898576,1
bench_attempt,main,9,1,cheater,main-0404,1790742612870,1790742907075,1790742915052,1790742948748,1
bench_attempt,main,9,1,line-0,main-0405,1790742612966,1790742958417,1790742966297,1790742979743,1
bench_attempt,main,9,1,honest,main-0405,1790742613062,1790742988344,1790742995808,1790743050487,1
bench_attempt,main,9,1,pressure,main-0405,1790742613160,1790743057849,1790743065389,1790743097916,1
bench_attempt,main,9,1,cheater,main-0405,1790742613255,1790743106831,1790743114385,1790743160516,1
bench_attempt,main,9,1,line-0,main-0406,1790742613390,1790743168507,1790743176253,1790743192517,1
bench_attempt,main,9,1,honest,main-0406,1790742613486,1790743199991,1790743207281,1790743241279,1
bench_attempt,main,9,1,pressure,main-0406,1790742613581,1790743249330,1790743256915,1790743286424,1
bench_attempt,main,9,1,cheater,main-0406,1790742613679,1790743294967,1790743302875,1790743331042,1
bench_attempt,main,9,1,line-0,main-0407,1790742613775,1790743338302,1790743346232,1790743359171,1
bench_attempt,main,9,1,honest,main-0407,1790742613872,1790743367712,1790743375266,1790743404132,1
bench_attempt,main,9,1,pressure,main-0407,1790742613969,1790743411691,1790743419383,1790743465613,1
bench_attempt,main,9,1,cheater,main-0407,1790742614103,1790743472530,1790743480079,1790743524781,1
bench_attempt,main,9,1,line-0,main-0408,1790742614196,1790743531697,1790743539270,1790743553450,1
bench_attempt,main,9,1,honest,main-0408,1790742614291,1790743563818,1790743571513,1790743597350,1
bench_attempt,main,9,1,pressure,main-0408,1790742614386,1790743604696,1790743612624,1790743633739,1
bench_attempt,main,9,1,cheater,main-0408,1790742614482,1790743641208,1790743649191,1790743672140,1
bench_attempt,main,9,1,line-0,main-0409,1790742614578,1790743679921,1790743687954,1790743701371,1
bench_attempt,main,9,1,honest,main-0409,1790742614674,1790743710138,1790743717677,1790743735389,1
bench_attempt,main,9,1,pressure,main-0409,1790742614808,1790743744358,1790743751956,1790743768088,1
bench_attempt,main,9,1,cheater,main-0409,1790742614903,1790743776839,1790743784225,1790743805572,1
bench_attempt,main,9,1,line-0,main-0410,1790742614999,1790743813930,1790743821800,1790743835032,1
bench_attempt,main,9,1,honest,main-0410,1790742615095,1790743843671,1790743851276,1790743893679,1
bench_attempt,main,9,1,pressure,main-0410,1790742615193,1790743901494,1790743909302,1790743937346,1
bench_attempt,main,9,1,cheater,main-0410,1790742615290,1790743946066,1790743953366,1790743989244,1
bench_attempt,main,9,1,line-0,main-0411,1790742615423,1790743997823,1790744005448,1790744020316,1
bench_attempt,main,9,1,honest,main-0411,1790742615519,1790744030222,1790744037629,1790744077937,1
bench_attempt,main,9,1,pressure,main-0411,1790742615615,1790744085372,1790744093411,1790744129847,1
bench_attempt,main,9,1,cheater,main-0411,1790742615712,1790744137297,1790744145074,1790744167713,1
bench_attempt,main,9,1,line-0,main-0412,1790742615808,1790744176330,1790744184343,1790744198618,1
bench_attempt,main,9,1,honest,main-0412,1790742615905,1790744207535,1790744215119,1790744251380,1
bench_attempt,main,9,1,pressure,main-0412,1790742616041,1790744260095,1790744267615,1790744315560,1
bench_attempt,main,9,1,cheater,main-0412,1790742616138,1790744324320,1790744331825,1790744374062,1
bench_attempt,main,9,1,line-0,main-0413,1790742616233,1790744381473,1790744389132,1790744403997,1
bench_attempt,main,9,1,honest,main-0413,1790742616330,1790744412768,1790744420211,1790744436695,1
bench_attempt,main,9,1,pressure,main-0413,1790742616426,1790744445380,1790744452866,1790744471145,1
bench_attempt,main,9,1,cheater,main-0413,1790742616523,1790744478576,1790744486100,1790744508072,1
bench_attempt,main,9,1,line-0,main-0414,1790742616656,1790744515579,1790744523369,1790744537911,1
bench_attempt,main,9,1,honest,main-0414,1790742616750,1790744546941,1790744554410,1790744575649,1
bench_attempt,main,9,1,pressure,main-0414,1790742616846,1790744582940,1790744590596,1790744613946,1
bench_attempt,main,9,1,cheater,main-0414,1790742616942,1790744621441,1790744629437,1790744654216,1
bench_attempt,main,9,1,line-0,main-0415,1790742617039,1790744663308,1790744671360,1790744686004,1
bench_attempt,main,9,1,honest,main-0415,1790742617135,1790744696201,1790744703876,1790744737546,1
bench_attempt,main,9,1,pressure,main-0415,1790742617271,1790744745740,1790744753250,1790744781598,1
bench_attempt,main,9,1,cheater,main-0415,1790742617369,1790744788621,1790744796632,1790744822935,1
bench_attempt,main,9,1,line-0,main-0416,1790742617464,1790744830463,1790744838369,1790744853752,1
bench_attempt,main,9,1,honest,main-0416,1790742617559,1790744861222,1790744868686,1790744889480,1
bench_attempt,main,9,1,pressure,main-0416,1790742617655,1790744897707,1790744905347,1790744921511,1
bench_attempt,main,9,1,cheater,main-0416,1790742617749,1790744929120,1790744936895,1790744956595,1
bench_attempt,main,9,1,line-0,main-0417,1790742617882,1790744963751,1790744971546,1790744986224,1
bench_attempt,main,9,1,honest,main-0417,1790742617975,1790744993669,1790745001539,1790745024404,1
bench_attempt,main,9,1,pressure,main-0417,1790742618069,1790745032869,1790745040178,1790745061795,1
bench_attempt,main,9,1,cheater,main-0417,1790742618163,1790745069364,1790745076757,1790745098927,1
bench_attempt,main,9,1,line-0,main-0418,1790742618258,1790745106346,1790745114347,1790745128816,1
bench_attempt,main,9,1,honest,main-0418,1790742618354,1790745136210,1790745143779,1790745164299,1
bench_attempt,main,9,1,pressure,main-0418,1790742618486,1790745172863,1790745180528,1790745197222,1
bench_attempt,main,9,1,cheater,main-0418,1790742618580,1790745204627,1790745212140,1790745233925,1
bench_attempt,main,9,1,line-0,main-0419,1790742618677,1790745243086,1790745251240,1790745264672,1
bench_attempt,main,9,1,honest,main-0419,1790742618779,1790745273889,1790745281235,1790745298976,1
bench_attempt,main,9,1,pressure,main-0419,1790742618880,1790745307963,1790745315697,1790745331902,1
bench_attempt,main,9,1,cheater,main-0419,1790742618979,1790745340735,1790745348189,1790745370632,1
bench_attempt,main,9,1,line-0,main-0420,1790742619111,1790745379278,1790745387632,1790745400557,1
bench_attempt,main,9,1,honest,main-0420,1790742619205,1790745409353,1790745416819,1790745434376,1
bench_attempt,main,9,1,pressure,main-0420,1790742619299,1790745443068,1790745450565,1790745471539,1
bench_attempt,main,9,1,cheater,main-0420,1790742619394,1790745479763,1790745487259,1790745508485,1
bench_attempt,main,9,1,line-0,main-0421,1790742619489,1790745517014,1790745525104,1790745538964,1
bench_attempt,main,9,1,honest,main-0421,1790742619582,1790745547666,1790745555209,1790745571966,1
bench_attempt,main,9,1,pressure,main-0421,1790742619712,1790745580937,1790745588677,1790745604539,1
bench_attempt,main,9,1,cheater,main-0421,1790742619806,1790745613711,1790745621197,1790745646145,1
bench_attempt,main,9,1,line-0,main-0422,1790742619900,1790745654537,1790745662398,1790745675771,1
bench_attempt,main,9,1,honest,main-0422,1790742619995,1790745684547,1790745692056,1790745715603,1
bench_attempt,main,9,1,pressure,main-0422,1790742620091,1790745723136,1790745730753,1790745751568,1
bench_attempt,main,9,1,cheater,main-0422,1790742620186,1790745760319,1790745767882,1790745789875,1
bench_attempt,main,9,1,line-0,main-0423,1790742620318,1790745797670,1790745805792,1790745819438,1
bench_attempt,main,9,1,honest,main-0423,1790742620412,1790745828299,1790745836074,1790745882435,1
bench_attempt,main,9,1,pressure,main-0423,1790742620507,1790745889971,1790745897596,1790745931546,1
bench_attempt,main,9,1,cheater,main-0423,1790742620603,1790745939052,1790745947051,1790745973025,1
bench_attempt,main,9,1,line-0,main-0425,1790742620698,1790745980718,1790745988573,1790746003498,1
bench_attempt,main,9,1,honest,main-0425,1790742620794,1790746011091,1790746019049,1790746037844,1
bench_attempt,main,9,1,pressure,main-0425,1790742620928,1790746046963,1790746054603,1790746071175,1
bench_attempt,main,9,1,cheater,main-0425,1790742621021,1790746079920,1790746087488,1790746108582,1
bench_attempt,main,9,1,line-0,main-0426,1790742621116,1790746116664,1790746124433,1790746138867,1
bench_attempt,main,9,1,honest,main-0426,1790742621212,1790746146606,1790746154353,1790746176238,1
bench_attempt,main,9,1,pressure,main-0426,1790742621309,1790746184036,1790746192172,1790746210821,1
bench_attempt,main,9,1,cheater,main-0426,1790742621404,1790746219619,1790746227929,1790746248921,1
bench_attempt,main,9,1,line-0,main-0427,1790742621536,1790746256888,1790746264765,1790746278228,1
bench_attempt,main,9,1,honest,main-0427,1790742621629,1790746287039,1790746294460,1790746316765,1
bench_attempt,main,9,1,pressure,main-0427,1790742621724,1790746325713,1790746333841,1790746355223,1
bench_attempt,main,9,1,cheater,main-0427,1790742621818,1790746364056,1790746371905,1790746396472,1
bench_attempt,main,9,1,line-0,main-0428,1790742621914,1790746404479,1790746412342,1790746425408,1
bench_attempt,main,9,1,honest,main-0428,1790742622009,1790746434296,1790746442109,1790746465880,1
bench_attempt,main,9,1,pressure,main-0428,1790742622142,1790746473499,1790746481705,1790746496909,1
bench_attempt,main,9,1,cheater,main-0428,1790742622236,1790746504162,1790746512063,1790746534326,1
bench_attempt,main,9,1,line-0,main-0429,1790742622330,1790746542045,1790746550173,1790746564897,1
bench_attempt,main,9,1,honest,main-0429,1790742622425,1790746572390,1790746579879,1790746626981,1
bench_attempt,main,9,1,pressure,main-0429,1790742622522,1790746634715,1790746642905,1790746686888,1
bench_attempt,main,9,1,cheater,main-0429,1790742622617,1790746694628,1790746702342,1790746742265,1
bench_attempt,main,9,1,line-0,main-0431,1790742622750,1790746749952,1790746758098,1790746771843,1
bench_attempt,main,9,1,honest,main-0431,1790742622843,1790746780732,1790746788599,1790746809726,1
bench_attempt,main,9,1,pressure,main-0431,1790742622938,1790746818089,1790746826028,1790746841287,1
bench_attempt,main,9,1,cheater,main-0431,1790742623034,1790746848475,1790746856329,1790746877124,1
bench_attempt,main,9,1,line-0,main-0432,1790742623130,1790746885604,1790746893737,1790746907398,1
bench_attempt,main,9,1,honest,main-0432,1790742623225,1790746916250,1790746924011,1790746941975,1
bench_attempt,main,9,1,pressure,main-0432,1790742623358,1790746950971,1790746958633,1790746983833,1
bench_attempt,main,9,1,cheater,main-0432,1790742623451,1790746991464,1790746999307,1790747020653,1
bench_attempt,main,9,1,line-0,main-0433,1790742623545,1790747030726,1790747038919,1790747052664,1
bench_attempt,main,9,1,honest,main-0433,1790742623639,1790747061436,1790747069228,1790747091219,1
bench_attempt,main,9,1,pressure,main-0433,1790742623733,1790747100464,1790747108641,1790747128507,1
bench_attempt,main,9,1,cheater,main-0433,1790742623828,1790747137073,1790747145206,1790747166878,1
bench_attempt,main,9,1,line-0,main-0434,1790742623959,1790747174591,1790747182723,1790747196257,1
bench_attempt,main,9,1,honest,main-0434,1790742624052,1790747205027,1790747212934,1790747242775,1
bench_attempt,main,9,1,pressure,main-0434,1790742624147,1790747250379,1790747258259,1790747275160,1
bench_attempt,main,9,1,cheater,main-0434,1790742624243,1790747284185,1790747291857,1790747315591,1
bench_attempt,main,9,1,line-0,main-0435,1790742624340,1790747324453,1790747332373,1790747347375,1
bench_attempt,main,9,1,honest,main-0435,1790742624436,1790747354973,1790747362860,1790747385034,1
bench_attempt,main,9,1,pressure,main-0435,1790742624569,1790747392744,1790747400987,1790747420896,1
bench_attempt,main,9,1,cheater,main-0435,1790742624662,1790747428537,1790747436722,1790747458743,1
bench_attempt,main,9,1,line-0,main-0436,1790742624756,1790747468612,1790747476284,1790747490952,1
bench_attempt,main,9,1,honest,main-0436,1790742624849,1790747498661,1790747506887,1790747530171,1
bench_attempt,main,9,1,pressure,main-0436,1790742624944,1790747538194,1790747545733,1790747563408,1
bench_attempt,main,9,1,cheater,main-0436,1790742625039,1790747572255,1790747580133,1790747601175,1
bench_attempt,main,9,1,line-0,main-0437,1790742625169,1790747609697,1790747617965,1790747631720,1
bench_attempt,main,9,1,honest,main-0437,1790742625263,1790747640620,1790747648630,1790747673912,1
bench_attempt,main,9,1,pressure,main-0437,1790742625357,1790747681867,1790747689895,1790747711148,1
bench_attempt,main,9,1,cheater,main-0437,1790742625451,1790747720817,1790747729093,1790747752915,1
bench_attempt,main,9,1,line-0,main-0438,1790742625550,1790747760627,1790747768796,1790747782657,1
bench_attempt,main,9,1,honest,main-0438,1790742625645,1790747791549,1790747799413,1790747817795,1
bench_attempt,main,9,1,pressure,main-0438,1790742625777,1790747825511,1790747833311,1790747854104,1
bench_attempt,main,9,1,cheater,main-0438,1790742625871,1790747862548,1790747870829,1790747890525,1
bench_attempt,main,9,1,line-0,main-0439,1790742625967,1790747898974,1790747907169,1790747920605,1
bench_attempt,main,9,1,honest,main-0439,1790742626061,1790747929433,1790747936955,1790747961204,1
bench_attempt,main,9,1,pressure,main-0439,1790742626156,1790747970006,1790747977941,1790747994683,1
bench_attempt,main,9,1,cheater,main-0439,1790742626257,1790748003585,1790748011457,1790748033915,1
bench_attempt,main,9,1,line-0,main-0440,1790742626386,1790748042889,1790748050701,1790748065325,1
bench_attempt,main,9,1,honest,main-0440,1790742626479,1790748072947,1790748080906,1790748099696,1
bench_attempt,main,9,1,pressure,main-0440,1790742626573,1790748108640,1790748116591,1790748133813,1
bench_attempt,main,9,1,cheater,main-0440,1790742626667,1790748142998,1790748150596,1790748174109,1
bench_attempt,main,9,1,line-0,main-0441,1790742626761,1790748181980,1790748190009,1790748203398,1
bench_attempt,main,9,1,honest,main-0441,1790742626856,1790748212319,1790748220138,1790748236867,1
bench_attempt,main,9,1,pressure,main-0441,1790742626986,1790748245655,1790748253241,1790748273613,1
bench_attempt,main,9,1,cheater,main-0441,1790742627080,1790748282508,1790748290837,1790748311650,1
bench_attempt,main,9,1,line-0,main-0443,1790742627174,1790748319426,1790748327642,1790748341472,1
bench_attempt,main,9,1,honest,main-0443,1790742627268,1790748350363,1790748358308,1790748375088,1
bench_attempt,main,9,1,pressure,main-0443,1790742627362,1790748383957,1790748392009,1790748408366,1
bench_attempt,main,9,1,cheater,main-0443,1790742627457,1790748417230,1790748425169,1790748446073,1
bench_attempt,main,9,1,line-0,main-0444,1790742627588,1790748455100,1790748463107,1790748478276,1
bench_attempt,main,9,1,honest,main-0444,1790742627681,1790748487497,1790748495576,1790748512754,1
bench_attempt,main,9,1,pressure,main-0444,1790742627775,1790748521933,1790748529579,1790748546280,1
bench_attempt,main,9,1,cheater,main-0444,1790742627869,1790748555259,1790748563122,1790748583559,1
bench_attempt,main,9,1,line-0,main-0446,1790742627964,1790748592108,1790748599971,1790748615754,1
bench_attempt,main,9,1,honest,main-0446,1790742628059,1790748624646,1790748632577,1790748659871,1
bench_attempt,main,9,1,pressure,main-0446,1790742628189,1790748667183,1790748675135,1790748703005,1
bench_attempt,main,9,1,cheater,main-0446,1790742628283,1790748710707,1790748718923,1790748740989,1
bench_attempt,main,9,1,line-0,main-0447,1790742628379,1790748749349,1790748757419,1790748773349,1
bench_attempt,main,9,1,honest,main-0447,1790742628472,1790748782183,1790748790177,1790748807710,1
bench_attempt,main,9,1,pressure,main-0447,1790742628568,1790748816700,1790748824599,1790748845799,1
bench_attempt,main,9,1,cheater,main-0447,1790742628662,1790748855525,1790748863835,1790748886045,1
bench_attempt,main,9,1,line-0,main-0448,1790742628794,1790748895306,1790748903363,1790748916696,1
bench_attempt,main,9,1,honest,main-0448,1790742628888,1790748925632,1790748933569,1790748954907,1
bench_attempt,main,9,1,pressure,main-0448,1790742628983,1790748964945,1790748973102,1790748994752,1
bench_attempt,main,9,1,cheater,main-0448,1790742629078,1790749003439,1790749011591,1790749033303,1
bench_attempt,main,9,1,line-0,main-0449,1790742629178,1790749042019,1790749050196,1790749064032,1
bench_attempt,main,9,1,honest,main-0449,1790742629276,1790749073025,1790749080895,1790749104322,1
bench_attempt,main,9,1,pressure,main-0449,1790742629409,1790749114174,1790749122408,1790749143194,1
bench_attempt,main,9,1,cheater,main-0449,1790742629502,1790749150808,1790749158898,1790749178552,1
bench_attempt,main,9,1,line-0,main-0450,1790742629598,1790749187102,1790749195101,1790749209475,1
bench_attempt,main,9,1,honest,main-0450,1790742629692,1790749218333,1790749226379,1790749249124,1
bench_attempt,main,9,1,pressure,main-0450,1790742629787,1790749257567,1790749265615,1790749282697,1
bench_attempt,main,9,1,cheater,main-0450,1790742629884,1790749290380,1790749298399,1790749321149,1
bench_attempt,main,9,1,line-0,main-0451,1790742630015,1790749329862,1790749337743,1790749352950,1
bench_attempt,main,9,1,honest,main-0451,1790742630110,1790749361999,1790749369863,1790749386764,1
bench_attempt,main,9,1,pressure,main-0451,1790742630205,1790749395947,1790749403698,1790749420553,1
bench_attempt,main,9,1,cheater,main-0451,1790742630300,1790749430335,1790749438348,1790749460784,1
bench_attempt,main,9,1,line-0,main-0363,1790742630395,1790749470116,1790749478145,1790749493213,1
bench_attempt,main,9,1,honest,main-0363,1790742630492,1790749500958,1790749508919,1790749553058,1
bench_attempt,main,9,1,pressure,main-0363,1790742630625,1790749560798,1790749569142,1790749625852,1
bench_attempt,main,9,1,cheater,main-0363,1790742630719,1790749632766,1790749640652,1790749698303,1
bench_attempt,main,9,1,line-0,main-0364,1790742630814,1790749705945,1790749714087,1790749729894,1
bench_attempt,main,9,1,honest,main-0364,1790742630908,1790749737503,1790749744987,1790749814311,1
bench_attempt,main,9,1,pressure,main-0364,1790742631002,1790749821967,1790749829870,1790749904596,1
bench_attempt,main,9,1,cheater,main-0364,1790742631098,1790749912401,1790749920568,1790749979324,1
bench_attempt,main,9,1,line-0,main-0399,1790742631238,1790749987032,1790749995366,1790750010223,1
bench_attempt,main,9,1,honest,main-0399,1790742631333,1790750017871,1790750026066,1790750057442,1
bench_attempt,main,9,1,pressure,main-0399,1790742631427,1790750064866,1790750073029,1790750091137,1
bench_attempt,main,9,1,cheater,main-0399,1790742631522,1790750099648,1790750107359,1790750141755,1
bench_attempt,main,9,1,line-0,main-0424,1790742631616,1790750150424,1790750158381,1790750172966,1
bench_attempt,main,9,1,honest,main-0424,1790742631711,1790750180648,1790750188954,1790750214646,1
bench_attempt,main,9,1,pressure,main-0424,1790742631842,1790750223556,1790750231906,1790750297441,1
bench_attempt,main,9,1,cheater,main-0424,1790742631937,1790750306426,1790750314471,1790750352743,1
bench_attempt,main,9,1,line-0,main-0430,1790742632031,1790750360781,1790750368775,1790750384202,1
bench_attempt,main,9,1,honest,main-0430,1790742632125,1790750393433,1790750401046,1790750427116,1
bench_attempt,main,9,1,pressure,main-0430,1790742632221,1790750436152,1790750444146,1790750474056,1
bench_attempt,main,9,1,cheater,main-0430,1790742632316,1790750483114,1790750490864,1790750533562,1
bench_verify,main,9,1,line-0,main-0403,1790742666460,1790750542594,1790750550793,1790750570667,1
bench_verify,main,9,1,honest,main-0403,1790742721655,1790750578951,1790750584672,1790750603824,1
bench_verify,main,9,1,pressure,main-0403,1790742751741,1790750612841,1790750618448,1790750638347,1
bench_verify,main,9,1,cheater,main-0403,1790742788573,1790750646517,1790750652112,1790750672252,1
bench_verify,main,9,1,line-0,main-0404,1790742818545,1790750680449,1790750686115,1790750706631,1
bench_verify,main,9,1,honest,main-0404,1790742859858,1790750714761,1790750720241,1790750741262,1
bench_verify,main,9,1,pressure,main-0404,1790742910114,1790750749553,1790750755462,1790750775215,1
bench_verify,main,9,1,cheater,main-0404,1790742961231,1790750783677,1790750789628,1790750808727,1
bench_verify,main,9,1,line-0,main-0405,1790742991092,1790750817803,1790750823468,1790750842469,1
bench_verify,main,9,1,honest,main-0405,1790743060719,1790750851406,1790750856658,1790750877791,1
bench_verify,main,9,1,pressure,main-0405,1790743109740,1790750887161,1790750893033,1790750912111,1
bench_verify,main,9,1,cheater,main-0405,1790743171377,1790750921141,1790750926915,1790750945822,1
bench_verify,main,9,1,line-0,main-0406,1790743202795,1790750954789,1790750960470,1790750980354,1
bench_verify,main,9,1,honest,main-0406,1790743252130,1790750988737,1790750994235,1790751014936,1
bench_verify,main,9,1,pressure,main-0406,1790743297942,1790751023105,1790751028963,1790751049773,1
bench_verify,main,9,1,cheater,main-0406,1790743341287,1790751058064,1790751063682,1790751083078,1
bench_verify,main,9,1,line-0,main-0407,1790743370601,1790751091635,1790751097287,1790751116355,1
bench_verify,main,9,1,honest,main-0407,1790743414666,1790751125449,1790751130999,1790751150320,1
bench_verify,main,9,1,pressure,main-0407,1790743475445,1790751159350,1790751165143,1790751184976,1
bench_verify,main,9,1,cheater,main-0407,1790743534656,1790751193215,1790751198951,1790751218667,1
bench_verify,main,9,1,line-0,main-0408,1790743566772,1790751227190,1790751233042,1790751253993,1
bench_verify,main,9,1,honest,main-0408,1790743607583,1790751262258,1790751267895,1790751287650,1
bench_verify,main,9,1,pressure,main-0408,1790743644117,1790751295949,1790751301646,1790751321917,1
bench_verify,main,9,1,cheater,main-0408,1790743682817,1790751330071,1790751335893,1790751354833,1
bench_verify,main,9,1,line-0,main-0409,1790743713043,1790751364035,1790751369606,1790751389529,1
bench_verify,main,9,1,honest,main-0409,1790743747262,1790751398076,1790751403539,1790751424644,1
bench_verify,main,9,1,pressure,main-0409,1790743779650,1790751433038,1790751438570,1790751457513,1
bench_verify,main,9,1,cheater,main-0409,1790743816893,1790751466562,1790751472441,1790751493123,1
bench_verify,main,9,1,line-0,main-0410,1790743846570,1790751501764,1790751507454,1790751527288,1
bench_verify,main,9,1,honest,main-0410,1790743904292,1790751535574,1790751541290,1790751561174,1
bench_verify,main,9,1,pressure,main-0410,1790743948854,1790751569584,1790751575023,1790751596106,1
bench_verify,main,9,1,cheater,main-0410,1790744000799,1790751605345,1790751611246,1790751630628,1
bench_verify,main,9,1,line-0,main-0411,1790744033083,1790751639739,1790751645784,1790751666113,1
bench_verify,main,9,1,honest,main-0411,1790744088251,1790751674993,1790751680703,1790751700098,1
bench_verify,main,9,1,pressure,main-0411,1790744140235,1790751709069,1790751714786,1790751734603,1
bench_verify,main,9,1,cheater,main-0411,1790744179286,1790751742798,1790751748505,1790751769402,1
bench_verify,main,9,1,line-0,main-0412,1790744210569,1790751778065,1790751783867,1790751803718,1
bench_verify,main,9,1,honest,main-0412,1790744262928,1790751812209,1790751818035,1790751837069,1
bench_verify,main,9,1,pressure,main-0412,1790744327282,1790751846361,1790751852158,1790751871974,1
bench_verify,main,9,1,cheater,main-0412,1790744384364,1790751880254,1790751885884,1790751905395,1
bench_verify,main,9,1,line-0,main-0413,1790744415679,1790751914364,1790751920076,1790751939594,1
bench_verify,main,9,1,honest,main-0413,1790744448231,1790751948619,1790751954341,1790751974255,1
bench_verify,main,9,1,pressure,main-0413,1790744481581,1790751982635,1790751988237,1790752008544,1
bench_verify,main,9,1,cheater,main-0413,1790744518588,1790752017120,1790752022881,1790752043616,1
bench_verify,main,9,1,line-0,main-0414,1790744549765,1790752051964,1790752057646,1790752077133,1
bench_verify,main,9,1,honest,main-0414,1790744586011,1790752086158,1790752091913,1790752112238,1
bench_verify,main,9,1,pressure,main-0414,1790744624310,1790752120476,1790752126094,1790752146447,1
bench_verify,main,9,1,cheater,main-0414,1790744666238,1790752155196,1790752160674,1790752180171,1
bench_verify,main,9,1,line-0,main-0415,1790744699096,1790752189349,1790752195314,1790752215212,1
bench_verify,main,9,1,honest,main-0415,1790744748645,1790752223723,1790752229611,1790752249567,1
bench_verify,main,9,1,pressure,main-0415,1790744791568,1790752258137,1790752263883,1790752284323,1
bench_verify,main,9,1,cheater,main-0415,1790744833330,1790752292571,1790752298351,1790752318286,1
bench_verify,main,9,1,line-0,main-0416,1790744864155,1790752326450,1790752332345,1790752352505,1
bench_verify,main,9,1,honest,main-0416,1790744900714,1790752360971,1790752366839,1790752385918,1
bench_verify,main,9,1,pressure,main-0416,1790744931992,1790752395068,1790752400739,1790752420711,1
bench_verify,main,9,1,cheater,main-0416,1790744966633,1790752428938,1790752434667,1790752455572,1
bench_verify,main,9,1,line-0,main-0417,1790744996552,1790752463897,1790752469609,1790752489438,1
bench_verify,main,9,1,honest,main-0417,1790745035743,1790752498017,1790752503826,1790752523716,1
bench_verify,main,9,1,pressure,main-0417,1790745072288,1790752532404,1790752538107,1790752558011,1
bench_verify,main,9,1,cheater,main-0417,1790745109157,1790752566931,1790752572767,1790752592934,1
bench_verify,main,9,1,line-0,main-0418,1790745139142,1790752601418,1790752607305,1790752626639,1
bench_verify,main,9,1,honest,main-0418,1790745175794,1790752635395,1790752641049,1790752661437,1
bench_verify,main,9,1,pressure,main-0418,1790745207502,1790752669726,1790752675483,1790752695387,1
bench_verify,main,9,1,cheater,main-0418,1790745246038,1790752703894,1790752709760,1790752729606,1
bench_verify,main,9,1,line-0,main-0419,1790745276713,1790752738136,1790752744020,1790752763920,1
bench_verify,main,9,1,honest,main-0419,1790745310973,1790752772249,1790752777865,1790752797323,1
bench_verify,main,9,1,pressure,main-0419,1790745343600,1790752806468,1790752812209,1790752833105,1
bench_verify,main,9,1,cheater,main-0419,1790745382178,1790752841548,1790752847182,1790752867123,1
bench_verify,main,9,1,line-0,main-0420,1790745412264,1790752875587,1790752881219,1790752900331,1
bench_verify,main,9,1,honest,main-0420,1790745445997,1790752909388,1790752914983,1790752934894,1
bench_verify,main,9,1,pressure,main-0420,1790745482716,1790752943124,1790752948561,1790752968468,1
bench_verify,main,9,1,cheater,main-0420,1790745519992,1790752976581,1790752982102,1790753005174,1
bench_verify,main,9,1,line-0,main-0421,1790745550560,1790753014367,1790753020554,1790753040961,1
bench_verify,main,9,1,honest,main-0421,1790745583865,1790753049242,1790753055013,1790753075964,1
bench_verify,main,9,1,pressure,main-0421,1790745616690,1790753084293,1790753089845,1790753109783,1
bench_verify,main,9,1,cheater,main-0421,1790745657463,1790753118173,1790753123771,1790753143689,1
bench_verify,main,9,1,line-0,main-0422,1790745687487,1790753152053,1790753157660,1790753178606,1
bench_verify,main,9,1,honest,main-0422,1790745726171,1790753187127,1790753192523,1790753213835,1
bench_verify,main,9,1,pressure,main-0422,1790745763223,1790753223412,1790753228773,1790753249885,1
bench_verify,main,9,1,cheater,main-0422,1790745800601,1790753258325,1790753263561,1790753284743,1
bench_verify,main,9,1,line-0,main-0423,1790745831350,1790753293122,1790753298419,1790753319669,1
bench_verify,main,9,1,honest,main-0423,1790745892872,1790753328090,1790753333351,1790753355004,1
bench_verify,main,9,1,pressure,main-0423,1790745942037,1790753363200,1790753368618,1790753390290,1
bench_verify,main,9,1,cheater,main-0423,1790745983720,1790753398834,1790753404422,1790753427165,1
bench_verify,main,9,1,line-0,main-0425,1790746014104,1790753435770,1790753440994,1790753461713,1
bench_verify,main,9,1,honest,main-0425,1790746049957,1790753470658,1790753475698,1790753496713,1
bench_verify,main,9,1,pressure,main-0425,1790746082897,1790753505167,1790753510590,1790753531710,1
bench_verify,main,9,1,cheater,main-0425,1790746119701,1790753540177,1790753545594,1790753567109,1
bench_verify,main,9,1,line-0,main-0426,1790746149660,1790753575284,1790753580526,1790753602013,1
bench_verify,main,9,1,honest,main-0426,1790746187057,1790753610263,1790753615813,1790753637445,1
bench_verify,main,9,1,pressure,main-0426,1790746222632,1790753645891,1790753651382,1790753672921,1
bench_verify,main,9,1,cheater,main-0426,1790746259816,1790753681072,1790753686357,1790753707902,1
bench_verify,main,9,1,line-0,main-0427,1790746290029,1790753716035,1790753721374,1790753743381,1
bench_verify,main,9,1,honest,main-0427,1790746328681,1790753753140,1790753759185,1790753782921,1
bench_verify,main,9,1,pressure,main-0427,1790746367024,1790753791153,1790753796628,1790753821023,1
bench_verify,main,9,1,cheater,main-0427,1790746407432,1790753829214,1790753834828,1790753855667,1
bench_verify,main,9,1,line-0,main-0428,1790746437277,1790753863778,1790753869431,1790753888809,1
bench_verify,main,9,1,honest,main-0428,1790746476537,1790753897851,1790753903507,1790753924589,1
bench_verify,main,9,1,pressure,main-0428,1790746507157,1790753933002,1790753938864,1790753959031,1
bench_verify,main,9,1,cheater,main-0428,1790746545031,1790753967386,1790753973237,1790753992502,1
bench_verify,main,9,1,line-0,main-0429,1790746575350,1790754001677,1790754007479,1790754027018,1
bench_verify,main,9,1,honest,main-0429,1790746637682,1790754036155,1790754041573,1790754063230,1
bench_verify,main,9,1,pressure,main-0429,1790746697666,1790754071482,1790754077146,1790754098163,1
bench_verify,main,9,1,cheater,main-0429,1790746752948,1790754106407,1790754112427,1790754132273,1
bench_verify,main,9,1,line-0,main-0431,1790746783671,1790754140723,1790754146619,1790754166488,1
bench_verify,main,9,1,honest,main-0431,1790746821079,1790754174962,1790754180833,1790754201825,1
bench_verify,main,9,1,pressure,main-0431,1790746851498,1790754210123,1790754215675,1790754236873,1
bench_verify,main,9,1,cheater,main-0431,1790746888587,1790754245249,1790754250748,1790754271900,1
bench_verify,main,9,1,line-0,main-0432,1790746919243,1790754280294,1790754285799,1790754307631,1
bench_verify,main,9,1,honest,main-0432,1790746953977,1790754316238,1790754321916,1790754343909,1
bench_verify,main,9,1,pressure,main-0432,1790746994354,1790754352580,1790754358374,1790754379367,1
bench_verify,main,9,1,cheater,main-0432,1790747033755,1790754387875,1790754393303,1790754414835,1
bench_verify,main,9,1,line-0,main-0433,1790747064439,1790754423073,1790754428949,1790754449899,1
bench_verify,main,9,1,honest,main-0433,1790747103444,1790754458527,1790754464252,1790754486127,1
bench_verify,main,9,1,pressure,main-0433,1790747140077,1790754495952,1790754501514,1790754522581,1
bench_verify,main,9,1,cheater,main-0433,1790747177507,1790754530894,1790754536751,1790754558236,1
bench_verify,main,9,1,line-0,main-0434,1790747208109,1790754566688,1790754572407,1790754594721,1
bench_verify,main,9,1,honest,main-0434,1790747253382,1790754605319,1790754611351,1790754632834,1
bench_verify,main,9,1,pressure,main-0434,1790747287086,1790754641569,1790754647630,1790754670229,1
bench_verify,main,9,1,cheater,main-0434,1790747327494,1790754679386,1790754685623,1790754706444,1
bench_verify,main,9,1,line-0,main-0435,1790747357964,1790754714903,1790754720526,1790754741340,1
bench_verify,main,9,1,honest,main-0435,1790747395711,1790754749675,1790754755293,1790754776707,1
bench_verify,main,9,1,pressure,main-0435,1790747431581,1790754784922,1790754790620,1790754812187,1
bench_verify,main,9,1,cheater,main-0435,1790747471673,1790754821021,1790754827136,1790754848263,1
bench_verify,main,9,1,line-0,main-0436,1790747501769,1790754856697,1790754862496,1790754884591,1
bench_verify,main,9,1,honest,main-0436,1790747541236,1790754893321,1790754898887,1790754920869,1
bench_verify,main,9,1,pressure,main-0436,1790747575257,1790754929486,1790754935137,1790754955491,1
bench_verify,main,9,1,cheater,main-0436,1790747612708,1790754963698,1790754969356,1790754991062,1
bench_verify,main,9,1,line-0,main-0437,1790747643648,1790754999371,1790755005223,1790755027124,1
bench_verify,main,9,1,honest,main-0437,1790747684997,1790755035526,1790755042547,1790755063041,1
bench_verify,main,9,1,pressure,main-0437,1790747723755,1790755071426,1790755077069,1790755098542,1
bench_verify,main,9,1,cheater,main-0437,1790747763604,1790755106769,1790755112679,1790755133739,1
bench_verify,main,9,1,line-0,main-0438,1790747794623,1790755141972,1790755147875,1790755167052,1
bench_verify,main,9,1,honest,main-0438,1790747828427,1790755176052,1790755181636,1790755202630,1
bench_verify,main,9,1,pressure,main-0438,1790747865571,1790755211070,1790755216794,1790755236746,1
bench_verify,main,9,1,cheater,main-0438,1790747902008,1790755245146,1790755250649,1790755270652,1
bench_verify,main,9,1,line-0,main-0439,1790747932398,1790755279155,1790755284875,1790755305261,1
bench_verify,main,9,1,honest,main-0439,1790747973076,1790755313556,1790755319353,1790755341742,1
bench_verify,main,9,1,pressure,main-0439,1790748006638,1790755349839,1790755355560,1790755375675,1
bench_verify,main,9,1,cheater,main-0439,1790748045928,1790755383861,1790755389561,1790755410632,1
bench_verify,main,9,1,line-0,main-0440,1790748075969,1790755418948,1790755424901,1790755445704,1
bench_verify,main,9,1,honest,main-0440,1790748111738,1790755454213,1790755459839,1790755481938,1
bench_verify,main,9,1,pressure,main-0440,1790748145949,1790755490592,1790755496149,1790755518976,1
bench_verify,main,9,1,cheater,main-0440,1790748185045,1790755528566,1790755534276,1790755555226,1
bench_verify,main,9,1,line-0,main-0441,1790748215437,1790755564098,1790755569802,1790755590419,1
bench_verify,main,9,1,honest,main-0441,1790748248639,1790755599424,1790755604970,1790755627006,1
bench_verify,main,9,1,pressure,main-0441,1790748285554,1790755635594,1790755641354,1790755662630,1
bench_verify,main,9,1,cheater,main-0441,1790748322425,1790755671119,1790755677190,1790755697998,1
bench_verify,main,9,1,line-0,main-0443,1790748353377,1790755706500,1790755712414,1790755733323,1
bench_verify,main,9,1,honest,main-0443,1790748386992,1790755741970,1790755748302,1790755769003,1
bench_verify,main,9,1,pressure,main-0443,1790748420153,1790755777641,1790755783593,1790755804909,1
bench_verify,main,9,1,cheater,main-0443,1790748458217,1790755813336,1790755819396,1790755840274,1
bench_verify,main,9,1,line-0,main-0444,1790748490609,1790755848993,1790755854954,1790755876041,1
bench_verify,main,9,1,honest,main-0444,1790748524938,1790755884539,1790755890508,1790755911731,1
bench_verify,main,9,1,pressure,main-0444,1790748558414,1790755920222,1790755926183,1790755947187,1
bench_verify,main,9,1,cheater,main-0444,1790748595135,1790755955695,1790755961721,1790755982572,1
bench_verify,main,9,1,line-0,main-0446,1790748627676,1790755991339,1790755997326,1790756017892,1
bench_verify,main,9,1,honest,main-0446,1790748670213,1790756026305,1790756032424,1790756052942,1
bench_verify,main,9,1,pressure,main-0446,1790748713699,1790756061313,1790756067204,1790756088759,1
bench_verify,main,9,1,cheater,main-0446,1790748752452,1790756097433,1790756103238,1790756124281,1
bench_verify,main,9,1,line-0,main-0447,1790748785284,1790756132785,1790756138848,1790756160321,1
bench_verify,main,9,1,honest,main-0447,1790748819829,1790756168660,1790756174392,1790756196238,1
bench_verify,main,9,1,pressure,main-0447,1790748858524,1790756204697,1790756210656,1790756232134,1
bench_verify,main,9,1,cheater,main-0447,1790748898298,1790756240540,1790756246431,1790756266951,1
bench_verify,main,9,1,line-0,main-0448,1790748928686,1790756275372,1790756281316,1790756302728,1
bench_verify,main,9,1,honest,main-0448,1790748967965,1790756311146,1790756317024,1790756337251,1
bench_verify,main,9,1,pressure,main-0448,1790749006419,1790756346431,1790756352267,1790756374060,1
bench_verify,main,9,1,cheater,main-0448,1790749045144,1790756384230,1790756390259,1790756412844,1
bench_verify,main,9,1,line-0,main-0449,1790749076225,1790756421378,1790756427079,1790756447373,1
bench_verify,main,9,1,honest,main-0449,1790749117198,1790756456382,1790756462593,1790756483551,1
bench_verify,main,9,1,pressure,main-0449,1790749153798,1790756492354,1790756498655,1790756519720,1
bench_verify,main,9,1,cheater,main-0449,1790749190083,1790756528071,1790756533888,1790756555649,1
bench_verify,main,9,1,line-0,main-0450,1790749221387,1790756564082,1790756569548,1790756590995,1
bench_verify,main,9,1,honest,main-0450,1790749260593,1790756599338,1790756604908,1790756627130,1
bench_verify,main,9,1,pressure,main-0450,1790749293341,1790756635300,1790756641048,1790756661182,1
bench_verify,main,9,1,cheater,main-0450,1790749332805,1790756669364,1790756675146,1790756694494,1
bench_verify,main,9,1,line-0,main-0451,1790749365105,1790756703873,1790756709532,1790756731196,1
bench_verify,main,9,1,honest,main-0451,1790749398989,1790756739623,1790756745424,1790756764767,1
bench_verify,main,9,1,pressure,main-0451,1790749433394,1790756773450,1790756779279,1790756800290,1
bench_verify,main,9,1,cheater,main-0451,1790749473171,1790756809875,1790756815620,1790756835560,1
bench_verify,main,9,1,line-0,main-0363,1790749504009,1790756843960,1790756849623,1790756869664,1
bench_verify,main,9,1,honest,main-0363,1790749563771,1790756878068,1790756883669,1790756903680,1
bench_verify,main,9,1,pressure,main-0363,1790749635750,1790756911950,1790756917556,1790756939079,1
bench_verify,main,9,1,cheater,main-0363,1790749708954,1790756947351,1790756953281,1790756974292,1
bench_verify,main,9,1,line-0,main-0364,1790749740425,1790756982551,1790756988470,1790757007529,1
bench_verify,main,9,1,honest,main-0364,1790749825010,1790757016216,1790757022034,1790757041879,1
bench_verify,main,9,1,pressure,main-0364,1790749915413,1790757050592,1790757056374,1790757077161,1
bench_verify,main,9,1,cheater,main-0364,1790749990103,1790757085810,1790757091698,1790757111190,1
bench_verify,main,9,1,line-0,main-0399,1790750020917,1790757120155,1790757125793,1790757147258,1
bench_verify,main,9,1,honest,main-0399,1790750067900,1790757155590,1790757161408,1790757180978,1
bench_verify,main,9,1,pressure,main-0399,1790750102618,1790757190231,1790757195929,1790757215925,1
bench_verify,main,9,1,cheater,main-0399,1790750153549,1790757224351,1790757230006,1790757251876,1
bench_verify,main,9,1,line-0,main-0424,1790750183692,1790757261718,1790757267222,1790757288303,1
bench_verify,main,9,1,honest,main-0424,1790750226592,1790757296973,1790757302660,1790757323276,1
bench_verify,main,9,1,pressure,main-0424,1790750309444,1790757332091,1790757337739,1790757360313,1
bench_verify,main,9,1,cheater,main-0424,1790750363735,1790757370304,1790757375991,1790757397698,1
bench_verify,main,9,1,line-0,main-0430,1790750396486,1790757406083,1790757411782,1790757434491,1
bench_verify,main,9,1,honest,main-0430,1790750439202,1790757443735,1790757449660,1790757471673,1
bench_verify,main,9,1,pressure,main-0430,1790750486199,1790757480029,1790757485722,1790757506145,1
bench_verify,main,9,1,cheater,main-0430,1790750545621,1790757515032,1790757520852,1790757542029,1
bench_attempt,main,10,1,line-0,main-0452,1790757622045,1790757647470,1790757698417,1790757713735,1
bench_attempt,main,10,1,honest,main-0452,1790757622154,1790757721681,1790757729969,1790757789008,1
bench_attempt,main,10,1,pressure,main-0452,1790757622261,1790757798992,1790757807539,1790757827682,1
bench_attempt,main,10,1,cheater,main-0452,1790757622368,1790757837289,1790757845759,1790757868208,1
bench_attempt,main,10,1,line-0,main-0453,1790757622474,1790757876163,1790757884859,1790757900288,1
bench_attempt,main,10,1,honest,main-0453,1790757622621,1790757910060,1790757923081,1790757944815,1
bench_attempt,main,10,1,pressure,main-0453,1790757622726,1790757954003,1790757968976,1790757988659,1
bench_attempt,main,10,1,cheater,main-0453,1790757622834,1790757996641,1790758005356,1790758027472,1
bench_attempt,main,10,1,line-0,main-0454,1790757622941,1790758037240,1790758045634,1790758059888,1
bench_attempt,main,10,1,honest,main-0454,1790757623048,1790758068248,1790758076558,1790758097004,1
bench_attempt,main,10,1,pressure,main-0454,1790757623156,1790758106613,1790758114811,1790758143684,1
bench_attempt,main,10,1,cheater,main-0454,1790757623304,1790758151558,1790758160226,1790758183560,1
bench_attempt,main,10,1,line-0,main-0455,1790757623407,1790758192725,1790758200987,1790758216795,1
bench_attempt,main,10,1,honest,main-0455,1790757623523,1790758226200,1790758239393,1790758263385,1
bench_attempt,main,10,1,pressure,main-0455,1790757623631,1790758272686,1790758280643,1790758298807,1
bench_attempt,main,10,1,cheater,main-0455,1790757623737,1790758308139,1790758316654,1790758340514,1
bench_attempt,main,10,1,line-0,main-0456,1790757623844,1790758348310,1790758356544,1790758370839,1
bench_attempt,main,10,1,honest,main-0456,1790757623948,1790758378806,1790758386839,1790758404110,1
bench_attempt,main,10,1,pressure,main-0456,1790757624096,1790758413682,1790758421574,1790758438756,1
bench_attempt,main,10,1,cheater,main-0456,1790757624201,1790758448619,1790758456771,1790758478974,1
bench_attempt,main,10,1,line-0,main-0457,1790757624309,1790758488680,1790758501370,1790758515727,1
bench_attempt,main,10,1,honest,main-0457,1790757624415,1790758526913,1790758535371,1790758605762,1
bench_attempt,main,10,1,pressure,main-0457,1790757624528,1790758613807,1790758622282,1790758668427,1
bench_attempt,main,10,1,cheater,main-0457,1790757624636,1790758679448,1790758687783,1790758722390,1
bench_attempt,main,10,1,line-0,main-0458,1790757624741,1790758732307,1790758740084,1790758755883,1
bench_attempt,main,10,1,honest,main-0458,1790757624889,1790758765169,1790758773099,1790758796333,1
bench_attempt,main,10,1,pressure,main-0458,1790757624991,1790758804878,1790758817926,1790758834305,1
bench_attempt,main,10,1,cheater,main-0458,1790757625096,1790758843896,1790758852378,1790758872880,1
bench_attempt,main,10,1,line-0,main-0459,1790757625202,1790758881998,1790758890609,1790758905187,1
bench_attempt,main,10,1,honest,main-0459,1790757625308,1790758914372,1790758922328,1790758946318,1
bench_attempt,main,10,1,pressure,main-0459,1790757625416,1790758955707,1790758964178,1790758986331,1
bench_attempt,main,10,1,cheater,main-0459,1790757625564,1790758995591,1790759003840,1790759025544,1
bench_attempt,main,10,1,line-0,main-0460,1790757625665,1790759035104,1790759043409,1790759057683,1
bench_attempt,main,10,1,honest,main-0460,1790757625769,1790759065990,1790759074085,1790759091914,1
bench_attempt,main,10,1,pressure,main-0460,1790757625876,1790759100276,1790759108391,1790759125665,1
bench_attempt,main,10,1,cheater,main-0460,1790757625981,1790759135232,1790759143453,1790759164730,1
bench_attempt,main,10,1,line-0,main-0461,1790757626086,1790759175138,1790759183880,1790759198732,1
bench_attempt,main,10,1,honest,main-0461,1790757626230,1790759206586,1790759214726,1790759231685,1
bench_attempt,main,10,1,pressure,main-0461,1790757626332,1790759240989,1790759248964,1790759266372,1
bench_attempt,main,10,1,cheater,main-0461,1790757626436,1790759275613,1790759283409,1790759305661,1
bench_attempt,main,10,1,line-0,main-0463,1790757626542,1790759315785,1790759323848,1790759339456,1
bench_attempt,main,10,1,honest,main-0463,1790757626649,1790759347475,1790759355967,1790759379997,1
bench_attempt,main,10,1,pressure,main-0463,1790757626755,1790759387866,1790759396053,1790759418038,1
bench_attempt,main,10,1,cheater,main-0463,1790757626901,1790759427777,1790759436409,1790759456752,1
bench_attempt,main,10,1,line-0,main-0464,1790757627003,1790759465811,1790759474588,1790759488518,1
bench_attempt,main,10,1,honest,main-0464,1790757627106,1790759496446,1790759504788,1790759534671,1
bench_attempt,main,10,1,pressure,main-0464,1790757627212,1790759543761,1790759552335,1790759578198,1
bench_attempt,main,10,1,cheater,main-0464,1790757627318,1790759586078,1790759594724,1790759624154,1
bench_attempt,main,10,1,line-0,main-0465,1790757627423,1790759634601,1790759642997,1790759659206,1
bench_attempt,main,10,1,honest,main-0465,1790757627568,1790759669308,1790759677599,1790759722972,1
bench_attempt,main,10,1,pressure,main-0465,1790757627670,1790759732036,1790759740772,1790759771640,1
bench_attempt,main,10,1,cheater,main-0465,1790757627772,1790759779968,1790759787960,1790759819642,1
bench_attempt,main,10,1,line-0,main-0466,1790757627876,1790759829246,1790759837617,1790759853277,1
bench_attempt,main,10,1,honest,main-0466,1790757627980,1790759862845,1790759871261,1790759911789,1
bench_attempt,main,10,1,pressure,main-0466,1790757628085,1790759921216,1790759929895,1790759963370,1
bench_attempt,main,10,1,cheater,main-0466,1790757628229,1790759973121,1790759981688,1790760009972,1
bench_attempt,main,10,1,line-0,main-0467,1790757628331,1790760021109,1790760029271,1790760045033,1
bench_attempt,main,10,1,honest,main-0467,1790757628433,1790760054306,1790760062470,1790760096116,1
bench_attempt,main,10,1,pressure,main-0467,1790757628540,1790760107152,1790760115404,1790760150830,1
bench_attempt,main,10,1,cheater,main-0467,1790757628650,1790760159026,1790760166839,1790760207372,1
bench_attempt,main,10,1,line-0,main-0469,1790757628751,1790760215495,1790760223867,1790760238469,1
bench_attempt,main,10,1,honest,main-0469,1790757628895,1790760247900,1790760256246,1790760275212,1
bench_attempt,main,10,1,pressure,main-0469,1790757628997,1790760283163,1790760291248,1790760315145,1
bench_attempt,main,10,1,cheater,main-0469,1790757629100,1790760323749,1790760332032,1790760366639,1
bench_attempt,main,10,1,line-0,main-0471,1790757629204,1790760376146,1790760384509,1790760401005,1
bench_attempt,main,10,1,honest,main-0471,1790757629311,1790760411492,1790760420142,1790760443792,1
bench_attempt,main,10,1,pressure,main-0471,1790757629417,1790760452066,1790760460420,1790760483038,1
bench_attempt,main,10,1,cheater,main-0471,1790757629561,1790760492993,1790760501609,1790760522780,1
bench_attempt,main,10,1,line-0,main-0472,1790757629664,1790760531927,1790760540885,1790760557073,1
bench_attempt,main,10,1,honest,main-0472,1790757629767,1790760566617,1790760575145,1790760599266,1
bench_attempt,main,10,1,pressure,main-0472,1790757629870,1790760608771,1790760616803,1790760644794,1
bench_attempt,main,10,1,cheater,main-0472,1790757629976,1790760652787,1790760661119,1790760686087,1
bench_attempt,main,10,1,line-0,main-0473,1790757630082,1790760695248,1790760703673,1790760719471,1
bench_attempt,main,10,1,honest,main-0473,1790757630227,1790760729003,1790760737477,1790760756835,1
bench_attempt,main,10,1,pressure,main-0473,1790757630328,1790760764859,1790760773042,1790760791540,1
bench_attempt,main,10,1,cheater,main-0473,1790757630431,1790760802226,1790760810342,1790760832998,1
bench_attempt,main,10,1,line-0,main-0474,1790757630535,1790760840646,1790760849041,1790760867967,1
bench_attempt,main,10,1,honest,main-0474,1790757630640,1790760879274,1790760887596,1790760916149,1
bench_attempt,main,10,1,pressure,main-0474,1790757630745,1790760925649,1790760934039,1790760968891,1
bench_attempt,main,10,1,cheater,main-0474,1790757630889,1790760978367,1790760986669,1790761016784,1
bench_attempt,main,10,1,line-0,main-0475,1790757630992,1790761027078,1790761035507,1790761050339,1
bench_attempt,main,10,1,honest,main-0475,1790757631096,1790761061052,1790761069140,1790761116972,1
bench_attempt,main,10,1,pressure,main-0475,1790757631200,1790761126156,1790761138741,1790761185768,1
bench_attempt,main,10,1,cheater,main-0475,1790757631305,1790761193039,1790761201530,1790761237296,1
bench_attempt,main,10,1,line-0,main-0476,1790757631412,1790761245979,1790761253938,1790761269729,1
bench_attempt,main,10,1,honest,main-0476,1790757631560,1790761280381,1790761288697,1790761324977,1
bench_attempt,main,10,1,pressure,main-0476,1790757631661,1790761333989,1790761342126,1790761376854,1
bench_attempt,main,10,1,cheater,main-0476,1790757631763,1790761386557,1790761394857,1790761435245,1
bench_attempt,main,10,1,line-0,main-0477,1790757631867,1790761443145,1790761451776,1790761465859,1
bench_attempt,main,10,1,honest,main-0477,1790757631972,1790761473801,1790761482070,1790761507976,1
bench_attempt,main,10,1,pressure,main-0477,1790757632077,1790761515772,1790761524063,1790761546895,1
bench_attempt,main,10,1,cheater,main-0477,1790757632222,1790761554910,1790761563168,1790761589826,1
bench_attempt,main,10,1,line-0,main-0478,1790757632323,1790761598660,1790761607405,1790761622168,1
bench_attempt,main,10,1,honest,main-0478,1790757632424,1790761630438,1790761639156,1790761664115,1
bench_attempt,main,10,1,pressure,main-0478,1790757632527,1790761673052,1790761681559,1790761702573,1
bench_attempt,main,10,1,cheater,main-0478,1790757632630,1790761711212,1790761719555,1790761741519,1
bench_attempt,main,10,1,line-0,main-0479,1790757632734,1790761751292,1790761759903,1790761773882,1
bench_attempt,main,10,1,honest,main-0479,1790757632878,1790761781835,1790761790044,1790761808098,1
bench_attempt,main,10,1,pressure,main-0479,1790757632979,1790761817343,1790761825591,1790761847228,1
bench_attempt,main,10,1,cheater,main-0479,1790757633080,1790761857506,1790761865958,1790761886465,1
bench_attempt,main,10,1,line-0,main-0480,1790757633182,1790761895705,1790761904048,1790761919792,1
bench_attempt,main,10,1,honest,main-0480,1790757633286,1790761929058,1790761937278,1790761960028,1
bench_attempt,main,10,1,pressure,main-0480,1790757633391,1790761969630,1790761977912,1790762001232,1
bench_attempt,main,10,1,cheater,main-0480,1790757633534,1790762010611,1790762018706,1790762041652,1
bench_attempt,main,10,1,line-0,main-0481,1790757633641,1790762050591,1790762059117,1790762073599,1
bench_attempt,main,10,1,honest,main-0481,1790757633752,1790762082806,1790762091071,1790762108842,1
bench_attempt,main,10,1,pressure,main-0481,1790757633862,1790762118083,1790762126288,1790762148154,1
bench_attempt,main,10,1,cheater,main-0481,1790757633970,1790762156552,1790762164935,1790762187422,1
bench_attempt,main,10,1,line-0,main-0482,1790757634078,1790762197595,1790762205731,1790762222218,1
bench_attempt,main,10,1,honest,main-0482,1790757634225,1790762230667,1790762239050,1790762256469,1
bench_attempt,main,10,1,pressure,main-0482,1790757634327,1790762266902,1790762275184,1790762297914,1
bench_attempt,main,10,1,cheater,main-0482,1790757634429,1790762307199,1790762315875,1790762336901,1
bench_attempt,main,10,1,line-0,main-0483,1790757634532,1790762346189,1790762354810,1790762369153,1
bench_attempt,main,10,1,honest,main-0483,1790757634638,1790762377307,1790762385466,1790762403646,1
bench_attempt,main,10,1,pressure,main-0483,1790757634744,1790762411822,1790762420223,1790762446415,1
bench_attempt,main,10,1,cheater,main-0483,1790757634888,1790762456112,1790762464788,1790762490584,1
bench_attempt,main,10,1,line-0,main-0484,1790757634989,1790762498392,1790762506843,1790762522927,1
bench_attempt,main,10,1,honest,main-0484,1790757635091,1790762530908,1790762538689,1790762560986,1
bench_attempt,main,10,1,pressure,main-0484,1790757635194,1790762571185,1790762579330,1790762609016,1
bench_attempt,main,10,1,cheater,main-0484,1790757635298,1790762618436,1790762626878,1790762656894,1
bench_attempt,main,10,1,line-0,main-0485,1790757635404,1790762664851,1790762673493,1790762687752,1
bench_attempt,main,10,1,honest,main-0485,1790757635549,1790762696135,1790762704414,1790762734501,1
bench_attempt,main,10,1,pressure,main-0485,1790757635650,1790762742431,1790762751095,1790762776734,1
bench_attempt,main,10,1,cheater,main-0485,1790757635752,1790762786087,1790762799107,1790762826396,1
bench_attempt,main,10,1,line-0,main-0486,1790757635855,1790762835360,1790762843419,1790762859158,1
bench_attempt,main,10,1,honest,main-0486,1790757635959,1790762868539,1790762876690,1790762897061,1
bench_attempt,main,10,1,pressure,main-0486,1790757636064,1790762907102,1790762915802,1790762934151,1
bench_attempt,main,10,1,cheater,main-0486,1790757636209,1790762942467,1790762951243,1790762971986,1
bench_attempt,main,10,1,line-0,main-0487,1790757636310,1790762981307,1790762989912,1790763004883,1
bench_attempt,main,10,1,honest,main-0487,1790757636411,1790763014291,1790763022452,1790763040845,1
bench_attempt,main,10,1,pressure,main-0487,1790757636514,1790763048512,1790763056511,1790763079764,1
bench_attempt,main,10,1,cheater,main-0487,1790757636618,1790763089137,1790763097416,1790763120256,1
bench_attempt,main,10,1,line-0,main-0488,1790757636723,1790763130030,1790763138174,1790763154850,1
bench_attempt,main,10,1,honest,main-0488,1790757636869,1790763164091,1790763172373,1790763197152,1
bench_attempt,main,10,1,pressure,main-0488,1790757636970,1790763205176,1790763213361,1790763243617,1
bench_attempt,main,10,1,cheater,main-0488,1790757637072,1790763252756,1790763261181,1790763292201,1
bench_attempt,main,10,1,line-0,main-0489,1790757637176,1790763300420,1790763308829,1790763324792,1
bench_attempt,main,10,1,honest,main-0489,1790757637280,1790763334292,1790763342467,1790763366061,1
bench_attempt,main,10,1,pressure,main-0489,1790757637386,1790763375461,1790763384072,1790763407419,1
bench_attempt,main,10,1,cheater,main-0489,1790757637531,1790763416274,1790763425015,1790763446614,1
bench_attempt,main,10,1,line-0,main-0490,1790757637632,1790763455599,1790763464152,1790763478395,1
bench_attempt,main,10,1,honest,main-0490,1790757637734,1790763486451,1790763494835,1790763527822,1
bench_attempt,main,10,1,pressure,main-0490,1790757637837,1790763538240,1790763546536,1790763583128,1
bench_attempt,main,10,1,cheater,main-0490,1790757637941,1790763592574,1790763604902,1790763632653,1
bench_attempt,main,10,1,line-0,main-0491,1790757638046,1790763642895,1790763651147,1790763666914,1
bench_attempt,main,10,1,honest,main-0491,1790757638190,1790763676386,1790763684655,1790763721708,1
bench_attempt,main,10,1,pressure,main-0491,1790757638291,1790763730896,1790763739328,1790763772383,1
bench_attempt,main,10,1,cheater,main-0491,1790757638392,1790763781819,1790763790341,1790763826365,1
bench_attempt,main,10,1,line-0,main-0492,1790757638494,1790763836655,1790763849299,1790763863310,1
bench_attempt,main,10,1,honest,main-0492,1790757638596,1790763871358,1790763879655,1790763929985,1
bench_attempt,main,10,1,pressure,main-0492,1790757638705,1790763939016,1790763947141,1790763989697,1
bench_attempt,main,10,1,cheater,main-0492,1790757638850,1790763998666,1790764011146,1790764033202,1
bench_attempt,main,10,1,line-0,main-0493,1790757638950,1790764042072,1790764054762,1790764069261,1
bench_attempt,main,10,1,honest,main-0493,1790757639051,1790764077457,1790764085587,1790764111336,1
bench_attempt,main,10,1,pressure,main-0493,1790757639153,1790764119304,1790764128001,1790764150365,1
bench_attempt,main,10,1,cheater,main-0493,1790757639256,1790764158387,1790764167068,1790764191890,1
bench_attempt,main,10,1,line-0,main-0494,1790757639361,1790764199982,1790764212572,1790764226671,1
bench_attempt,main,10,1,honest,main-0494,1790757639505,1790764234768,1790764242966,1790764270928,1
bench_attempt,main,10,1,pressure,main-0494,1790757639609,1790764279052,1790764287603,1790764317121,1
bench_attempt,main,10,1,cheater,main-0494,1790757639710,1790764326941,1790764335103,1790764359447,1
bench_attempt,main,10,1,line-0,main-0495,1790757639812,1790764366644,1790764375270,1790764389962,1
bench_attempt,main,10,1,honest,main-0495,1790757639915,1790764399671,1790764412156,1790764460186,1
bench_attempt,main,10,1,pressure,main-0495,1790757640020,1790764469897,1790764482923,1790764519434,1
bench_attempt,main,10,1,cheater,main-0495,1790757640164,1790764527437,1790764536050,1790764577235,1
bench_attempt,main,10,1,line-0,main-0496,1790757640266,1790764585347,1790764593556,1790764609236,1
bench_attempt,main,10,1,honest,main-0496,1790757640368,1790764618743,1790764626851,1790764695794,1
bench_attempt,main,10,1,pressure,main-0496,1790757640471,1790764703999,1790764712096,1790764740984,1
bench_attempt,main,10,1,cheater,main-0496,1790757640575,1790764749096,1790764761601,1790764792692,1
bench_attempt,main,10,1,line-0,main-0497,1790757640681,1790764802403,1790764811121,1790764825817,1
bench_attempt,main,10,1,honest,main-0497,1790757640826,1790764834257,1790764842365,1790764861860,1
bench_attempt,main,10,1,pressure,main-0497,1790757640932,1790764872063,1790764880265,1790764900006,1
bench_attempt,main,10,1,cheater,main-0497,1790757641034,1790764908265,1790764916946,1790764939649,1
bench_attempt,main,10,1,line-0,main-0498,1790757641136,1790764949531,1790764957771,1790764973217,1
bench_attempt,main,10,1,honest,main-0498,1790757641240,1790764981376,1790764989941,1790765006202,1
bench_attempt,main,10,1,pressure,main-0498,1790757641345,1790765015748,1790765024217,1790765045588,1
bench_attempt,main,10,1,cheater,main-0498,1790757641489,1790765056273,1790765065050,1790765085819,1
bench_attempt,main,10,1,line-0,main-0499,1790757641590,1790765095411,1790765103916,1790765118414,1
bench_attempt,main,10,1,honest,main-0499,1790757641691,1790765127903,1790765136485,1790765162522,1
bench_attempt,main,10,1,pressure,main-0499,1790757641793,1790765170777,1790765179363,1790765201093,1
bench_attempt,main,10,1,cheater,main-0499,1790757641896,1790765210941,1790765224809,1790765250482,1
bench_attempt,main,10,1,line-0,main-0442,1790757642001,1790765260765,1790765268985,1790765284986,1
bench_attempt,main,10,1,honest,main-0442,1790757642145,1790765294823,1790765302948,1790765343708,1
bench_attempt,main,10,1,pressure,main-0442,1790757642246,1790765351794,1790765364818,1790765435603,1
bench_attempt,main,10,1,cheater,main-0442,1790757642347,1790765443776,1790765452342,1790765525534,1
bench_attempt,main,10,1,line-0,main-0445,1790757642449,1790765533764,1790765546275,1790765560418,1
bench_attempt,main,10,1,honest,main-0445,1790757642551,1790765568551,1790765577229,1790765619284,1
bench_attempt,main,10,1,pressure,main-0445,1790757642655,1790765628644,1790765641335,1790765700773,1
bench_attempt,main,10,1,cheater,main-0445,1790757642798,1790765710276,1790765718385,1790765762488,1
bench_attempt,main,10,1,line-0,main-0462,1790757642898,1790765772178,1790765780496,1790765796746,1
bench_attempt,main,10,1,honest,main-0462,1790757642999,1790765806169,1790765814313,1790765831886,1
bench_attempt,main,10,1,pressure,main-0462,1790757643101,1790765842181,1790765850379,1790765870143,1
bench_attempt,main,10,1,cheater,main-0462,1790757643204,1790765879747,1790765888197,1790765929413,1
bench_attempt,main,10,1,line-0,main-0468,1790757643308,1790765937781,1790765946221,1790765962105,1
bench_attempt,main,10,1,honest,main-0468,1790757643451,1790765972364,1790765980573,1790766027204,1
bench_attempt,main,10,1,pressure,main-0468,1790757643552,1790766035310,1790766043552,1790766100206,1
bench_attempt,main,10,1,cheater,main-0468,1790757643653,1790766108309,1790766116647,1790766177895,1
bench_attempt,main,10,1,line-0,main-0470,1790757643757,1790766187568,1790766195873,1790766211924,1
bench_attempt,main,10,1,honest,main-0470,1790757643861,1790766221423,1790766229691,1790766259546,1
bench_attempt,main,10,1,pressure,main-0470,1790757643966,1790766267511,1790766275865,1790766293984,1
bench_attempt,main,10,1,cheater,main-0470,1790757644110,1790766303427,1790766311590,1790766350369,1
bench_verify,main,10,1,line-0,main-0452,1790757724786,1790766358340,1790766371093,1790766391419,1
bench_verify,main,10,1,honest,main-0452,1790757802136,1790766400017,1790766406063,1790766426471,1
bench_verify,main,10,1,pressure,main-0452,1790757840491,1790766435033,1790766441081,1790766461430,1
bench_verify,main,10,1,cheater,main-0452,1790757879534,1790766469978,1790766475624,1790766497401,1
bench_verify,main,10,1,line-0,main-0453,1790757913304,1790766505828,1790766511605,1790766532285,1
bench_verify,main,10,1,honest,main-0453,1790757957670,1790766540800,1790766546916,1790766567401,1
bench_verify,main,10,1,pressure,main-0453,1790757999785,1790766575947,1790766581650,1790766602489,1
bench_verify,main,10,1,cheater,main-0453,1790758040314,1790766610902,1790766617060,1790766637300,1
bench_verify,main,10,1,line-0,main-0454,1790758071328,1790766645819,1790766651907,1790766672697,1
bench_verify,main,10,1,honest,main-0454,1790758109720,1790766681263,1790766687213,1790766707635,1
bench_verify,main,10,1,pressure,main-0454,1790758154610,1790766716115,1790766722221,1790766742964,1
bench_verify,main,10,1,cheater,main-0454,1790758195729,1790766751537,1790766757570,1790766777988,1
bench_verify,main,10,1,line-0,main-0455,1790758229645,1790766786677,1790766792617,1790766813678,1
bench_verify,main,10,1,honest,main-0455,1790758275803,1790766822271,1790766828286,1790766850583,1
bench_verify,main,10,1,pressure,main-0455,1790758311280,1790766859104,1790766865144,1790766885454,1
bench_verify,main,10,1,cheater,main-0455,1790758351425,1790766894058,1790766899983,1790766921707,1
bench_verify,main,10,1,line-0,main-0456,1790758381907,1790766930679,1790766936792,1790766957162,1
bench_verify,main,10,1,honest,main-0456,1790758416774,1790766965841,1790766971844,1790766992704,1
bench_verify,main,10,1,pressure,main-0456,1790758451814,1790767001168,1790767007284,1790767027519,1
bench_verify,main,10,1,cheater,main-0456,1790758491921,1790767036049,1790767042112,1790767062668,1
bench_verify,main,10,1,line-0,main-0457,1790758529988,1790767071412,1790767077213,1790767097842,1
bench_verify,main,10,1,honest,main-0457,1790758617017,1790767106351,1790767112391,1790767133139,1
bench_verify,main,10,1,pressure,main-0457,1790758682567,1790767141744,1790767147803,1790767169474,1
bench_verify,main,10,1,cheater,main-0457,1790758735384,1790767177977,1790767184082,1790767204835,1
bench_verify,main,10,1,line-0,main-0458,1790758768241,1790767213571,1790767219510,1790767239801,1
bench_verify,main,10,1,honest,main-0458,1790758807936,1790767248401,1790767254200,1790767275712,1
bench_verify,main,10,1,pressure,main-0458,1790758846997,1790767284360,1790767290303,1790767311720,1
bench_verify,main,10,1,cheater,main-0458,1790758885149,1790767322257,1790767328062,1790767348847,1
bench_verify,main,10,1,line-0,main-0459,1790758917549,1790767357481,1790767363501,1790767384295,1
bench_verify,main,10,1,honest,main-0459,1790758958905,1790767393336,1790767399498,1790767420293,1
bench_verify,main,10,1,pressure,main-0459,1790758998670,1790767428951,1790767434980,1790767455796,1
bench_verify,main,10,1,cheater,main-0459,1790759038134,1790767464785,1790767470566,1790767492236,1
bench_verify,main,10,1,line-0,main-0460,1790759069072,1790767500784,1790767506811,1790767528527,1
bench_verify,main,10,1,honest,main-0460,1790759103484,1790767537100,1790767543127,1790767563881,1
bench_verify,main,10,1,pressure,main-0460,1790759138361,1790767572483,1790767578516,1790767599670,1
bench_verify,main,10,1,cheater,main-0460,1790759178275,1790767608287,1790767614226,1790767635023,1
bench_verify,main,10,1,line-0,main-0461,1790759209747,1790767643636,1790767649621,1790767670310,1
bench_verify,main,10,1,honest,main-0461,1790759244177,1790767679277,1790767685006,1790767707175,1
bench_verify,main,10,1,pressure,main-0461,1790759278644,1790767716606,1790767722591,1790767742983,1
bench_verify,main,10,1,cheater,main-0461,1790759318986,1790767751409,1790767757510,1790767777931,1
bench_verify,main,10,1,line-0,main-0463,1790759350567,1790767786425,1790767792556,1790767813377,1
bench_verify,main,10,1,honest,main-0463,1790759391074,1790767822035,1790767828028,1790767848830,1
bench_verify,main,10,1,pressure,main-0463,1790759430967,1790767857986,1790767863944,1790767884709,1
bench_verify,main,10,1,cheater,main-0463,1790759468999,1790767893395,1790767899521,1790767920273,1
bench_verify,main,10,1,line-0,main-0464,1790759499618,1790767929013,1790767934801,1790767956616,1
bench_verify,main,10,1,honest,main-0464,1790759546987,1790767966441,1790767972500,1790767993837,1
bench_verify,main,10,1,pressure,main-0464,1790759589353,1790768002433,1790768008494,1790768029280,1
bench_verify,main,10,1,cheater,main-0464,1790759637794,1790768037859,1790768043645,1790768065324,1
bench_verify,main,10,1,line-0,main-0465,1790759672408,1790768075290,1790768081318,1790768101750,1
bench_verify,main,10,1,honest,main-0465,1790759735220,1790768110518,1790768116422,1790768138199,1
bench_verify,main,10,1,pressure,main-0465,1790759783186,1790768146718,1790768152959,1790768173797,1
bench_verify,main,10,1,cheater,main-0465,1790759832554,1790768182582,1790768188459,1790768210317,1
bench_verify,main,10,1,line-0,main-0466,1790759866025,1790768218894,1790768225025,1790768245415,1
bench_verify,main,10,1,honest,main-0466,1790759924387,1790768253989,1790768259936,1790768280757,1
bench_verify,main,10,1,pressure,main-0466,1790759976264,1790768289412,1790768295510,1790768316700,1
bench_verify,main,10,1,cheater,main-0466,1790760024250,1790768325300,1790768331399,1790768351830,1
bench_verify,main,10,1,line-0,main-0467,1790760057488,1790768360593,1790768366397,1790768387144,1
bench_verify,main,10,1,honest,main-0467,1790760110356,1790768395829,1790768401815,1790768422163,1
bench_verify,main,10,1,pressure,main-0467,1790760162021,1790768430793,1790768436809,1790768457808,1
bench_verify,main,10,1,cheater,main-0467,1790760218527,1790768466466,1790768472580,1790768493476,1
bench_verify,main,10,1,line-0,main-0469,1790760251083,1790768502160,1790768508376,1790768528795,1
bench_verify,main,10,1,honest,main-0469,1790760286267,1790768537358,1790768543373,1790768564112,1
bench_verify,main,10,1,pressure,main-0469,1790760326938,1790768572742,1790768578708,1790768599415,1
bench_verify,main,10,1,cheater,main-0469,1790760379342,1790768609035,1790768615030,1790768636444,1
bench_verify,main,10,1,line-0,main-0471,1790760414657,1790768645046,1790768651130,1790768671945,1
bench_verify,main,10,1,honest,main-0471,1790760455233,1790768680607,1790768686599,1790768708400,1
bench_verify,main,10,1,pressure,main-0471,1790760496153,1790768717506,1790768723484,1790768744371,1
bench_verify,main,10,1,cheater,main-0471,1790760535138,1790768753110,1790768759128,1790768779575,1
bench_verify,main,10,1,line-0,main-0472,1790760569895,1790768788086,1790768794245,1790768814661,1
bench_verify,main,10,1,honest,main-0472,1790760611962,1790768823266,1790768829309,1790768850186,1
bench_verify,main,10,1,pressure,main-0472,1790760655936,1790768858793,1790768864863,1790768885171,1
bench_verify,main,10,1,cheater,main-0472,1790760698463,1790768894229,1790768900382,1790768921329,1
bench_verify,main,10,1,line-0,main-0473,1790760732257,1790768930067,1790768936034,1790768957051,1
bench_verify,main,10,1,honest,main-0473,1790760768060,1790768965705,1790768971716,1790768992547,1
bench_verify,main,10,1,pressure,main-0473,1790760805288,1790769001509,1790769007745,1790769028977,1
bench_verify,main,10,1,cheater,main-0473,1790760843855,1790769037615,1790769043755,1790769064933,1
bench_verify,main,10,1,line-0,main-0474,1790760882409,1790769073886,1790769079674,1790769101463,1
bench_verify,main,10,1,honest,main-0474,1790760928777,1790769110240,1790769116290,1790769138170,1
bench_verify,main,10,1,pressure,main-0474,1790760981649,1790769146862,1790769152757,1790769173662,1
bench_verify,main,10,1,cheater,main-0474,1790761030229,1790769182200,1790769188309,1790769209284,1
bench_verify,main,10,1,line-0,main-0475,1790761064206,1790769218281,1790769224349,1790769246080,1
bench_verify,main,10,1,honest,main-0475,1790761129406,1790769254673,1790769260790,1790769281691,1
bench_verify,main,10,1,pressure,main-0475,1790761196249,1790769290467,1790769296438,1790769318186,1
bench_verify,main,10,1,cheater,main-0475,1790761249135,1790769327013,1790769332928,1790769353876,1
bench_verify,main,10,1,line-0,main-0476,1790761283601,1790769362576,1790769368590,1790769389458,1
bench_verify,main,10,1,honest,main-0476,1790761337004,1790769398199,1790769404224,1790769425234,1
bench_verify,main,10,1,pressure,main-0476,1790761389731,1790769433814,1790769439644,1790769461676,1
bench_verify,main,10,1,cheater,main-0476,1790761446350,1790769471667,1790769477678,1790769498628,1
bench_verify,main,10,1,line-0,main-0477,1790761477029,1790769507577,1790769513520,1790769535297,1
bench_verify,main,10,1,honest,main-0477,1790761518930,1790769543965,1790769550079,1790769571769,1
bench_verify,main,10,1,pressure,main-0477,1790761558040,1790769580417,1790769586459,1790769606941,1
bench_verify,main,10,1,cheater,main-0477,1790761601868,1790769615640,1790769621642,1790769643403,1
bench_verify,main,10,1,line-0,main-0478,1790761633633,1790769651979,1790769658141,1790769679066,1
bench_verify,main,10,1,honest,main-0478,1790761676254,1790769687722,1790769693733,1790769714317,1
bench_verify,main,10,1,pressure,main-0478,1790761714382,1790769723089,1790769729090,1790769749759,1
bench_verify,main,10,1,cheater,main-0478,1790761754498,1790769758603,1790769764556,1790769786321,1
bench_verify,main,10,1,line-0,main-0479,1790761785041,1790769796306,1790769802445,1790769823455,1
bench_verify,main,10,1,honest,main-0479,1790761820589,1790769832164,1790769838204,1790769859113,1
bench_verify,main,10,1,pressure,main-0479,1790761860562,1790769868181,1790769874269,1790769895148,1
bench_verify,main,10,1,cheater,main-0479,1790761898913,1790769904331,1790769910274,1790769930764,1
bench_verify,main,10,1,line-0,main-0480,1790761932236,1790769939404,1790769945751,1790769966699,1
bench_verify,main,10,1,honest,main-0480,1790761972692,1790769975331,1790769981341,1790770002261,1
bench_verify,main,10,1,pressure,main-0480,1790762013693,1790770011381,1790770017396,1790770038459,1
bench_verify,main,10,1,cheater,main-0480,1790762053782,1790770047454,1790770053660,1790770074496,1
bench_verify,main,10,1,line-0,main-0481,1790762085956,1790770083594,1790770089608,1790770111570,1
bench_verify,main,10,1,honest,main-0481,1790762121310,1790770120518,1790770127201,1790770148487,1
bench_verify,main,10,1,pressure,main-0481,1790762159766,1790770157080,1790770163214,1790770183765,1
bench_verify,main,10,1,cheater,main-0481,1790762200752,1790770192368,1790770198411,1790770219327,1
bench_verify,main,10,1,line-0,main-0482,1790762233890,1790770228250,1790770234012,1790770259288,1
bench_verify,main,10,1,honest,main-0482,1790762270112,1790770268095,1790770274002,1790770294907,1
bench_verify,main,10,1,pressure,main-0482,1790762310468,1790770303426,1790770309302,1790770330213,1
bench_verify,main,10,1,cheater,main-0482,1790762349351,1790770338967,1790770345083,1790770365510,1
bench_verify,main,10,1,line-0,main-0483,1790762380329,1790770374179,1790770380177,1790770401248,1
bench_verify,main,10,1,honest,main-0483,1790762415031,1790770410181,1790770415978,1790770436981,1
bench_verify,main,10,1,pressure,main-0483,1790762459328,1790770445719,1790770451785,1790770472742,1
bench_verify,main,10,1,cheater,main-0483,1790762501578,1790770481704,1790770487519,1790770509359,1
bench_verify,main,10,1,line-0,main-0484,1790762533940,1790770518025,1790770524142,1790770544945,1
bench_verify,main,10,1,honest,main-0484,1790762574374,1790770554137,1790770560299,1790770581647,1
bench_verify,main,10,1,pressure,main-0484,1790762621537,1790770590235,1790770596361,1790770617020,1
bench_verify,main,10,1,cheater,main-0484,1790762668064,1790770625773,1790770631701,1790770653762,1
bench_verify,main,10,1,line-0,main-0485,1790762699223,1790770662458,1790770668521,1790770689086,1
bench_verify,main,10,1,honest,main-0485,1790762745619,1790770697715,1790770704195,1790770725664,1
bench_verify,main,10,1,pressure,main-0485,1790762789283,1790770735506,1790770740964,1790770762821,1
bench_verify,main,10,1,cheater,main-0485,1790762838493,1790770772788,1790770778536,1790770800534,1
bench_verify,main,10,1,line-0,main-0486,1790762871780,1790770809289,1790770815294,1790770836206,1
bench_verify,main,10,1,honest,main-0486,1790762910227,1790770844920,1790770850978,1790770872573,1
bench_verify,main,10,1,pressure,main-0486,1790762945741,1790770881267,1790770887406,1790770908498,1
bench_verify,main,10,1,cheater,main-0486,1790762984344,1790770917273,1790770923294,1790770944254,1
bench_verify,main,10,1,line-0,main-0487,1790763017467,1790770953099,1790770959029,1790770979679,1
bench_verify,main,10,1,honest,main-0487,1790763051696,1790770988431,1790770994450,1790771016472,1
bench_verify,main,10,1,pressure,main-0487,1790763092255,1790771025110,1790771031147,1790771051792,1
bench_verify,main,10,1,cheater,main-0487,1790763133189,1790771060492,1790771066527,1790771088253,1
bench_verify,main,10,1,line-0,main-0488,1790763167195,1790771096810,1790771102663,1790771124610,1
bench_verify,main,10,1,honest,main-0488,1790763208328,1790771133235,1790771139334,1790771161207,1
bench_verify,main,10,1,pressure,main-0488,1790763255902,1790771169921,1790771176039,1790771197086,1
bench_verify,main,10,1,cheater,main-0488,1790763303662,1790771206174,1790771212330,1790771233700,1
bench_verify,main,10,1,line-0,main-0489,1790763337459,1790771242492,1790771248540,1790771269589,1
bench_verify,main,10,1,honest,main-0489,1790763378662,1790771278333,1790771284430,1790771305463,1
bench_verify,main,10,1,pressure,main-0489,1790763419419,1790771314102,1790771320231,1790771341192,1
bench_verify,main,10,1,cheater,main-0489,1790763458784,1790771350229,1790771356092,1790771377963,1
bench_verify,main,10,1,line-0,main-0490,1790763489700,1790771386747,1790771392780,1790771413633,1
bench_verify,main,10,1,honest,main-0490,1790763541351,1790771422464,1790771428434,1790771449505,1
bench_verify,main,10,1,pressure,main-0490,1790763595879,1790771458300,1790771464578,1790771485728,1
bench_verify,main,10,1,cheater,main-0490,1790763646122,1790771494600,1790771500612,1790771521622,1
bench_verify,main,10,1,line-0,main-0491,1790763679609,1790771530341,1790771536153,1790771558124,1
bench_verify,main,10,1,honest,main-0491,1790763734099,1790771566978,1790771574455,1790771595485,1
bench_verify,main,10,1,pressure,main-0491,1790763785111,1790771604336,1790771610420,1790771631521,1
bench_verify,main,10,1,cheater,main-0491,1790763839924,1790771640854,1790771646764,1790771668698,1
bench_verify,main,10,1,line-0,main-0492,1790763874673,1790771679134,1790771685320,1790771706479,1
bench_verify,main,10,1,honest,main-0492,1790763942141,1790771715799,1790771721719,1790771742896,1
bench_verify,main,10,1,pressure,main-0492,1790764001824,1790771751794,1790771757936,1790771779032,1
bench_verify,main,10,1,cheater,main-0492,1790764045345,1790771787847,1790771793813,1790771814828,1
bench_verify,main,10,1,line-0,main-0493,1790764080517,1790771823553,1790771829757,1790771850171,1
bench_verify,main,10,1,honest,main-0493,1790764122521,1790771859511,1790771865401,1790771886330,1
bench_verify,main,10,1,pressure,main-0493,1790764161570,1790771895013,1790771901174,1790771923063,1
bench_verify,main,10,1,cheater,main-0493,1790764203054,1790771931940,1790771940569,1790771961164,1
bench_verify,main,10,1,line-0,main-0494,1790764237964,1790771970294,1790771976362,1790771998367,1
bench_verify,main,10,1,honest,main-0494,1790764282271,1790772007282,1790772013566,1790772034475,1
bench_verify,main,10,1,pressure,main-0494,1790764330123,1790772043630,1790772049695,1790772071532,1
bench_verify,main,10,1,cheater,main-0494,1790764369843,1790772080331,1790772086316,1790772107249,1
bench_verify,main,10,1,line-0,main-0495,1790764402954,1790772116140,1790772122035,1790772143158,1
bench_verify,main,10,1,honest,main-0495,1790764473089,1790772152003,1790772157880,1790772179701,1
bench_verify,main,10,1,pressure,main-0495,1790764530677,1790772189824,1790772195828,1790772216701,1
bench_verify,main,10,1,cheater,main-0495,1790764588447,1790772225473,1790772231479,1790772252462,1
bench_verify,main,10,1,line-0,main-0496,1790764621999,1790772261677,1790772267720,1790772288487,1
bench_verify,main,10,1,honest,main-0496,1790764707147,1790772297343,1790772303214,1790772325437,1
bench_verify,main,10,1,pressure,main-0496,1790764752549,1790772335671,1790772341489,1790772363249,1
bench_verify,main,10,1,cheater,main-0496,1790764805680,1790772373327,1790772379300,1790772400168,1
bench_verify,main,10,1,line-0,main-0497,1790764837364,1790772408995,1790772414902,1790772436783,1
bench_verify,main,10,1,honest,main-0497,1790764875260,1790772446850,1790772452858,1790772473703,1
bench_verify,main,10,1,pressure,main-0497,1790764911726,1790772482527,1790772488430,1790772510270,1
bench_verify,main,10,1,cheater,main-0497,1790764952604,1790772520291,1790772526397,1790772547477,1
bench_verify,main,10,1,line-0,main-0498,1790764984460,1790772556349,1790772562594,1790772584395,1
bench_verify,main,10,1,honest,main-0498,1790765018963,1790772593359,1790772599621,1790772620525,1
bench_verify,main,10,1,pressure,main-0498,1790765059463,1790772629450,1790772635330,1790772657168,1
bench_verify,main,10,1,cheater,main-0498,1790765098563,1790772667599,1790772673747,1790772694658,1
bench_verify,main,10,1,line-0,main-0499,1790765131028,1790772703906,1790772709878,1790772731402,1
bench_verify,main,10,1,honest,main-0499,1790765174002,1790772740241,1790772746142,1790772767946,1
bench_verify,main,10,1,pressure,main-0499,1790765214181,1790772778041,1790772783931,1790772805820,1
bench_verify,main,10,1,cheater,main-0499,1790765264111,1790772815941,1790772821975,1790772842893,1
bench_verify,main,10,1,line-0,main-0442,1790765297954,1790772851573,1790772857607,1790772879477,1
bench_verify,main,10,1,honest,main-0442,1790765355085,1790772888116,1790772894126,1790772915212,1
bench_verify,main,10,1,pressure,main-0442,1790765446876,1790772924008,1790772929963,1790772950954,1
bench_verify,main,10,1,cheater,main-0442,1790765536945,1790772959682,1790772965902,1790772986816,1
bench_verify,main,10,1,line-0,main-0445,1790765571861,1790772996196,1790773002482,1790773023396,1
bench_verify,main,10,1,honest,main-0445,1790765631900,1790773032256,1790773038280,1790773059461,1
bench_verify,main,10,1,pressure,main-0445,1790765713476,1790773068322,1790773074315,1790773096144,1
bench_verify,main,10,1,cheater,main-0445,1790765775378,1790773105060,1790773111066,1790773131547,1
bench_verify,main,10,1,line-0,main-0462,1790765809304,1790773140871,1790773147146,1790773168095,1
bench_verify,main,10,1,honest,main-0462,1790765845415,1790773177008,1790773182898,1790773203820,1
bench_verify,main,10,1,pressure,main-0462,1790765882903,1790773212786,1790773218896,1790773239753,1
bench_verify,main,10,1,cheater,main-0462,1790765940961,1790773248545,1790773254541,1790773275768,1
bench_verify,main,10,1,line-0,main-0468,1790765975648,1790773284882,1790773291092,1790773312079,1
bench_verify,main,10,1,honest,main-0468,1790766038391,1790773321380,1790773327673,1790773348707,1
bench_verify,main,10,1,pressure,main-0468,1790766111433,1790773357827,1790773363920,1790773384970,1
bench_verify,main,10,1,cheater,main-0468,1790766190716,1790773394165,1790773400246,1790773422307,1
bench_verify,main,10,1,line-0,main-0470,1790766224671,1790773431038,1790773437119,1790773458181,1
bench_verify,main,10,1,honest,main-0470,1790766270727,1790773466964,1790773472978,1790773494054,1
bench_verify,main,10,1,pressure,main-0470,1790766306549,1790773502964,1790773508802,1790773529957,1
bench_verify,main,10,1,cheater,main-0470,1790766361515,1790773539315,1790773545337,1790773567328,1
